candidate_id,episode_id,variant_id,component,delta,note,final_score
"c=a7a306c4bd0a","I6wCuvvaRPI","NEGATIVE_CONTROL","dim.hook","20","heuristic dimension","67"
"c=a7a306c4bd0a","I6wCuvvaRPI","NEGATIVE_CONTROL","dim.curiosity","50","heuristic dimension","67"
"c=a7a306c4bd0a","I6wCuvvaRPI","NEGATIVE_CONTROL","dim.emotion","71","heuristic dimension","67"
"c=a7a306c4bd0a","I6wCuvvaRPI","NEGATIVE_CONTROL","dim.storytelling","92","heuristic dimension","67"
"c=a7a306c4bd0a","I6wCuvvaRPI","NEGATIVE_CONTROL","dim.standalone","66","heuristic dimension","67"
"c=a7a306c4bd0a","I6wCuvvaRPI","NEGATIVE_CONTROL","dim.shareability","48","heuristic dimension","67"
"c=a7a306c4bd0a","I6wCuvvaRPI","NEGATIVE_CONTROL","dim.clarity","60","heuristic dimension","67"
"c=a7a306c4bd0a","I6wCuvvaRPI","NEGATIVE_CONTROL","dim.controversy","30","heuristic dimension","67"
"c=a7a306c4bd0a","I6wCuvvaRPI","NEGATIVE_CONTROL","dim.teachingValue","46","heuristic dimension","67"
"c=a7a306c4bd0a","I6wCuvvaRPI","NEGATIVE_CONTROL","dim.entertainment","59","heuristic dimension","67"
"c=a7a306c4bd0a","I6wCuvvaRPI","NEGATIVE_CONTROL","base_score","67.5","0.55*drivers + 0.45*gates","67"
"c=a7a306c4bd0a","I6wCuvvaRPI","NEGATIVE_CONTROL","duration_multiplier","0.999","piecewise duration curve","67"
"c=d365924484e8","I6wCuvvaRPI","NEGATIVE_CONTROL","dim.hook","22","heuristic dimension","61"
"c=d365924484e8","I6wCuvvaRPI","NEGATIVE_CONTROL","dim.curiosity","56","heuristic dimension","61"
"c=d365924484e8","I6wCuvvaRPI","NEGATIVE_CONTROL","dim.emotion","68","heuristic dimension","61"
"c=d365924484e8","I6wCuvvaRPI","NEGATIVE_CONTROL","dim.storytelling","75","heuristic dimension","61"
"c=d365924484e8","I6wCuvvaRPI","NEGATIVE_CONTROL","dim.standalone","62","heuristic dimension","61"
"c=d365924484e8","I6wCuvvaRPI","NEGATIVE_CONTROL","dim.shareability","48","heuristic dimension","61"
"c=d365924484e8","I6wCuvvaRPI","NEGATIVE_CONTROL","dim.clarity","59","heuristic dimension","61"
"c=d365924484e8","I6wCuvvaRPI","NEGATIVE_CONTROL","dim.controversy","30","heuristic dimension","61"
"c=d365924484e8","I6wCuvvaRPI","NEGATIVE_CONTROL","dim.teachingValue","51","heuristic dimension","61"
"c=d365924484e8","I6wCuvvaRPI","NEGATIVE_CONTROL","dim.entertainment","59","heuristic dimension","61"
"c=d365924484e8","I6wCuvvaRPI","NEGATIVE_CONTROL","base_score","61.4","0.55*drivers + 0.45*gates","61"
"c=d365924484e8","I6wCuvvaRPI","NEGATIVE_CONTROL","duration_multiplier","0.991","piecewise duration curve","61"
"c=e3b05929187f","I6wCuvvaRPI","NEGATIVE_CONTROL","dim.hook","33","heuristic dimension","68"
"c=e3b05929187f","I6wCuvvaRPI","NEGATIVE_CONTROL","dim.curiosity","69","heuristic dimension","68"
"c=e3b05929187f","I6wCuvvaRPI","NEGATIVE_CONTROL","dim.emotion","54","heuristic dimension","68"
"c=e3b05929187f","I6wCuvvaRPI","NEGATIVE_CONTROL","dim.storytelling","71","heuristic dimension","68"
"c=e3b05929187f","I6wCuvvaRPI","NEGATIVE_CONTROL","dim.standalone","86","heuristic dimension","68"
"c=e3b05929187f","I6wCuvvaRPI","NEGATIVE_CONTROL","dim.shareability","54","heuristic dimension","68"
"c=e3b05929187f","I6wCuvvaRPI","NEGATIVE_CONTROL","dim.clarity","80","heuristic dimension","68"
"c=e3b05929187f","I6wCuvvaRPI","NEGATIVE_CONTROL","dim.controversy","49","heuristic dimension","68"
"c=e3b05929187f","I6wCuvvaRPI","NEGATIVE_CONTROL","dim.teachingValue","51","heuristic dimension","68"
"c=e3b05929187f","I6wCuvvaRPI","NEGATIVE_CONTROL","dim.entertainment","59","heuristic dimension","68"
"c=e3b05929187f","I6wCuvvaRPI","NEGATIVE_CONTROL","base_score","69.2","0.55*drivers + 0.45*gates","68"
"c=e3b05929187f","I6wCuvvaRPI","NEGATIVE_CONTROL","duration_multiplier","0.977","piecewise duration curve","68"
"c=ce939719d2fd","I6wCuvvaRPI","NEGATIVE_CONTROL","dim.hook","46","heuristic dimension","67"
"c=ce939719d2fd","I6wCuvvaRPI","NEGATIVE_CONTROL","dim.curiosity","50","heuristic dimension","67"
"c=ce939719d2fd","I6wCuvvaRPI","NEGATIVE_CONTROL","dim.emotion","60","heuristic dimension","67"
"c=ce939719d2fd","I6wCuvvaRPI","NEGATIVE_CONTROL","dim.storytelling","62","heuristic dimension","67"
"c=ce939719d2fd","I6wCuvvaRPI","NEGATIVE_CONTROL","dim.standalone","86","heuristic dimension","67"
"c=ce939719d2fd","I6wCuvvaRPI","NEGATIVE_CONTROL","dim.shareability","54","heuristic dimension","67"
"c=ce939719d2fd","I6wCuvvaRPI","NEGATIVE_CONTROL","dim.clarity","78","heuristic dimension","67"
"c=ce939719d2fd","I6wCuvvaRPI","NEGATIVE_CONTROL","dim.controversy","30","heuristic dimension","67"
"c=ce939719d2fd","I6wCuvvaRPI","NEGATIVE_CONTROL","dim.teachingValue","66","heuristic dimension","67"
"c=ce939719d2fd","I6wCuvvaRPI","NEGATIVE_CONTROL","dim.entertainment","40","heuristic dimension","67"
"c=ce939719d2fd","I6wCuvvaRPI","NEGATIVE_CONTROL","base_score","67.4","0.55*drivers + 0.45*gates","67"
"c=ce939719d2fd","I6wCuvvaRPI","NEGATIVE_CONTROL","duration_multiplier","1","piecewise duration curve","67"
"c=93b1dc5b6f8a","I6wCuvvaRPI","NEGATIVE_CONTROL","dim.hook","33","heuristic dimension","65"
"c=93b1dc5b6f8a","I6wCuvvaRPI","NEGATIVE_CONTROL","dim.curiosity","56","heuristic dimension","65"
"c=93b1dc5b6f8a","I6wCuvvaRPI","NEGATIVE_CONTROL","dim.emotion","54","heuristic dimension","65"
"c=93b1dc5b6f8a","I6wCuvvaRPI","NEGATIVE_CONTROL","dim.storytelling","88","heuristic dimension","65"
"c=93b1dc5b6f8a","I6wCuvvaRPI","NEGATIVE_CONTROL","dim.standalone","66","heuristic dimension","65"
"c=93b1dc5b6f8a","I6wCuvvaRPI","NEGATIVE_CONTROL","dim.shareability","48","heuristic dimension","65"
"c=93b1dc5b6f8a","I6wCuvvaRPI","NEGATIVE_CONTROL","dim.clarity","65","heuristic dimension","65"
"c=93b1dc5b6f8a","I6wCuvvaRPI","NEGATIVE_CONTROL","dim.controversy","30","heuristic dimension","65"
"c=93b1dc5b6f8a","I6wCuvvaRPI","NEGATIVE_CONTROL","dim.teachingValue","46","heuristic dimension","65"
"c=93b1dc5b6f8a","I6wCuvvaRPI","NEGATIVE_CONTROL","dim.entertainment","40","heuristic dimension","65"
"c=93b1dc5b6f8a","I6wCuvvaRPI","NEGATIVE_CONTROL","base_score","64.7","0.55*drivers + 0.45*gates","65"
"c=93b1dc5b6f8a","I6wCuvvaRPI","NEGATIVE_CONTROL","duration_multiplier","1","piecewise duration curve","65"
"c=7a1ce6c95344","I6wCuvvaRPI","NEGATIVE_CONTROL","dim.hook","46","heuristic dimension","64"
"c=7a1ce6c95344","I6wCuvvaRPI","NEGATIVE_CONTROL","dim.curiosity","69","heuristic dimension","64"
"c=7a1ce6c95344","I6wCuvvaRPI","NEGATIVE_CONTROL","dim.emotion","66","heuristic dimension","64"
"c=7a1ce6c95344","I6wCuvvaRPI","NEGATIVE_CONTROL","dim.storytelling","71","heuristic dimension","64"
"c=7a1ce6c95344","I6wCuvvaRPI","NEGATIVE_CONTROL","dim.standalone","70","heuristic dimension","64"
"c=7a1ce6c95344","I6wCuvvaRPI","NEGATIVE_CONTROL","dim.shareability","48","heuristic dimension","64"
"c=7a1ce6c95344","I6wCuvvaRPI","NEGATIVE_CONTROL","dim.clarity","69","heuristic dimension","64"
"c=7a1ce6c95344","I6wCuvvaRPI","NEGATIVE_CONTROL","dim.controversy","30","heuristic dimension","64"
"c=7a1ce6c95344","I6wCuvvaRPI","NEGATIVE_CONTROL","dim.teachingValue","46","heuristic dimension","64"
"c=7a1ce6c95344","I6wCuvvaRPI","NEGATIVE_CONTROL","dim.entertainment","40","heuristic dimension","64"
"c=7a1ce6c95344","I6wCuvvaRPI","NEGATIVE_CONTROL","base_score","66.6","0.55*drivers + 0.45*gates","64"
"c=7a1ce6c95344","I6wCuvvaRPI","NEGATIVE_CONTROL","duration_multiplier","0.959","piecewise duration curve","64"
"c=403d1296c942","I6wCuvvaRPI","NEGATIVE_CONTROL","dim.hook","33","heuristic dimension","72"
"c=403d1296c942","I6wCuvvaRPI","NEGATIVE_CONTROL","dim.curiosity","56","heuristic dimension","72"
"c=403d1296c942","I6wCuvvaRPI","NEGATIVE_CONTROL","dim.emotion","54","heuristic dimension","72"
"c=403d1296c942","I6wCuvvaRPI","NEGATIVE_CONTROL","dim.storytelling","84","heuristic dimension","72"
"c=403d1296c942","I6wCuvvaRPI","NEGATIVE_CONTROL","dim.standalone","86","heuristic dimension","72"
"c=403d1296c942","I6wCuvvaRPI","NEGATIVE_CONTROL","dim.shareability","80","heuristic dimension","72"
"c=403d1296c942","I6wCuvvaRPI","NEGATIVE_CONTROL","dim.clarity","64","heuristic dimension","72"
"c=403d1296c942","I6wCuvvaRPI","NEGATIVE_CONTROL","dim.controversy","30","heuristic dimension","72"
"c=403d1296c942","I6wCuvvaRPI","NEGATIVE_CONTROL","dim.teachingValue","61","heuristic dimension","72"
"c=403d1296c942","I6wCuvvaRPI","NEGATIVE_CONTROL","dim.entertainment","59","heuristic dimension","72"
"c=403d1296c942","I6wCuvvaRPI","NEGATIVE_CONTROL","base_score","73.7","0.55*drivers + 0.45*gates","72"
"c=403d1296c942","I6wCuvvaRPI","NEGATIVE_CONTROL","duration_multiplier","0.977","piecewise duration curve","72"
"c=b753ad6d4b26","I6wCuvvaRPI","NEGATIVE_CONTROL","dim.hook","33","heuristic dimension","67"
"c=b753ad6d4b26","I6wCuvvaRPI","NEGATIVE_CONTROL","dim.curiosity","69","heuristic dimension","67"
"c=b753ad6d4b26","I6wCuvvaRPI","NEGATIVE_CONTROL","dim.emotion","54","heuristic dimension","67"
"c=b753ad6d4b26","I6wCuvvaRPI","NEGATIVE_CONTROL","dim.storytelling","84","heuristic dimension","67"
"c=b753ad6d4b26","I6wCuvvaRPI","NEGATIVE_CONTROL","dim.standalone","70","heuristic dimension","67"
"c=b753ad6d4b26","I6wCuvvaRPI","NEGATIVE_CONTROL","dim.shareability","54","heuristic dimension","67"
"c=b753ad6d4b26","I6wCuvvaRPI","NEGATIVE_CONTROL","dim.clarity","55","heuristic dimension","67"
"c=b753ad6d4b26","I6wCuvvaRPI","NEGATIVE_CONTROL","dim.controversy","49","heuristic dimension","67"
"c=b753ad6d4b26","I6wCuvvaRPI","NEGATIVE_CONTROL","dim.teachingValue","46","heuristic dimension","67"
"c=b753ad6d4b26","I6wCuvvaRPI","NEGATIVE_CONTROL","dim.entertainment","40","heuristic dimension","67"
"c=b753ad6d4b26","I6wCuvvaRPI","NEGATIVE_CONTROL","base_score","66.6","0.55*drivers + 0.45*gates","67"
"c=b753ad6d4b26","I6wCuvvaRPI","NEGATIVE_CONTROL","duration_multiplier","1","piecewise duration curve","67"
"c=e8c43f9a54d5","I6wCuvvaRPI","NEGATIVE_CONTROL","dim.hook","33","heuristic dimension","63"
"c=e8c43f9a54d5","I6wCuvvaRPI","NEGATIVE_CONTROL","dim.curiosity","63","heuristic dimension","63"
"c=e8c43f9a54d5","I6wCuvvaRPI","NEGATIVE_CONTROL","dim.emotion","65","heuristic dimension","63"
"c=e8c43f9a54d5","I6wCuvvaRPI","NEGATIVE_CONTROL","dim.storytelling","73","heuristic dimension","63"
"c=e8c43f9a54d5","I6wCuvvaRPI","NEGATIVE_CONTROL","dim.standalone","74","heuristic dimension","63"
"c=e8c43f9a54d5","I6wCuvvaRPI","NEGATIVE_CONTROL","dim.shareability","48","heuristic dimension","63"
"c=e8c43f9a54d5","I6wCuvvaRPI","NEGATIVE_CONTROL","dim.clarity","57","heuristic dimension","63"
"c=e8c43f9a54d5","I6wCuvvaRPI","NEGATIVE_CONTROL","dim.controversy","49","heuristic dimension","63"
"c=e8c43f9a54d5","I6wCuvvaRPI","NEGATIVE_CONTROL","dim.teachingValue","46","heuristic dimension","63"
"c=e8c43f9a54d5","I6wCuvvaRPI","NEGATIVE_CONTROL","dim.entertainment","59","heuristic dimension","63"
"c=e8c43f9a54d5","I6wCuvvaRPI","NEGATIVE_CONTROL","base_score","63.4","0.55*drivers + 0.45*gates","63"
"c=e8c43f9a54d5","I6wCuvvaRPI","NEGATIVE_CONTROL","duration_multiplier","1","piecewise duration curve","63"
"c=8e31a1c1d024","I6wCuvvaRPI","NEGATIVE_CONTROL","dim.hook","46","heuristic dimension","65"
"c=8e31a1c1d024","I6wCuvvaRPI","NEGATIVE_CONTROL","dim.curiosity","46","heuristic dimension","65"
"c=8e31a1c1d024","I6wCuvvaRPI","NEGATIVE_CONTROL","dim.emotion","53","heuristic dimension","65"
"c=8e31a1c1d024","I6wCuvvaRPI","NEGATIVE_CONTROL","dim.storytelling","58","heuristic dimension","65"
"c=8e31a1c1d024","I6wCuvvaRPI","NEGATIVE_CONTROL","dim.standalone","86","heuristic dimension","65"
"c=8e31a1c1d024","I6wCuvvaRPI","NEGATIVE_CONTROL","dim.shareability","48","heuristic dimension","65"
"c=8e31a1c1d024","I6wCuvvaRPI","NEGATIVE_CONTROL","dim.clarity","84","heuristic dimension","65"
"c=8e31a1c1d024","I6wCuvvaRPI","NEGATIVE_CONTROL","dim.controversy","30","heuristic dimension","65"
"c=8e31a1c1d024","I6wCuvvaRPI","NEGATIVE_CONTROL","dim.teachingValue","61","heuristic dimension","65"
"c=8e31a1c1d024","I6wCuvvaRPI","NEGATIVE_CONTROL","dim.entertainment","40","heuristic dimension","65"
"c=8e31a1c1d024","I6wCuvvaRPI","NEGATIVE_CONTROL","base_score","65.8","0.55*drivers + 0.45*gates","65"
"c=8e31a1c1d024","I6wCuvvaRPI","NEGATIVE_CONTROL","duration_multiplier","0.985","piecewise duration curve","65"
"c=2e8da3d82d3c","I6wCuvvaRPI","NEGATIVE_CONTROL","dim.hook","46","heuristic dimension","70"
"c=2e8da3d82d3c","I6wCuvvaRPI","NEGATIVE_CONTROL","dim.curiosity","46","heuristic dimension","70"
"c=2e8da3d82d3c","I6wCuvvaRPI","NEGATIVE_CONTROL","dim.emotion","90","heuristic dimension","70"
"c=2e8da3d82d3c","I6wCuvvaRPI","NEGATIVE_CONTROL","dim.storytelling","58","heuristic dimension","70"
"c=2e8da3d82d3c","I6wCuvvaRPI","NEGATIVE_CONTROL","dim.standalone","86","heuristic dimension","70"
"c=2e8da3d82d3c","I6wCuvvaRPI","NEGATIVE_CONTROL","dim.shareability","48","heuristic dimension","70"
"c=2e8da3d82d3c","I6wCuvvaRPI","NEGATIVE_CONTROL","dim.clarity","78","heuristic dimension","70"
"c=2e8da3d82d3c","I6wCuvvaRPI","NEGATIVE_CONTROL","dim.controversy","30","heuristic dimension","70"
"c=2e8da3d82d3c","I6wCuvvaRPI","NEGATIVE_CONTROL","dim.teachingValue","46","heuristic dimension","70"
"c=2e8da3d82d3c","I6wCuvvaRPI","NEGATIVE_CONTROL","dim.entertainment","40","heuristic dimension","70"
"c=2e8da3d82d3c","I6wCuvvaRPI","NEGATIVE_CONTROL","base_score","72.9","0.55*drivers + 0.45*gates","70"
"c=2e8da3d82d3c","I6wCuvvaRPI","NEGATIVE_CONTROL","duration_multiplier","0.963","piecewise duration curve","70"
"c=4e296bf93469","I6wCuvvaRPI","NEGATIVE_CONTROL","dim.hook","46","heuristic dimension","72"
"c=4e296bf93469","I6wCuvvaRPI","NEGATIVE_CONTROL","dim.curiosity","63","heuristic dimension","72"
"c=4e296bf93469","I6wCuvvaRPI","NEGATIVE_CONTROL","dim.emotion","97","heuristic dimension","72"
"c=4e296bf93469","I6wCuvvaRPI","NEGATIVE_CONTROL","dim.storytelling","58","heuristic dimension","72"
"c=4e296bf93469","I6wCuvvaRPI","NEGATIVE_CONTROL","dim.standalone","70","heuristic dimension","72"
"c=4e296bf93469","I6wCuvvaRPI","NEGATIVE_CONTROL","dim.shareability","48","heuristic dimension","72"
"c=4e296bf93469","I6wCuvvaRPI","NEGATIVE_CONTROL","dim.clarity","73","heuristic dimension","72"
"c=4e296bf93469","I6wCuvvaRPI","NEGATIVE_CONTROL","dim.controversy","30","heuristic dimension","72"
"c=4e296bf93469","I6wCuvvaRPI","NEGATIVE_CONTROL","dim.teachingValue","46","heuristic dimension","72"
"c=4e296bf93469","I6wCuvvaRPI","NEGATIVE_CONTROL","dim.entertainment","40","heuristic dimension","72"
"c=4e296bf93469","I6wCuvvaRPI","NEGATIVE_CONTROL","base_score","72.7","0.55*drivers + 0.45*gates","72"
"c=4e296bf93469","I6wCuvvaRPI","NEGATIVE_CONTROL","duration_multiplier","0.993","piecewise duration curve","72"
"c=88fa00fefcba","I6wCuvvaRPI","NEGATIVE_CONTROL","dim.hook","33","heuristic dimension","63"
"c=88fa00fefcba","I6wCuvvaRPI","NEGATIVE_CONTROL","dim.curiosity","54","heuristic dimension","63"
"c=88fa00fefcba","I6wCuvvaRPI","NEGATIVE_CONTROL","dim.emotion","54","heuristic dimension","63"
"c=88fa00fefcba","I6wCuvvaRPI","NEGATIVE_CONTROL","dim.storytelling","71","heuristic dimension","63"
"c=88fa00fefcba","I6wCuvvaRPI","NEGATIVE_CONTROL","dim.standalone","66","heuristic dimension","63"
"c=88fa00fefcba","I6wCuvvaRPI","NEGATIVE_CONTROL","dim.shareability","48","heuristic dimension","63"
"c=88fa00fefcba","I6wCuvvaRPI","NEGATIVE_CONTROL","dim.clarity","78","heuristic dimension","63"
"c=88fa00fefcba","I6wCuvvaRPI","NEGATIVE_CONTROL","dim.controversy","30","heuristic dimension","63"
"c=88fa00fefcba","I6wCuvvaRPI","NEGATIVE_CONTROL","dim.teachingValue","46","heuristic dimension","63"
"c=88fa00fefcba","I6wCuvvaRPI","NEGATIVE_CONTROL","dim.entertainment","59","heuristic dimension","63"
"c=88fa00fefcba","I6wCuvvaRPI","NEGATIVE_CONTROL","base_score","62.6","0.55*drivers + 0.45*gates","63"
"c=88fa00fefcba","I6wCuvvaRPI","NEGATIVE_CONTROL","duration_multiplier","1","piecewise duration curve","63"
"c=0c6b94e30513","I6wCuvvaRPI","NEGATIVE_CONTROL","dim.hook","33","heuristic dimension","61"
"c=0c6b94e30513","I6wCuvvaRPI","NEGATIVE_CONTROL","dim.curiosity","67","heuristic dimension","61"
"c=0c6b94e30513","I6wCuvvaRPI","NEGATIVE_CONTROL","dim.emotion","54","heuristic dimension","61"
"c=0c6b94e30513","I6wCuvvaRPI","NEGATIVE_CONTROL","dim.storytelling","59","heuristic dimension","61"
"c=0c6b94e30513","I6wCuvvaRPI","NEGATIVE_CONTROL","dim.standalone","70","heuristic dimension","61"
"c=0c6b94e30513","I6wCuvvaRPI","NEGATIVE_CONTROL","dim.shareability","48","heuristic dimension","61"
"c=0c6b94e30513","I6wCuvvaRPI","NEGATIVE_CONTROL","dim.clarity","68","heuristic dimension","61"
"c=0c6b94e30513","I6wCuvvaRPI","NEGATIVE_CONTROL","dim.controversy","30","heuristic dimension","61"
"c=0c6b94e30513","I6wCuvvaRPI","NEGATIVE_CONTROL","dim.teachingValue","46","heuristic dimension","61"
"c=0c6b94e30513","I6wCuvvaRPI","NEGATIVE_CONTROL","dim.entertainment","40","heuristic dimension","61"
"c=0c6b94e30513","I6wCuvvaRPI","NEGATIVE_CONTROL","base_score","60.9","0.55*drivers + 0.45*gates","61"
"c=0c6b94e30513","I6wCuvvaRPI","NEGATIVE_CONTROL","duration_multiplier","1","piecewise duration curve","61"
"c=e61592727e1a","I6wCuvvaRPI","NEGATIVE_CONTROL","dim.hook","46","heuristic dimension","69"
"c=e61592727e1a","I6wCuvvaRPI","NEGATIVE_CONTROL","dim.curiosity","70","heuristic dimension","69"
"c=e61592727e1a","I6wCuvvaRPI","NEGATIVE_CONTROL","dim.emotion","71","heuristic dimension","69"
"c=e61592727e1a","I6wCuvvaRPI","NEGATIVE_CONTROL","dim.storytelling","59","heuristic dimension","69"
"c=e61592727e1a","I6wCuvvaRPI","NEGATIVE_CONTROL","dim.standalone","70","heuristic dimension","69"
"c=e61592727e1a","I6wCuvvaRPI","NEGATIVE_CONTROL","dim.shareability","48","heuristic dimension","69"
"c=e61592727e1a","I6wCuvvaRPI","NEGATIVE_CONTROL","dim.clarity","84","heuristic dimension","69"
"c=e61592727e1a","I6wCuvvaRPI","NEGATIVE_CONTROL","dim.controversy","30","heuristic dimension","69"
"c=e61592727e1a","I6wCuvvaRPI","NEGATIVE_CONTROL","dim.teachingValue","46","heuristic dimension","69"
"c=e61592727e1a","I6wCuvvaRPI","NEGATIVE_CONTROL","dim.entertainment","40","heuristic dimension","69"
"c=e61592727e1a","I6wCuvvaRPI","NEGATIVE_CONTROL","base_score","68.9","0.55*drivers + 0.45*gates","69"
"c=e61592727e1a","I6wCuvvaRPI","NEGATIVE_CONTROL","duration_multiplier","1","piecewise duration curve","69"
"c=a75cb8b701a4","I6wCuvvaRPI","NEGATIVE_CONTROL","dim.hook","46","heuristic dimension","70"
"c=a75cb8b701a4","I6wCuvvaRPI","NEGATIVE_CONTROL","dim.curiosity","69","heuristic dimension","70"
"c=a75cb8b701a4","I6wCuvvaRPI","NEGATIVE_CONTROL","dim.emotion","70","heuristic dimension","70"
"c=a75cb8b701a4","I6wCuvvaRPI","NEGATIVE_CONTROL","dim.storytelling","76","heuristic dimension","70"
"c=a75cb8b701a4","I6wCuvvaRPI","NEGATIVE_CONTROL","dim.standalone","70","heuristic dimension","70"
"c=a75cb8b701a4","I6wCuvvaRPI","NEGATIVE_CONTROL","dim.shareability","48","heuristic dimension","70"
"c=a75cb8b701a4","I6wCuvvaRPI","NEGATIVE_CONTROL","dim.clarity","84","heuristic dimension","70"
"c=a75cb8b701a4","I6wCuvvaRPI","NEGATIVE_CONTROL","dim.controversy","30","heuristic dimension","70"
"c=a75cb8b701a4","I6wCuvvaRPI","NEGATIVE_CONTROL","dim.teachingValue","46","heuristic dimension","70"
"c=a75cb8b701a4","I6wCuvvaRPI","NEGATIVE_CONTROL","dim.entertainment","40","heuristic dimension","70"
"c=a75cb8b701a4","I6wCuvvaRPI","NEGATIVE_CONTROL","base_score","70.3","0.55*drivers + 0.45*gates","70"
"c=a75cb8b701a4","I6wCuvvaRPI","NEGATIVE_CONTROL","duration_multiplier","0.992","piecewise duration curve","70"
"c=76192a8ce81e","I6wCuvvaRPI","NEGATIVE_CONTROL","dim.hook","33","heuristic dimension","65"
"c=76192a8ce81e","I6wCuvvaRPI","NEGATIVE_CONTROL","dim.curiosity","69","heuristic dimension","65"
"c=76192a8ce81e","I6wCuvvaRPI","NEGATIVE_CONTROL","dim.emotion","74","heuristic dimension","65"
"c=76192a8ce81e","I6wCuvvaRPI","NEGATIVE_CONTROL","dim.storytelling","71","heuristic dimension","65"
"c=76192a8ce81e","I6wCuvvaRPI","NEGATIVE_CONTROL","dim.standalone","70","heuristic dimension","65"
"c=76192a8ce81e","I6wCuvvaRPI","NEGATIVE_CONTROL","dim.shareability","54","heuristic dimension","65"
"c=76192a8ce81e","I6wCuvvaRPI","NEGATIVE_CONTROL","dim.clarity","76","heuristic dimension","65"
"c=76192a8ce81e","I6wCuvvaRPI","NEGATIVE_CONTROL","dim.controversy","68","heuristic dimension","65"
"c=76192a8ce81e","I6wCuvvaRPI","NEGATIVE_CONTROL","dim.teachingValue","46","heuristic dimension","65"
"c=76192a8ce81e","I6wCuvvaRPI","NEGATIVE_CONTROL","dim.entertainment","40","heuristic dimension","65"
"c=76192a8ce81e","I6wCuvvaRPI","NEGATIVE_CONTROL","base_score","67.2","0.55*drivers + 0.45*gates","65"
"c=76192a8ce81e","I6wCuvvaRPI","NEGATIVE_CONTROL","duration_multiplier","0.974","piecewise duration curve","65"
"c=96ea8019f1d5","I6wCuvvaRPI","NEGATIVE_CONTROL","dim.hook","46","heuristic dimension","66"
"c=96ea8019f1d5","I6wCuvvaRPI","NEGATIVE_CONTROL","dim.curiosity","70","heuristic dimension","66"
"c=96ea8019f1d5","I6wCuvvaRPI","NEGATIVE_CONTROL","dim.emotion","47","heuristic dimension","66"
"c=96ea8019f1d5","I6wCuvvaRPI","NEGATIVE_CONTROL","dim.storytelling","63","heuristic dimension","66"
"c=96ea8019f1d5","I6wCuvvaRPI","NEGATIVE_CONTROL","dim.standalone","70","heuristic dimension","66"
"c=96ea8019f1d5","I6wCuvvaRPI","NEGATIVE_CONTROL","dim.shareability","48","heuristic dimension","66"
"c=96ea8019f1d5","I6wCuvvaRPI","NEGATIVE_CONTROL","dim.clarity","76","heuristic dimension","66"
"c=96ea8019f1d5","I6wCuvvaRPI","NEGATIVE_CONTROL","dim.controversy","30","heuristic dimension","66"
"c=96ea8019f1d5","I6wCuvvaRPI","NEGATIVE_CONTROL","dim.teachingValue","46","heuristic dimension","66"
"c=96ea8019f1d5","I6wCuvvaRPI","NEGATIVE_CONTROL","dim.entertainment","40","heuristic dimension","66"
"c=96ea8019f1d5","I6wCuvvaRPI","NEGATIVE_CONTROL","base_score","65.6","0.55*drivers + 0.45*gates","66"
"c=96ea8019f1d5","I6wCuvvaRPI","NEGATIVE_CONTROL","duration_multiplier","1","piecewise duration curve","66"
"c=9e121d6b7221","I6wCuvvaRPI","NEGATIVE_CONTROL","dim.hook","55","heuristic dimension","80"
"c=9e121d6b7221","I6wCuvvaRPI","NEGATIVE_CONTROL","dim.curiosity","83","heuristic dimension","80"
"c=9e121d6b7221","I6wCuvvaRPI","NEGATIVE_CONTROL","dim.emotion","100","heuristic dimension","80"
"c=9e121d6b7221","I6wCuvvaRPI","NEGATIVE_CONTROL","dim.storytelling","42","heuristic dimension","80"
"c=9e121d6b7221","I6wCuvvaRPI","NEGATIVE_CONTROL","dim.standalone","70","heuristic dimension","80"
"c=9e121d6b7221","I6wCuvvaRPI","NEGATIVE_CONTROL","dim.shareability","48","heuristic dimension","80"
"c=9e121d6b7221","I6wCuvvaRPI","NEGATIVE_CONTROL","dim.clarity","74","heuristic dimension","80"
"c=9e121d6b7221","I6wCuvvaRPI","NEGATIVE_CONTROL","dim.controversy","30","heuristic dimension","80"
"c=9e121d6b7221","I6wCuvvaRPI","NEGATIVE_CONTROL","dim.teachingValue","46","heuristic dimension","80"
"c=9e121d6b7221","I6wCuvvaRPI","NEGATIVE_CONTROL","dim.entertainment","59","heuristic dimension","80"
"c=9e121d6b7221","I6wCuvvaRPI","NEGATIVE_CONTROL","base_score","80.3","0.55*drivers + 0.45*gates","80"
"c=9e121d6b7221","I6wCuvvaRPI","NEGATIVE_CONTROL","duration_multiplier","1","piecewise duration curve","80"
"c=d178fe0790ad","I6wCuvvaRPI","NEGATIVE_CONTROL","dim.hook","33","heuristic dimension","61"
"c=d178fe0790ad","I6wCuvvaRPI","NEGATIVE_CONTROL","dim.curiosity","50","heuristic dimension","61"
"c=d178fe0790ad","I6wCuvvaRPI","NEGATIVE_CONTROL","dim.emotion","51","heuristic dimension","61"
"c=d178fe0790ad","I6wCuvvaRPI","NEGATIVE_CONTROL","dim.storytelling","67","heuristic dimension","61"
"c=d178fe0790ad","I6wCuvvaRPI","NEGATIVE_CONTROL","dim.standalone","66","heuristic dimension","61"
"c=d178fe0790ad","I6wCuvvaRPI","NEGATIVE_CONTROL","dim.shareability","48","heuristic dimension","61"
"c=d178fe0790ad","I6wCuvvaRPI","NEGATIVE_CONTROL","dim.clarity","68","heuristic dimension","61"
"c=d178fe0790ad","I6wCuvvaRPI","NEGATIVE_CONTROL","dim.controversy","30","heuristic dimension","61"
"c=d178fe0790ad","I6wCuvvaRPI","NEGATIVE_CONTROL","dim.teachingValue","66","heuristic dimension","61"
"c=d178fe0790ad","I6wCuvvaRPI","NEGATIVE_CONTROL","dim.entertainment","40","heuristic dimension","61"
"c=d178fe0790ad","I6wCuvvaRPI","NEGATIVE_CONTROL","base_score","62.1","0.55*drivers + 0.45*gates","61"
"c=d178fe0790ad","I6wCuvvaRPI","NEGATIVE_CONTROL","duration_multiplier","0.982","piecewise duration curve","61"
"c=e66206ebba35","I6wCuvvaRPI","NEGATIVE_CONTROL","dim.hook","5","heuristic dimension","46"
"c=e66206ebba35","I6wCuvvaRPI","NEGATIVE_CONTROL","dim.curiosity","54","heuristic dimension","46"
"c=e66206ebba35","I6wCuvvaRPI","NEGATIVE_CONTROL","dim.emotion","54","heuristic dimension","46"
"c=e66206ebba35","I6wCuvvaRPI","NEGATIVE_CONTROL","dim.storytelling","54","heuristic dimension","46"
"c=e66206ebba35","I6wCuvvaRPI","NEGATIVE_CONTROL","dim.standalone","50","heuristic dimension","46"
"c=e66206ebba35","I6wCuvvaRPI","NEGATIVE_CONTROL","dim.shareability","54","heuristic dimension","46"
"c=e66206ebba35","I6wCuvvaRPI","NEGATIVE_CONTROL","dim.clarity","46","heuristic dimension","46"
"c=e66206ebba35","I6wCuvvaRPI","NEGATIVE_CONTROL","dim.controversy","30","heuristic dimension","46"
"c=e66206ebba35","I6wCuvvaRPI","NEGATIVE_CONTROL","dim.teachingValue","46","heuristic dimension","46"
"c=e66206ebba35","I6wCuvvaRPI","NEGATIVE_CONTROL","dim.entertainment","40","heuristic dimension","46"
"c=e66206ebba35","I6wCuvvaRPI","NEGATIVE_CONTROL","base_score","45.6","0.55*drivers + 0.45*gates","46"
"c=e66206ebba35","I6wCuvvaRPI","NEGATIVE_CONTROL","duration_multiplier","1","piecewise duration curve","46"
"c=04ee0256d13f","I6wCuvvaRPI","NEGATIVE_CONTROL","dim.hook","33","heuristic dimension","65"
"c=04ee0256d13f","I6wCuvvaRPI","NEGATIVE_CONTROL","dim.curiosity","68","heuristic dimension","65"
"c=04ee0256d13f","I6wCuvvaRPI","NEGATIVE_CONTROL","dim.emotion","54","heuristic dimension","65"
"c=04ee0256d13f","I6wCuvvaRPI","NEGATIVE_CONTROL","dim.storytelling","71","heuristic dimension","65"
"c=04ee0256d13f","I6wCuvvaRPI","NEGATIVE_CONTROL","dim.standalone","70","heuristic dimension","65"
"c=04ee0256d13f","I6wCuvvaRPI","NEGATIVE_CONTROL","dim.shareability","48","heuristic dimension","65"
"c=04ee0256d13f","I6wCuvvaRPI","NEGATIVE_CONTROL","dim.clarity","75","heuristic dimension","65"
"c=04ee0256d13f","I6wCuvvaRPI","NEGATIVE_CONTROL","dim.controversy","30","heuristic dimension","65"
"c=04ee0256d13f","I6wCuvvaRPI","NEGATIVE_CONTROL","dim.teachingValue","46","heuristic dimension","65"
"c=04ee0256d13f","I6wCuvvaRPI","NEGATIVE_CONTROL","dim.entertainment","40","heuristic dimension","65"
"c=04ee0256d13f","I6wCuvvaRPI","NEGATIVE_CONTROL","base_score","65.4","0.55*drivers + 0.45*gates","65"
"c=04ee0256d13f","I6wCuvvaRPI","NEGATIVE_CONTROL","duration_multiplier","1","piecewise duration curve","65"
"c=e330315241e4","I6wCuvvaRPI","NEGATIVE_CONTROL","dim.hook","55","heuristic dimension","66"
"c=e330315241e4","I6wCuvvaRPI","NEGATIVE_CONTROL","dim.curiosity","70","heuristic dimension","66"
"c=e330315241e4","I6wCuvvaRPI","NEGATIVE_CONTROL","dim.emotion","54","heuristic dimension","66"
"c=e330315241e4","I6wCuvvaRPI","NEGATIVE_CONTROL","dim.storytelling","46","heuristic dimension","66"
"c=e330315241e4","I6wCuvvaRPI","NEGATIVE_CONTROL","dim.standalone","70","heuristic dimension","66"
"c=e330315241e4","I6wCuvvaRPI","NEGATIVE_CONTROL","dim.shareability","48","heuristic dimension","66"
"c=e330315241e4","I6wCuvvaRPI","NEGATIVE_CONTROL","dim.clarity","84","heuristic dimension","66"
"c=e330315241e4","I6wCuvvaRPI","NEGATIVE_CONTROL","dim.controversy","49","heuristic dimension","66"
"c=e330315241e4","I6wCuvvaRPI","NEGATIVE_CONTROL","dim.teachingValue","46","heuristic dimension","66"
"c=e330315241e4","I6wCuvvaRPI","NEGATIVE_CONTROL","dim.entertainment","40","heuristic dimension","66"
"c=e330315241e4","I6wCuvvaRPI","NEGATIVE_CONTROL","base_score","65.7","0.55*drivers + 0.45*gates","66"
"c=e330315241e4","I6wCuvvaRPI","NEGATIVE_CONTROL","duration_multiplier","1","piecewise duration curve","66"
"c=ee7c381be8ab","I6wCuvvaRPI","NEGATIVE_CONTROL","dim.hook","20","heuristic dimension","67"
"c=ee7c381be8ab","I6wCuvvaRPI","NEGATIVE_CONTROL","dim.curiosity","54","heuristic dimension","67"
"c=ee7c381be8ab","I6wCuvvaRPI","NEGATIVE_CONTROL","dim.emotion","60","heuristic dimension","67"
"c=ee7c381be8ab","I6wCuvvaRPI","NEGATIVE_CONTROL","dim.storytelling","84","heuristic dimension","67"
"c=ee7c381be8ab","I6wCuvvaRPI","NEGATIVE_CONTROL","dim.standalone","86","heuristic dimension","67"
"c=ee7c381be8ab","I6wCuvvaRPI","NEGATIVE_CONTROL","dim.shareability","54","heuristic dimension","67"
"c=ee7c381be8ab","I6wCuvvaRPI","NEGATIVE_CONTROL","dim.clarity","71","heuristic dimension","67"
"c=ee7c381be8ab","I6wCuvvaRPI","NEGATIVE_CONTROL","dim.controversy","30","heuristic dimension","67"
"c=ee7c381be8ab","I6wCuvvaRPI","NEGATIVE_CONTROL","dim.teachingValue","46","heuristic dimension","67"
"c=ee7c381be8ab","I6wCuvvaRPI","NEGATIVE_CONTROL","dim.entertainment","40","heuristic dimension","67"
"c=ee7c381be8ab","I6wCuvvaRPI","NEGATIVE_CONTROL","base_score","67.4","0.55*drivers + 0.45*gates","67"
"c=ee7c381be8ab","I6wCuvvaRPI","NEGATIVE_CONTROL","duration_multiplier","0.994","piecewise duration curve","67"
"c=ece1e800fa4f","I6wCuvvaRPI","NEGATIVE_CONTROL","dim.hook","46","heuristic dimension","65"
"c=ece1e800fa4f","I6wCuvvaRPI","NEGATIVE_CONTROL","dim.curiosity","69","heuristic dimension","65"
"c=ece1e800fa4f","I6wCuvvaRPI","NEGATIVE_CONTROL","dim.emotion","66","heuristic dimension","65"
"c=ece1e800fa4f","I6wCuvvaRPI","NEGATIVE_CONTROL","dim.storytelling","55","heuristic dimension","65"
"c=ece1e800fa4f","I6wCuvvaRPI","NEGATIVE_CONTROL","dim.standalone","70","heuristic dimension","65"
"c=ece1e800fa4f","I6wCuvvaRPI","NEGATIVE_CONTROL","dim.shareability","48","heuristic dimension","65"
"c=ece1e800fa4f","I6wCuvvaRPI","NEGATIVE_CONTROL","dim.clarity","69","heuristic dimension","65"
"c=ece1e800fa4f","I6wCuvvaRPI","NEGATIVE_CONTROL","dim.controversy","49","heuristic dimension","65"
"c=ece1e800fa4f","I6wCuvvaRPI","NEGATIVE_CONTROL","dim.teachingValue","46","heuristic dimension","65"
"c=ece1e800fa4f","I6wCuvvaRPI","NEGATIVE_CONTROL","dim.entertainment","40","heuristic dimension","65"
"c=ece1e800fa4f","I6wCuvvaRPI","NEGATIVE_CONTROL","base_score","65.3","0.55*drivers + 0.45*gates","65"
"c=ece1e800fa4f","I6wCuvvaRPI","NEGATIVE_CONTROL","duration_multiplier","0.998","piecewise duration curve","65"
"c=6b38799aa57a","I6wCuvvaRPI","NEGATIVE_CONTROL","dim.hook","38","heuristic dimension","69"
"c=6b38799aa57a","I6wCuvvaRPI","NEGATIVE_CONTROL","dim.curiosity","69","heuristic dimension","69"
"c=6b38799aa57a","I6wCuvvaRPI","NEGATIVE_CONTROL","dim.emotion","65","heuristic dimension","69"
"c=6b38799aa57a","I6wCuvvaRPI","NEGATIVE_CONTROL","dim.storytelling","80","heuristic dimension","69"
"c=6b38799aa57a","I6wCuvvaRPI","NEGATIVE_CONTROL","dim.standalone","70","heuristic dimension","69"
"c=6b38799aa57a","I6wCuvvaRPI","NEGATIVE_CONTROL","dim.shareability","48","heuristic dimension","69"
"c=6b38799aa57a","I6wCuvvaRPI","NEGATIVE_CONTROL","dim.clarity","77","heuristic dimension","69"
"c=6b38799aa57a","I6wCuvvaRPI","NEGATIVE_CONTROL","dim.controversy","30","heuristic dimension","69"
"c=6b38799aa57a","I6wCuvvaRPI","NEGATIVE_CONTROL","dim.teachingValue","46","heuristic dimension","69"
"c=6b38799aa57a","I6wCuvvaRPI","NEGATIVE_CONTROL","dim.entertainment","40","heuristic dimension","69"
"c=6b38799aa57a","I6wCuvvaRPI","NEGATIVE_CONTROL","base_score","69.1","0.55*drivers + 0.45*gates","69"
"c=6b38799aa57a","I6wCuvvaRPI","NEGATIVE_CONTROL","duration_multiplier","1","piecewise duration curve","69"
"c=af040325416f","I6wCuvvaRPI","NEGATIVE_CONTROL","dim.hook","46","heuristic dimension","68"
"c=af040325416f","I6wCuvvaRPI","NEGATIVE_CONTROL","dim.curiosity","50","heuristic dimension","68"
"c=af040325416f","I6wCuvvaRPI","NEGATIVE_CONTROL","dim.emotion","83","heuristic dimension","68"
"c=af040325416f","I6wCuvvaRPI","NEGATIVE_CONTROL","dim.storytelling","46","heuristic dimension","68"
"c=af040325416f","I6wCuvvaRPI","NEGATIVE_CONTROL","dim.standalone","86","heuristic dimension","68"
"c=af040325416f","I6wCuvvaRPI","NEGATIVE_CONTROL","dim.shareability","54","heuristic dimension","68"
"c=af040325416f","I6wCuvvaRPI","NEGATIVE_CONTROL","dim.clarity","66","heuristic dimension","68"
"c=af040325416f","I6wCuvvaRPI","NEGATIVE_CONTROL","dim.controversy","30","heuristic dimension","68"
"c=af040325416f","I6wCuvvaRPI","NEGATIVE_CONTROL","dim.teachingValue","46","heuristic dimension","68"
"c=af040325416f","I6wCuvvaRPI","NEGATIVE_CONTROL","dim.entertainment","40","heuristic dimension","68"
"c=af040325416f","I6wCuvvaRPI","NEGATIVE_CONTROL","base_score","68.3","0.55*drivers + 0.45*gates","68"
"c=af040325416f","I6wCuvvaRPI","NEGATIVE_CONTROL","duration_multiplier","1","piecewise duration curve","68"
"c=d221a831ff98","I6wCuvvaRPI","NEGATIVE_CONTROL","dim.hook","55","heuristic dimension","66"
"c=d221a831ff98","I6wCuvvaRPI","NEGATIVE_CONTROL","dim.curiosity","73","heuristic dimension","66"
"c=d221a831ff98","I6wCuvvaRPI","NEGATIVE_CONTROL","dim.emotion","49","heuristic dimension","66"
"c=d221a831ff98","I6wCuvvaRPI","NEGATIVE_CONTROL","dim.storytelling","42","heuristic dimension","66"
"c=d221a831ff98","I6wCuvvaRPI","NEGATIVE_CONTROL","dim.standalone","70","heuristic dimension","66"
"c=d221a831ff98","I6wCuvvaRPI","NEGATIVE_CONTROL","dim.shareability","48","heuristic dimension","66"
"c=d221a831ff98","I6wCuvvaRPI","NEGATIVE_CONTROL","dim.clarity","84","heuristic dimension","66"
"c=d221a831ff98","I6wCuvvaRPI","NEGATIVE_CONTROL","dim.controversy","30","heuristic dimension","66"
"c=d221a831ff98","I6wCuvvaRPI","NEGATIVE_CONTROL","dim.teachingValue","46","heuristic dimension","66"
"c=d221a831ff98","I6wCuvvaRPI","NEGATIVE_CONTROL","dim.entertainment","40","heuristic dimension","66"
"c=d221a831ff98","I6wCuvvaRPI","NEGATIVE_CONTROL","base_score","66.6","0.55*drivers + 0.45*gates","66"
"c=d221a831ff98","I6wCuvvaRPI","NEGATIVE_CONTROL","duration_multiplier","0.989","piecewise duration curve","66"
"c=f9a010a766c0","I6wCuvvaRPI","NEGATIVE_CONTROL","dim.hook","20","heuristic dimension","60"
"c=f9a010a766c0","I6wCuvvaRPI","NEGATIVE_CONTROL","dim.curiosity","68","heuristic dimension","60"
"c=f9a010a766c0","I6wCuvvaRPI","NEGATIVE_CONTROL","dim.emotion","69","heuristic dimension","60"
"c=f9a010a766c0","I6wCuvvaRPI","NEGATIVE_CONTROL","dim.storytelling","59","heuristic dimension","60"
"c=f9a010a766c0","I6wCuvvaRPI","NEGATIVE_CONTROL","dim.standalone","70","heuristic dimension","60"
"c=f9a010a766c0","I6wCuvvaRPI","NEGATIVE_CONTROL","dim.shareability","48","heuristic dimension","60"
"c=f9a010a766c0","I6wCuvvaRPI","NEGATIVE_CONTROL","dim.clarity","50","heuristic dimension","60"
"c=f9a010a766c0","I6wCuvvaRPI","NEGATIVE_CONTROL","dim.controversy","30","heuristic dimension","60"
"c=f9a010a766c0","I6wCuvvaRPI","NEGATIVE_CONTROL","dim.teachingValue","46","heuristic dimension","60"
"c=f9a010a766c0","I6wCuvvaRPI","NEGATIVE_CONTROL","dim.entertainment","40","heuristic dimension","60"
"c=f9a010a766c0","I6wCuvvaRPI","NEGATIVE_CONTROL","base_score","59.7","0.55*drivers + 0.45*gates","60"
"c=f9a010a766c0","I6wCuvvaRPI","NEGATIVE_CONTROL","duration_multiplier","1","piecewise duration curve","60"
"c=1b9ff32f697c","I6wCuvvaRPI","NEGATIVE_CONTROL","dim.hook","9","heuristic dimension","59"
"c=1b9ff32f697c","I6wCuvvaRPI","NEGATIVE_CONTROL","dim.curiosity","46","heuristic dimension","59"
"c=1b9ff32f697c","I6wCuvvaRPI","NEGATIVE_CONTROL","dim.emotion","96","heuristic dimension","59"
"c=1b9ff32f697c","I6wCuvvaRPI","NEGATIVE_CONTROL","dim.storytelling","54","heuristic dimension","59"
"c=1b9ff32f697c","I6wCuvvaRPI","NEGATIVE_CONTROL","dim.standalone","42","heuristic dimension","59"
"c=1b9ff32f697c","I6wCuvvaRPI","NEGATIVE_CONTROL","dim.shareability","48","heuristic dimension","59"
"c=1b9ff32f697c","I6wCuvvaRPI","NEGATIVE_CONTROL","dim.clarity","63","heuristic dimension","59"
"c=1b9ff32f697c","I6wCuvvaRPI","NEGATIVE_CONTROL","dim.controversy","30","heuristic dimension","59"
"c=1b9ff32f697c","I6wCuvvaRPI","NEGATIVE_CONTROL","dim.teachingValue","46","heuristic dimension","59"
"c=1b9ff32f697c","I6wCuvvaRPI","NEGATIVE_CONTROL","dim.entertainment","40","heuristic dimension","59"
"c=1b9ff32f697c","I6wCuvvaRPI","NEGATIVE_CONTROL","base_score","58.5","0.55*drivers + 0.45*gates","59"
"c=1b9ff32f697c","I6wCuvvaRPI","NEGATIVE_CONTROL","duration_multiplier","1","piecewise duration curve","59"
"c=61af689ce18e","I6wCuvvaRPI","NEGATIVE_CONTROL","dim.hook","33","heuristic dimension","63"
"c=61af689ce18e","I6wCuvvaRPI","NEGATIVE_CONTROL","dim.curiosity","46","heuristic dimension","63"
"c=61af689ce18e","I6wCuvvaRPI","NEGATIVE_CONTROL","dim.emotion","62","heuristic dimension","63"
"c=61af689ce18e","I6wCuvvaRPI","NEGATIVE_CONTROL","dim.storytelling","71","heuristic dimension","63"
"c=61af689ce18e","I6wCuvvaRPI","NEGATIVE_CONTROL","dim.standalone","66","heuristic dimension","63"
"c=61af689ce18e","I6wCuvvaRPI","NEGATIVE_CONTROL","dim.shareability","48","heuristic dimension","63"
"c=61af689ce18e","I6wCuvvaRPI","NEGATIVE_CONTROL","dim.clarity","78","heuristic dimension","63"
"c=61af689ce18e","I6wCuvvaRPI","NEGATIVE_CONTROL","dim.controversy","30","heuristic dimension","63"
"c=61af689ce18e","I6wCuvvaRPI","NEGATIVE_CONTROL","dim.teachingValue","51","heuristic dimension","63"
"c=61af689ce18e","I6wCuvvaRPI","NEGATIVE_CONTROL","dim.entertainment","40","heuristic dimension","63"
"c=61af689ce18e","I6wCuvvaRPI","NEGATIVE_CONTROL","base_score","63.4","0.55*drivers + 0.45*gates","63"
"c=61af689ce18e","I6wCuvvaRPI","NEGATIVE_CONTROL","duration_multiplier","1","piecewise duration curve","63"
"c=604b0e1e55b3","I6wCuvvaRPI","NEGATIVE_CONTROL","dim.hook","20","heuristic dimension","66"
"c=604b0e1e55b3","I6wCuvvaRPI","NEGATIVE_CONTROL","dim.curiosity","54","heuristic dimension","66"
"c=604b0e1e55b3","I6wCuvvaRPI","NEGATIVE_CONTROL","dim.emotion","83","heuristic dimension","66"
"c=604b0e1e55b3","I6wCuvvaRPI","NEGATIVE_CONTROL","dim.storytelling","55","heuristic dimension","66"
"c=604b0e1e55b3","I6wCuvvaRPI","NEGATIVE_CONTROL","dim.standalone","86","heuristic dimension","66"
"c=604b0e1e55b3","I6wCuvvaRPI","NEGATIVE_CONTROL","dim.shareability","48","heuristic dimension","66"
"c=604b0e1e55b3","I6wCuvvaRPI","NEGATIVE_CONTROL","dim.clarity","71","heuristic dimension","66"
"c=604b0e1e55b3","I6wCuvvaRPI","NEGATIVE_CONTROL","dim.controversy","30","heuristic dimension","66"
"c=604b0e1e55b3","I6wCuvvaRPI","NEGATIVE_CONTROL","dim.teachingValue","46","heuristic dimension","66"
"c=604b0e1e55b3","I6wCuvvaRPI","NEGATIVE_CONTROL","dim.entertainment","40","heuristic dimension","66"
"c=604b0e1e55b3","I6wCuvvaRPI","NEGATIVE_CONTROL","base_score","65.7","0.55*drivers + 0.45*gates","66"
"c=604b0e1e55b3","I6wCuvvaRPI","NEGATIVE_CONTROL","duration_multiplier","1","piecewise duration curve","66"
"c=bfd6914a0bba","I6wCuvvaRPI","NEGATIVE_CONTROL","dim.hook","46","heuristic dimension","75"
"c=bfd6914a0bba","I6wCuvvaRPI","NEGATIVE_CONTROL","dim.curiosity","50","heuristic dimension","75"
"c=bfd6914a0bba","I6wCuvvaRPI","NEGATIVE_CONTROL","dim.emotion","100","heuristic dimension","75"
"c=bfd6914a0bba","I6wCuvvaRPI","NEGATIVE_CONTROL","dim.storytelling","54","heuristic dimension","75"
"c=bfd6914a0bba","I6wCuvvaRPI","NEGATIVE_CONTROL","dim.standalone","86","heuristic dimension","75"
"c=bfd6914a0bba","I6wCuvvaRPI","NEGATIVE_CONTROL","dim.shareability","54","heuristic dimension","75"
"c=bfd6914a0bba","I6wCuvvaRPI","NEGATIVE_CONTROL","dim.clarity","84","heuristic dimension","75"
"c=bfd6914a0bba","I6wCuvvaRPI","NEGATIVE_CONTROL","dim.controversy","30","heuristic dimension","75"
"c=bfd6914a0bba","I6wCuvvaRPI","NEGATIVE_CONTROL","dim.teachingValue","46","heuristic dimension","75"
"c=bfd6914a0bba","I6wCuvvaRPI","NEGATIVE_CONTROL","dim.entertainment","40","heuristic dimension","75"
"c=bfd6914a0bba","I6wCuvvaRPI","NEGATIVE_CONTROL","base_score","75.4","0.55*drivers + 0.45*gates","75"
"c=bfd6914a0bba","I6wCuvvaRPI","NEGATIVE_CONTROL","duration_multiplier","1","piecewise duration curve","75"
"c=e293b5a7b8de","I6wCuvvaRPI","NEGATIVE_CONTROL","dim.hook","33","heuristic dimension","59"
"c=e293b5a7b8de","I6wCuvvaRPI","NEGATIVE_CONTROL","dim.curiosity","63","heuristic dimension","59"
"c=e293b5a7b8de","I6wCuvvaRPI","NEGATIVE_CONTROL","dim.emotion","51","heuristic dimension","59"
"c=e293b5a7b8de","I6wCuvvaRPI","NEGATIVE_CONTROL","dim.storytelling","46","heuristic dimension","59"
"c=e293b5a7b8de","I6wCuvvaRPI","NEGATIVE_CONTROL","dim.standalone","70","heuristic dimension","59"
"c=e293b5a7b8de","I6wCuvvaRPI","NEGATIVE_CONTROL","dim.shareability","48","heuristic dimension","59"
"c=e293b5a7b8de","I6wCuvvaRPI","NEGATIVE_CONTROL","dim.clarity","77","heuristic dimension","59"
"c=e293b5a7b8de","I6wCuvvaRPI","NEGATIVE_CONTROL","dim.controversy","49","heuristic dimension","59"
"c=e293b5a7b8de","I6wCuvvaRPI","NEGATIVE_CONTROL","dim.teachingValue","46","heuristic dimension","59"
"c=e293b5a7b8de","I6wCuvvaRPI","NEGATIVE_CONTROL","dim.entertainment","40","heuristic dimension","59"
"c=e293b5a7b8de","I6wCuvvaRPI","NEGATIVE_CONTROL","base_score","58.8","0.55*drivers + 0.45*gates","59"
"c=e293b5a7b8de","I6wCuvvaRPI","NEGATIVE_CONTROL","duration_multiplier","1","piecewise duration curve","59"
"c=0159d2fa546a","I6wCuvvaRPI","NEGATIVE_CONTROL","dim.hook","33","heuristic dimension","63"
"c=0159d2fa546a","I6wCuvvaRPI","NEGATIVE_CONTROL","dim.curiosity","63","heuristic dimension","63"
"c=0159d2fa546a","I6wCuvvaRPI","NEGATIVE_CONTROL","dim.emotion","74","heuristic dimension","63"
"c=0159d2fa546a","I6wCuvvaRPI","NEGATIVE_CONTROL","dim.storytelling","42","heuristic dimension","63"
"c=0159d2fa546a","I6wCuvvaRPI","NEGATIVE_CONTROL","dim.standalone","70","heuristic dimension","63"
"c=0159d2fa546a","I6wCuvvaRPI","NEGATIVE_CONTROL","dim.shareability","54","heuristic dimension","63"
"c=0159d2fa546a","I6wCuvvaRPI","NEGATIVE_CONTROL","dim.clarity","65","heuristic dimension","63"
"c=0159d2fa546a","I6wCuvvaRPI","NEGATIVE_CONTROL","dim.controversy","30","heuristic dimension","63"
"c=0159d2fa546a","I6wCuvvaRPI","NEGATIVE_CONTROL","dim.teachingValue","46","heuristic dimension","63"
"c=0159d2fa546a","I6wCuvvaRPI","NEGATIVE_CONTROL","dim.entertainment","40","heuristic dimension","63"
"c=0159d2fa546a","I6wCuvvaRPI","NEGATIVE_CONTROL","base_score","63.5","0.55*drivers + 0.45*gates","63"
"c=0159d2fa546a","I6wCuvvaRPI","NEGATIVE_CONTROL","duration_multiplier","0.994","piecewise duration curve","63"
"c=74d78c93d5fa","I6wCuvvaRPI","NEGATIVE_CONTROL","dim.hook","29","heuristic dimension","62"
"c=74d78c93d5fa","I6wCuvvaRPI","NEGATIVE_CONTROL","dim.curiosity","69","heuristic dimension","62"
"c=74d78c93d5fa","I6wCuvvaRPI","NEGATIVE_CONTROL","dim.emotion","66","heuristic dimension","62"
"c=74d78c93d5fa","I6wCuvvaRPI","NEGATIVE_CONTROL","dim.storytelling","63","heuristic dimension","62"
"c=74d78c93d5fa","I6wCuvvaRPI","NEGATIVE_CONTROL","dim.standalone","70","heuristic dimension","62"
"c=74d78c93d5fa","I6wCuvvaRPI","NEGATIVE_CONTROL","dim.shareability","48","heuristic dimension","62"
"c=74d78c93d5fa","I6wCuvvaRPI","NEGATIVE_CONTROL","dim.clarity","63","heuristic dimension","62"
"c=74d78c93d5fa","I6wCuvvaRPI","NEGATIVE_CONTROL","dim.controversy","30","heuristic dimension","62"
"c=74d78c93d5fa","I6wCuvvaRPI","NEGATIVE_CONTROL","dim.teachingValue","46","heuristic dimension","62"
"c=74d78c93d5fa","I6wCuvvaRPI","NEGATIVE_CONTROL","dim.entertainment","40","heuristic dimension","62"
"c=74d78c93d5fa","I6wCuvvaRPI","NEGATIVE_CONTROL","base_score","62.1","0.55*drivers + 0.45*gates","62"
"c=74d78c93d5fa","I6wCuvvaRPI","NEGATIVE_CONTROL","duration_multiplier","1","piecewise duration curve","62"
"c=85137df55867","I6wCuvvaRPI","NEGATIVE_CONTROL","dim.hook","33","heuristic dimension","67"
"c=85137df55867","I6wCuvvaRPI","NEGATIVE_CONTROL","dim.curiosity","56","heuristic dimension","67"
"c=85137df55867","I6wCuvvaRPI","NEGATIVE_CONTROL","dim.emotion","61","heuristic dimension","67"
"c=85137df55867","I6wCuvvaRPI","NEGATIVE_CONTROL","dim.storytelling","80","heuristic dimension","67"
"c=85137df55867","I6wCuvvaRPI","NEGATIVE_CONTROL","dim.standalone","86","heuristic dimension","67"
"c=85137df55867","I6wCuvvaRPI","NEGATIVE_CONTROL","dim.shareability","72","heuristic dimension","67"
"c=85137df55867","I6wCuvvaRPI","NEGATIVE_CONTROL","dim.clarity","62","heuristic dimension","67"
"c=85137df55867","I6wCuvvaRPI","NEGATIVE_CONTROL","dim.controversy","30","heuristic dimension","67"
"c=85137df55867","I6wCuvvaRPI","NEGATIVE_CONTROL","dim.teachingValue","46","heuristic dimension","67"
"c=85137df55867","I6wCuvvaRPI","NEGATIVE_CONTROL","dim.entertainment","59","heuristic dimension","67"
"c=85137df55867","I6wCuvvaRPI","NEGATIVE_CONTROL","base_score","70.1","0.55*drivers + 0.45*gates","67"
"c=85137df55867","I6wCuvvaRPI","NEGATIVE_CONTROL","duration_multiplier","0.95","piecewise duration curve","67"
"c=b558e0c55c77","I6wCuvvaRPI","NEGATIVE_CONTROL","dim.hook","9","heuristic dimension","59"
"c=b558e0c55c77","I6wCuvvaRPI","NEGATIVE_CONTROL","dim.curiosity","54","heuristic dimension","59"
"c=b558e0c55c77","I6wCuvvaRPI","NEGATIVE_CONTROL","dim.emotion","75","heuristic dimension","59"
"c=b558e0c55c77","I6wCuvvaRPI","NEGATIVE_CONTROL","dim.storytelling","75","heuristic dimension","59"
"c=b558e0c55c77","I6wCuvvaRPI","NEGATIVE_CONTROL","dim.standalone","62","heuristic dimension","59"
"c=b558e0c55c77","I6wCuvvaRPI","NEGATIVE_CONTROL","dim.shareability","66","heuristic dimension","59"
"c=b558e0c55c77","I6wCuvvaRPI","NEGATIVE_CONTROL","dim.clarity","66","heuristic dimension","59"
"c=b558e0c55c77","I6wCuvvaRPI","NEGATIVE_CONTROL","dim.controversy","30","heuristic dimension","59"
"c=b558e0c55c77","I6wCuvvaRPI","NEGATIVE_CONTROL","dim.teachingValue","46","heuristic dimension","59"
"c=b558e0c55c77","I6wCuvvaRPI","NEGATIVE_CONTROL","dim.entertainment","40","heuristic dimension","59"
"c=b558e0c55c77","I6wCuvvaRPI","NEGATIVE_CONTROL","base_score","62.5","0.55*drivers + 0.45*gates","59"
"c=b558e0c55c77","I6wCuvvaRPI","NEGATIVE_CONTROL","duration_multiplier","0.942","piecewise duration curve","59"
"c=bf2f10565902","I6wCuvvaRPI","NEGATIVE_CONTROL","dim.hook","9","heuristic dimension","52"
"c=bf2f10565902","I6wCuvvaRPI","NEGATIVE_CONTROL","dim.curiosity","56","heuristic dimension","52"
"c=bf2f10565902","I6wCuvvaRPI","NEGATIVE_CONTROL","dim.emotion","71","heuristic dimension","52"
"c=bf2f10565902","I6wCuvvaRPI","NEGATIVE_CONTROL","dim.storytelling","55","heuristic dimension","52"
"c=bf2f10565902","I6wCuvvaRPI","NEGATIVE_CONTROL","dim.standalone","42","heuristic dimension","52"
"c=bf2f10565902","I6wCuvvaRPI","NEGATIVE_CONTROL","dim.shareability","48","heuristic dimension","52"
"c=bf2f10565902","I6wCuvvaRPI","NEGATIVE_CONTROL","dim.clarity","60","heuristic dimension","52"
"c=bf2f10565902","I6wCuvvaRPI","NEGATIVE_CONTROL","dim.controversy","30","heuristic dimension","52"
"c=bf2f10565902","I6wCuvvaRPI","NEGATIVE_CONTROL","dim.teachingValue","46","heuristic dimension","52"
"c=bf2f10565902","I6wCuvvaRPI","NEGATIVE_CONTROL","dim.entertainment","40","heuristic dimension","52"
"c=bf2f10565902","I6wCuvvaRPI","NEGATIVE_CONTROL","base_score","51.8","0.55*drivers + 0.45*gates","52"
"c=bf2f10565902","I6wCuvvaRPI","NEGATIVE_CONTROL","duration_multiplier","1","piecewise duration curve","52"
"c=2a736ae0a24d","I6wCuvvaRPI","NEGATIVE_CONTROL","dim.hook","33","heuristic dimension","64"
"c=2a736ae0a24d","I6wCuvvaRPI","NEGATIVE_CONTROL","dim.curiosity","46","heuristic dimension","64"
"c=2a736ae0a24d","I6wCuvvaRPI","NEGATIVE_CONTROL","dim.emotion","67","heuristic dimension","64"
"c=2a736ae0a24d","I6wCuvvaRPI","NEGATIVE_CONTROL","dim.storytelling","55","heuristic dimension","64"
"c=2a736ae0a24d","I6wCuvvaRPI","NEGATIVE_CONTROL","dim.standalone","86","heuristic dimension","64"
"c=2a736ae0a24d","I6wCuvvaRPI","NEGATIVE_CONTROL","dim.shareability","54","heuristic dimension","64"
"c=2a736ae0a24d","I6wCuvvaRPI","NEGATIVE_CONTROL","dim.clarity","76","heuristic dimension","64"
"c=2a736ae0a24d","I6wCuvvaRPI","NEGATIVE_CONTROL","dim.controversy","49","heuristic dimension","64"
"c=2a736ae0a24d","I6wCuvvaRPI","NEGATIVE_CONTROL","dim.teachingValue","46","heuristic dimension","64"
"c=2a736ae0a24d","I6wCuvvaRPI","NEGATIVE_CONTROL","dim.entertainment","40","heuristic dimension","64"
"c=2a736ae0a24d","I6wCuvvaRPI","NEGATIVE_CONTROL","base_score","63.7","0.55*drivers + 0.45*gates","64"
"c=2a736ae0a24d","I6wCuvvaRPI","NEGATIVE_CONTROL","duration_multiplier","1","piecewise duration curve","64"
"c=4ed36065fce2","GOqEl4ADyVk","NEGATIVE_CONTROL","dim.hook","0","heuristic dimension","63"
"c=4ed36065fce2","GOqEl4ADyVk","NEGATIVE_CONTROL","dim.curiosity","79","heuristic dimension","63"
"c=4ed36065fce2","GOqEl4ADyVk","NEGATIVE_CONTROL","dim.emotion","100","heuristic dimension","63"
"c=4ed36065fce2","GOqEl4ADyVk","NEGATIVE_CONTROL","dim.storytelling","58","heuristic dimension","63"
"c=4ed36065fce2","GOqEl4ADyVk","NEGATIVE_CONTROL","dim.standalone","46","heuristic dimension","63"
"c=4ed36065fce2","GOqEl4ADyVk","NEGATIVE_CONTROL","dim.shareability","48","heuristic dimension","63"
"c=4ed36065fce2","GOqEl4ADyVk","NEGATIVE_CONTROL","dim.clarity","48","heuristic dimension","63"
"c=4ed36065fce2","GOqEl4ADyVk","NEGATIVE_CONTROL","dim.controversy","30","heuristic dimension","63"
"c=4ed36065fce2","GOqEl4ADyVk","NEGATIVE_CONTROL","dim.teachingValue","66","heuristic dimension","63"
"c=4ed36065fce2","GOqEl4ADyVk","NEGATIVE_CONTROL","dim.entertainment","40","heuristic dimension","63"
"c=4ed36065fce2","GOqEl4ADyVk","NEGATIVE_CONTROL","base_score","64","0.55*drivers + 0.45*gates","63"
"c=4ed36065fce2","GOqEl4ADyVk","NEGATIVE_CONTROL","duration_multiplier","0.984","piecewise duration curve","63"
"c=142081bda5dd","GOqEl4ADyVk","NEGATIVE_CONTROL","dim.hook","0","heuristic dimension","55"
"c=142081bda5dd","GOqEl4ADyVk","NEGATIVE_CONTROL","dim.curiosity","67","heuristic dimension","55"
"c=142081bda5dd","GOqEl4ADyVk","NEGATIVE_CONTROL","dim.emotion","77","heuristic dimension","55"
"c=142081bda5dd","GOqEl4ADyVk","NEGATIVE_CONTROL","dim.storytelling","84","heuristic dimension","55"
"c=142081bda5dd","GOqEl4ADyVk","NEGATIVE_CONTROL","dim.standalone","30","heuristic dimension","55"
"c=142081bda5dd","GOqEl4ADyVk","NEGATIVE_CONTROL","dim.shareability","48","heuristic dimension","55"
"c=142081bda5dd","GOqEl4ADyVk","NEGATIVE_CONTROL","dim.clarity","45","heuristic dimension","55"
"c=142081bda5dd","GOqEl4ADyVk","NEGATIVE_CONTROL","dim.controversy","30","heuristic dimension","55"
"c=142081bda5dd","GOqEl4ADyVk","NEGATIVE_CONTROL","dim.teachingValue","61","heuristic dimension","55"
"c=142081bda5dd","GOqEl4ADyVk","NEGATIVE_CONTROL","dim.entertainment","40","heuristic dimension","55"
"c=142081bda5dd","GOqEl4ADyVk","NEGATIVE_CONTROL","base_score","55.8","0.55*drivers + 0.45*gates","55"
"c=142081bda5dd","GOqEl4ADyVk","NEGATIVE_CONTROL","duration_multiplier","0.982","piecewise duration curve","55"
"c=55e0c0081114","GOqEl4ADyVk","NEGATIVE_CONTROL","dim.hook","9","heuristic dimension","59"
"c=55e0c0081114","GOqEl4ADyVk","NEGATIVE_CONTROL","dim.curiosity","59","heuristic dimension","59"
"c=55e0c0081114","GOqEl4ADyVk","NEGATIVE_CONTROL","dim.emotion","78","heuristic dimension","59"
"c=55e0c0081114","GOqEl4ADyVk","NEGATIVE_CONTROL","dim.storytelling","71","heuristic dimension","59"
"c=55e0c0081114","GOqEl4ADyVk","NEGATIVE_CONTROL","dim.standalone","62","heuristic dimension","59"
"c=55e0c0081114","GOqEl4ADyVk","NEGATIVE_CONTROL","dim.shareability","48","heuristic dimension","59"
"c=55e0c0081114","GOqEl4ADyVk","NEGATIVE_CONTROL","dim.clarity","54","heuristic dimension","59"
"c=55e0c0081114","GOqEl4ADyVk","NEGATIVE_CONTROL","dim.controversy","30","heuristic dimension","59"
"c=55e0c0081114","GOqEl4ADyVk","NEGATIVE_CONTROL","dim.teachingValue","46","heuristic dimension","59"
"c=55e0c0081114","GOqEl4ADyVk","NEGATIVE_CONTROL","dim.entertainment","40","heuristic dimension","59"
"c=55e0c0081114","GOqEl4ADyVk","NEGATIVE_CONTROL","base_score","60.6","0.55*drivers + 0.45*gates","59"
"c=55e0c0081114","GOqEl4ADyVk","NEGATIVE_CONTROL","duration_multiplier","0.974","piecewise duration curve","59"
"c=c87b619e7633","GOqEl4ADyVk","NEGATIVE_CONTROL","dim.hook","22","heuristic dimension","57"
"c=c87b619e7633","GOqEl4ADyVk","NEGATIVE_CONTROL","dim.curiosity","59","heuristic dimension","57"
"c=c87b619e7633","GOqEl4ADyVk","NEGATIVE_CONTROL","dim.emotion","67","heuristic dimension","57"
"c=c87b619e7633","GOqEl4ADyVk","NEGATIVE_CONTROL","dim.storytelling","59","heuristic dimension","57"
"c=c87b619e7633","GOqEl4ADyVk","NEGATIVE_CONTROL","dim.standalone","62","heuristic dimension","57"
"c=c87b619e7633","GOqEl4ADyVk","NEGATIVE_CONTROL","dim.shareability","48","heuristic dimension","57"
"c=c87b619e7633","GOqEl4ADyVk","NEGATIVE_CONTROL","dim.clarity","61","heuristic dimension","57"
"c=c87b619e7633","GOqEl4ADyVk","NEGATIVE_CONTROL","dim.controversy","30","heuristic dimension","57"
"c=c87b619e7633","GOqEl4ADyVk","NEGATIVE_CONTROL","dim.teachingValue","46","heuristic dimension","57"
"c=c87b619e7633","GOqEl4ADyVk","NEGATIVE_CONTROL","dim.entertainment","40","heuristic dimension","57"
"c=c87b619e7633","GOqEl4ADyVk","NEGATIVE_CONTROL","base_score","57","0.55*drivers + 0.45*gates","57"
"c=c87b619e7633","GOqEl4ADyVk","NEGATIVE_CONTROL","duration_multiplier","1","piecewise duration curve","57"
"c=aff04c395564","GOqEl4ADyVk","NEGATIVE_CONTROL","dim.hook","20","heuristic dimension","61"
"c=aff04c395564","GOqEl4ADyVk","NEGATIVE_CONTROL","dim.curiosity","63","heuristic dimension","61"
"c=aff04c395564","GOqEl4ADyVk","NEGATIVE_CONTROL","dim.emotion","60","heuristic dimension","61"
"c=aff04c395564","GOqEl4ADyVk","NEGATIVE_CONTROL","dim.storytelling","84","heuristic dimension","61"
"c=aff04c395564","GOqEl4ADyVk","NEGATIVE_CONTROL","dim.standalone","66","heuristic dimension","61"
"c=aff04c395564","GOqEl4ADyVk","NEGATIVE_CONTROL","dim.shareability","54","heuristic dimension","61"
"c=aff04c395564","GOqEl4ADyVk","NEGATIVE_CONTROL","dim.clarity","55","heuristic dimension","61"
"c=aff04c395564","GOqEl4ADyVk","NEGATIVE_CONTROL","dim.controversy","30","heuristic dimension","61"
"c=aff04c395564","GOqEl4ADyVk","NEGATIVE_CONTROL","dim.teachingValue","61","heuristic dimension","61"
"c=aff04c395564","GOqEl4ADyVk","NEGATIVE_CONTROL","dim.entertainment","40","heuristic dimension","61"
"c=aff04c395564","GOqEl4ADyVk","NEGATIVE_CONTROL","base_score","62.4","0.55*drivers + 0.45*gates","61"
"c=aff04c395564","GOqEl4ADyVk","NEGATIVE_CONTROL","duration_multiplier","0.983","piecewise duration curve","61"
"c=814fe10f8eec","GOqEl4ADyVk","NEGATIVE_CONTROL","dim.hook","0","heuristic dimension","61"
"c=814fe10f8eec","GOqEl4ADyVk","NEGATIVE_CONTROL","dim.curiosity","56","heuristic dimension","61"
"c=814fe10f8eec","GOqEl4ADyVk","NEGATIVE_CONTROL","dim.emotion","100","heuristic dimension","61"
"c=814fe10f8eec","GOqEl4ADyVk","NEGATIVE_CONTROL","dim.storytelling","80","heuristic dimension","61"
"c=814fe10f8eec","GOqEl4ADyVk","NEGATIVE_CONTROL","dim.standalone","42","heuristic dimension","61"
"c=814fe10f8eec","GOqEl4ADyVk","NEGATIVE_CONTROL","dim.shareability","48","heuristic dimension","61"
"c=814fe10f8eec","GOqEl4ADyVk","NEGATIVE_CONTROL","dim.clarity","31","heuristic dimension","61"
"c=814fe10f8eec","GOqEl4ADyVk","NEGATIVE_CONTROL","dim.controversy","30","heuristic dimension","61"
"c=814fe10f8eec","GOqEl4ADyVk","NEGATIVE_CONTROL","dim.teachingValue","46","heuristic dimension","61"
"c=814fe10f8eec","GOqEl4ADyVk","NEGATIVE_CONTROL","dim.entertainment","40","heuristic dimension","61"
"c=814fe10f8eec","GOqEl4ADyVk","NEGATIVE_CONTROL","base_score","61.2","0.55*drivers + 0.45*gates","61"
"c=814fe10f8eec","GOqEl4ADyVk","NEGATIVE_CONTROL","duration_multiplier","0.997","piecewise duration curve","61"
"c=6a8b73599c4a","GOqEl4ADyVk","NEGATIVE_CONTROL","dim.hook","46","heuristic dimension","64"
"c=6a8b73599c4a","GOqEl4ADyVk","NEGATIVE_CONTROL","dim.curiosity","50","heuristic dimension","64"
"c=6a8b73599c4a","GOqEl4ADyVk","NEGATIVE_CONTROL","dim.emotion","61","heuristic dimension","64"
"c=6a8b73599c4a","GOqEl4ADyVk","NEGATIVE_CONTROL","dim.storytelling","63","heuristic dimension","64"
"c=6a8b73599c4a","GOqEl4ADyVk","NEGATIVE_CONTROL","dim.standalone","86","heuristic dimension","64"
"c=6a8b73599c4a","GOqEl4ADyVk","NEGATIVE_CONTROL","dim.shareability","48","heuristic dimension","64"
"c=6a8b73599c4a","GOqEl4ADyVk","NEGATIVE_CONTROL","dim.clarity","63","heuristic dimension","64"
"c=6a8b73599c4a","GOqEl4ADyVk","NEGATIVE_CONTROL","dim.controversy","30","heuristic dimension","64"
"c=6a8b73599c4a","GOqEl4ADyVk","NEGATIVE_CONTROL","dim.teachingValue","61","heuristic dimension","64"
"c=6a8b73599c4a","GOqEl4ADyVk","NEGATIVE_CONTROL","dim.entertainment","40","heuristic dimension","64"
"c=6a8b73599c4a","GOqEl4ADyVk","NEGATIVE_CONTROL","base_score","64.3","0.55*drivers + 0.45*gates","64"
"c=6a8b73599c4a","GOqEl4ADyVk","NEGATIVE_CONTROL","duration_multiplier","0.995","piecewise duration curve","64"
"c=c463cf20cb6f","GOqEl4ADyVk","NEGATIVE_CONTROL","dim.hook","46","heuristic dimension","82"
"c=c463cf20cb6f","GOqEl4ADyVk","NEGATIVE_CONTROL","dim.curiosity","54","heuristic dimension","82"
"c=c463cf20cb6f","GOqEl4ADyVk","NEGATIVE_CONTROL","dim.emotion","95","heuristic dimension","82"
"c=c463cf20cb6f","GOqEl4ADyVk","NEGATIVE_CONTROL","dim.storytelling","92","heuristic dimension","82"
"c=c463cf20cb6f","GOqEl4ADyVk","NEGATIVE_CONTROL","dim.standalone","86","heuristic dimension","82"
"c=c463cf20cb6f","GOqEl4ADyVk","NEGATIVE_CONTROL","dim.shareability","54","heuristic dimension","82"
"c=c463cf20cb6f","GOqEl4ADyVk","NEGATIVE_CONTROL","dim.clarity","68","heuristic dimension","82"
"c=c463cf20cb6f","GOqEl4ADyVk","NEGATIVE_CONTROL","dim.controversy","49","heuristic dimension","82"
"c=c463cf20cb6f","GOqEl4ADyVk","NEGATIVE_CONTROL","dim.teachingValue","51","heuristic dimension","82"
"c=c463cf20cb6f","GOqEl4ADyVk","NEGATIVE_CONTROL","dim.entertainment","40","heuristic dimension","82"
"c=c463cf20cb6f","GOqEl4ADyVk","NEGATIVE_CONTROL","base_score","82.3","0.55*drivers + 0.45*gates","82"
"c=c463cf20cb6f","GOqEl4ADyVk","NEGATIVE_CONTROL","duration_multiplier","0.992","piecewise duration curve","82"
"c=863e40f6ff3c","GOqEl4ADyVk","NEGATIVE_CONTROL","dim.hook","20","heuristic dimension","69"
"c=863e40f6ff3c","GOqEl4ADyVk","NEGATIVE_CONTROL","dim.curiosity","46","heuristic dimension","69"
"c=863e40f6ff3c","GOqEl4ADyVk","NEGATIVE_CONTROL","dim.emotion","62","heuristic dimension","69"
"c=863e40f6ff3c","GOqEl4ADyVk","NEGATIVE_CONTROL","dim.storytelling","88","heuristic dimension","69"
"c=863e40f6ff3c","GOqEl4ADyVk","NEGATIVE_CONTROL","dim.standalone","86","heuristic dimension","69"
"c=863e40f6ff3c","GOqEl4ADyVk","NEGATIVE_CONTROL","dim.shareability","54","heuristic dimension","69"
"c=863e40f6ff3c","GOqEl4ADyVk","NEGATIVE_CONTROL","dim.clarity","52","heuristic dimension","69"
"c=863e40f6ff3c","GOqEl4ADyVk","NEGATIVE_CONTROL","dim.controversy","30","heuristic dimension","69"
"c=863e40f6ff3c","GOqEl4ADyVk","NEGATIVE_CONTROL","dim.teachingValue","71","heuristic dimension","69"
"c=863e40f6ff3c","GOqEl4ADyVk","NEGATIVE_CONTROL","dim.entertainment","40","heuristic dimension","69"
"c=863e40f6ff3c","GOqEl4ADyVk","NEGATIVE_CONTROL","base_score","68.9","0.55*drivers + 0.45*gates","69"
"c=863e40f6ff3c","GOqEl4ADyVk","NEGATIVE_CONTROL","duration_multiplier","0.998","piecewise duration curve","69"
"c=89f5f2623db5","GOqEl4ADyVk","NEGATIVE_CONTROL","dim.hook","33","heuristic dimension","71"
"c=89f5f2623db5","GOqEl4ADyVk","NEGATIVE_CONTROL","dim.curiosity","54","heuristic dimension","71"
"c=89f5f2623db5","GOqEl4ADyVk","NEGATIVE_CONTROL","dim.emotion","63","heuristic dimension","71"
"c=89f5f2623db5","GOqEl4ADyVk","NEGATIVE_CONTROL","dim.storytelling","92","heuristic dimension","71"
"c=89f5f2623db5","GOqEl4ADyVk","NEGATIVE_CONTROL","dim.standalone","86","heuristic dimension","71"
"c=89f5f2623db5","GOqEl4ADyVk","NEGATIVE_CONTROL","dim.shareability","54","heuristic dimension","71"
"c=89f5f2623db5","GOqEl4ADyVk","NEGATIVE_CONTROL","dim.clarity","65","heuristic dimension","71"
"c=89f5f2623db5","GOqEl4ADyVk","NEGATIVE_CONTROL","dim.controversy","30","heuristic dimension","71"
"c=89f5f2623db5","GOqEl4ADyVk","NEGATIVE_CONTROL","dim.teachingValue","51","heuristic dimension","71"
"c=89f5f2623db5","GOqEl4ADyVk","NEGATIVE_CONTROL","dim.entertainment","40","heuristic dimension","71"
"c=89f5f2623db5","GOqEl4ADyVk","NEGATIVE_CONTROL","base_score","71.3","0.55*drivers + 0.45*gates","71"
"c=89f5f2623db5","GOqEl4ADyVk","NEGATIVE_CONTROL","duration_multiplier","1","piecewise duration curve","71"
"c=60ffcb2236cf","GOqEl4ADyVk","NEGATIVE_CONTROL","dim.hook","33","heuristic dimension","70"
"c=60ffcb2236cf","GOqEl4ADyVk","NEGATIVE_CONTROL","dim.curiosity","54","heuristic dimension","70"
"c=60ffcb2236cf","GOqEl4ADyVk","NEGATIVE_CONTROL","dim.emotion","100","heuristic dimension","70"
"c=60ffcb2236cf","GOqEl4ADyVk","NEGATIVE_CONTROL","dim.storytelling","75","heuristic dimension","70"
"c=60ffcb2236cf","GOqEl4ADyVk","NEGATIVE_CONTROL","dim.standalone","66","heuristic dimension","70"
"c=60ffcb2236cf","GOqEl4ADyVk","NEGATIVE_CONTROL","dim.shareability","48","heuristic dimension","70"
"c=60ffcb2236cf","GOqEl4ADyVk","NEGATIVE_CONTROL","dim.clarity","41","heuristic dimension","70"
"c=60ffcb2236cf","GOqEl4ADyVk","NEGATIVE_CONTROL","dim.controversy","30","heuristic dimension","70"
"c=60ffcb2236cf","GOqEl4ADyVk","NEGATIVE_CONTROL","dim.teachingValue","46","heuristic dimension","70"
"c=60ffcb2236cf","GOqEl4ADyVk","NEGATIVE_CONTROL","dim.entertainment","40","heuristic dimension","70"
"c=60ffcb2236cf","GOqEl4ADyVk","NEGATIVE_CONTROL","base_score","70","0.55*drivers + 0.45*gates","70"
"c=60ffcb2236cf","GOqEl4ADyVk","NEGATIVE_CONTROL","duration_multiplier","0.996","piecewise duration curve","70"
"c=249972abe948","GOqEl4ADyVk","NEGATIVE_CONTROL","dim.hook","33","heuristic dimension","66"
"c=249972abe948","GOqEl4ADyVk","NEGATIVE_CONTROL","dim.curiosity","69","heuristic dimension","66"
"c=249972abe948","GOqEl4ADyVk","NEGATIVE_CONTROL","dim.emotion","74","heuristic dimension","66"
"c=249972abe948","GOqEl4ADyVk","NEGATIVE_CONTROL","dim.storytelling","71","heuristic dimension","66"
"c=249972abe948","GOqEl4ADyVk","NEGATIVE_CONTROL","dim.standalone","70","heuristic dimension","66"
"c=249972abe948","GOqEl4ADyVk","NEGATIVE_CONTROL","dim.shareability","60","heuristic dimension","66"
"c=249972abe948","GOqEl4ADyVk","NEGATIVE_CONTROL","dim.clarity","72","heuristic dimension","66"
"c=249972abe948","GOqEl4ADyVk","NEGATIVE_CONTROL","dim.controversy","30","heuristic dimension","66"
"c=249972abe948","GOqEl4ADyVk","NEGATIVE_CONTROL","dim.teachingValue","46","heuristic dimension","66"
"c=249972abe948","GOqEl4ADyVk","NEGATIVE_CONTROL","dim.entertainment","40","heuristic dimension","66"
"c=249972abe948","GOqEl4ADyVk","NEGATIVE_CONTROL","base_score","66.7","0.55*drivers + 0.45*gates","66"
"c=249972abe948","GOqEl4ADyVk","NEGATIVE_CONTROL","duration_multiplier","0.987","piecewise duration curve","66"
"c=9ee1e4c7428c","GOqEl4ADyVk","NEGATIVE_CONTROL","dim.hook","22","heuristic dimension","67"
"c=9ee1e4c7428c","GOqEl4ADyVk","NEGATIVE_CONTROL","dim.curiosity","67","heuristic dimension","67"
"c=9ee1e4c7428c","GOqEl4ADyVk","NEGATIVE_CONTROL","dim.emotion","84","heuristic dimension","67"
"c=9ee1e4c7428c","GOqEl4ADyVk","NEGATIVE_CONTROL","dim.storytelling","76","heuristic dimension","67"
"c=9ee1e4c7428c","GOqEl4ADyVk","NEGATIVE_CONTROL","dim.standalone","46","heuristic dimension","67"
"c=9ee1e4c7428c","GOqEl4ADyVk","NEGATIVE_CONTROL","dim.shareability","54","heuristic dimension","67"
"c=9ee1e4c7428c","GOqEl4ADyVk","NEGATIVE_CONTROL","dim.clarity","84","heuristic dimension","67"
"c=9ee1e4c7428c","GOqEl4ADyVk","NEGATIVE_CONTROL","dim.controversy","30","heuristic dimension","67"
"c=9ee1e4c7428c","GOqEl4ADyVk","NEGATIVE_CONTROL","dim.teachingValue","46","heuristic dimension","67"
"c=9ee1e4c7428c","GOqEl4ADyVk","NEGATIVE_CONTROL","dim.entertainment","40","heuristic dimension","67"
"c=9ee1e4c7428c","GOqEl4ADyVk","NEGATIVE_CONTROL","base_score","66.6","0.55*drivers + 0.45*gates","67"
"c=9ee1e4c7428c","GOqEl4ADyVk","NEGATIVE_CONTROL","duration_multiplier","1","piecewise duration curve","67"
"c=9c6976be5cda","GOqEl4ADyVk","NEGATIVE_CONTROL","dim.hook","46","heuristic dimension","69"
"c=9c6976be5cda","GOqEl4ADyVk","NEGATIVE_CONTROL","dim.curiosity","67","heuristic dimension","69"
"c=9c6976be5cda","GOqEl4ADyVk","NEGATIVE_CONTROL","dim.emotion","68","heuristic dimension","69"
"c=9c6976be5cda","GOqEl4ADyVk","NEGATIVE_CONTROL","dim.storytelling","71","heuristic dimension","69"
"c=9c6976be5cda","GOqEl4ADyVk","NEGATIVE_CONTROL","dim.standalone","86","heuristic dimension","69"
"c=9c6976be5cda","GOqEl4ADyVk","NEGATIVE_CONTROL","dim.shareability","48","heuristic dimension","69"
"c=9c6976be5cda","GOqEl4ADyVk","NEGATIVE_CONTROL","dim.clarity","65","heuristic dimension","69"
"c=9c6976be5cda","GOqEl4ADyVk","NEGATIVE_CONTROL","dim.controversy","30","heuristic dimension","69"
"c=9c6976be5cda","GOqEl4ADyVk","NEGATIVE_CONTROL","dim.teachingValue","46","heuristic dimension","69"
"c=9c6976be5cda","GOqEl4ADyVk","NEGATIVE_CONTROL","dim.entertainment","59","heuristic dimension","69"
"c=9c6976be5cda","GOqEl4ADyVk","NEGATIVE_CONTROL","base_score","68.7","0.55*drivers + 0.45*gates","69"
"c=9c6976be5cda","GOqEl4ADyVk","NEGATIVE_CONTROL","duration_multiplier","1","piecewise duration curve","69"
"c=cf73aca0269d","GOqEl4ADyVk","NEGATIVE_CONTROL","dim.hook","53","heuristic dimension","72"
"c=cf73aca0269d","GOqEl4ADyVk","NEGATIVE_CONTROL","dim.curiosity","60","heuristic dimension","72"
"c=cf73aca0269d","GOqEl4ADyVk","NEGATIVE_CONTROL","dim.emotion","54","heuristic dimension","72"
"c=cf73aca0269d","GOqEl4ADyVk","NEGATIVE_CONTROL","dim.storytelling","84","heuristic dimension","72"
"c=cf73aca0269d","GOqEl4ADyVk","NEGATIVE_CONTROL","dim.standalone","86","heuristic dimension","72"
"c=cf73aca0269d","GOqEl4ADyVk","NEGATIVE_CONTROL","dim.shareability","48","heuristic dimension","72"
"c=cf73aca0269d","GOqEl4ADyVk","NEGATIVE_CONTROL","dim.clarity","75","heuristic dimension","72"
"c=cf73aca0269d","GOqEl4ADyVk","NEGATIVE_CONTROL","dim.controversy","49","heuristic dimension","72"
"c=cf73aca0269d","GOqEl4ADyVk","NEGATIVE_CONTROL","dim.teachingValue","46","heuristic dimension","72"
"c=cf73aca0269d","GOqEl4ADyVk","NEGATIVE_CONTROL","dim.entertainment","40","heuristic dimension","72"
"c=cf73aca0269d","GOqEl4ADyVk","NEGATIVE_CONTROL","base_score","72.4","0.55*drivers + 0.45*gates","72"
"c=cf73aca0269d","GOqEl4ADyVk","NEGATIVE_CONTROL","duration_multiplier","1","piecewise duration curve","72"
"c=25019c795a66","GOqEl4ADyVk","NEGATIVE_CONTROL","dim.hook","22","heuristic dimension","65"
"c=25019c795a66","GOqEl4ADyVk","NEGATIVE_CONTROL","dim.curiosity","46","heuristic dimension","65"
"c=25019c795a66","GOqEl4ADyVk","NEGATIVE_CONTROL","dim.emotion","79","heuristic dimension","65"
"c=25019c795a66","GOqEl4ADyVk","NEGATIVE_CONTROL","dim.storytelling","67","heuristic dimension","65"
"c=25019c795a66","GOqEl4ADyVk","NEGATIVE_CONTROL","dim.standalone","62","heuristic dimension","65"
"c=25019c795a66","GOqEl4ADyVk","NEGATIVE_CONTROL","dim.shareability","72","heuristic dimension","65"
"c=25019c795a66","GOqEl4ADyVk","NEGATIVE_CONTROL","dim.clarity","71","heuristic dimension","65"
"c=25019c795a66","GOqEl4ADyVk","NEGATIVE_CONTROL","dim.controversy","30","heuristic dimension","65"
"c=25019c795a66","GOqEl4ADyVk","NEGATIVE_CONTROL","dim.teachingValue","46","heuristic dimension","65"
"c=25019c795a66","GOqEl4ADyVk","NEGATIVE_CONTROL","dim.entertainment","40","heuristic dimension","65"
"c=25019c795a66","GOqEl4ADyVk","NEGATIVE_CONTROL","base_score","65.2","0.55*drivers + 0.45*gates","65"
"c=25019c795a66","GOqEl4ADyVk","NEGATIVE_CONTROL","duration_multiplier","1","piecewise duration curve","65"
"c=937ad36c16ad","GOqEl4ADyVk","NEGATIVE_CONTROL","dim.hook","29","heuristic dimension","71"
"c=937ad36c16ad","GOqEl4ADyVk","NEGATIVE_CONTROL","dim.curiosity","69","heuristic dimension","71"
"c=937ad36c16ad","GOqEl4ADyVk","NEGATIVE_CONTROL","dim.emotion","100","heuristic dimension","71"
"c=937ad36c16ad","GOqEl4ADyVk","NEGATIVE_CONTROL","dim.storytelling","62","heuristic dimension","71"
"c=937ad36c16ad","GOqEl4ADyVk","NEGATIVE_CONTROL","dim.standalone","66","heuristic dimension","71"
"c=937ad36c16ad","GOqEl4ADyVk","NEGATIVE_CONTROL","dim.shareability","48","heuristic dimension","71"
"c=937ad36c16ad","GOqEl4ADyVk","NEGATIVE_CONTROL","dim.clarity","64","heuristic dimension","71"
"c=937ad36c16ad","GOqEl4ADyVk","NEGATIVE_CONTROL","dim.controversy","30","heuristic dimension","71"
"c=937ad36c16ad","GOqEl4ADyVk","NEGATIVE_CONTROL","dim.teachingValue","46","heuristic dimension","71"
"c=937ad36c16ad","GOqEl4ADyVk","NEGATIVE_CONTROL","dim.entertainment","40","heuristic dimension","71"
"c=937ad36c16ad","GOqEl4ADyVk","NEGATIVE_CONTROL","base_score","70.9","0.55*drivers + 0.45*gates","71"
"c=937ad36c16ad","GOqEl4ADyVk","NEGATIVE_CONTROL","duration_multiplier","0.999","piecewise duration curve","71"
"c=c578805cc019","GOqEl4ADyVk","NEGATIVE_CONTROL","dim.hook","33","heuristic dimension","69"
"c=c578805cc019","GOqEl4ADyVk","NEGATIVE_CONTROL","dim.curiosity","54","heuristic dimension","69"
"c=c578805cc019","GOqEl4ADyVk","NEGATIVE_CONTROL","dim.emotion","73","heuristic dimension","69"
"c=c578805cc019","GOqEl4ADyVk","NEGATIVE_CONTROL","dim.storytelling","75","heuristic dimension","69"
"c=c578805cc019","GOqEl4ADyVk","NEGATIVE_CONTROL","dim.standalone","86","heuristic dimension","69"
"c=c578805cc019","GOqEl4ADyVk","NEGATIVE_CONTROL","dim.shareability","54","heuristic dimension","69"
"c=c578805cc019","GOqEl4ADyVk","NEGATIVE_CONTROL","dim.clarity","76","heuristic dimension","69"
"c=c578805cc019","GOqEl4ADyVk","NEGATIVE_CONTROL","dim.controversy","49","heuristic dimension","69"
"c=c578805cc019","GOqEl4ADyVk","NEGATIVE_CONTROL","dim.teachingValue","61","heuristic dimension","69"
"c=c578805cc019","GOqEl4ADyVk","NEGATIVE_CONTROL","dim.entertainment","40","heuristic dimension","69"
"c=c578805cc019","GOqEl4ADyVk","NEGATIVE_CONTROL","base_score","70.9","0.55*drivers + 0.45*gates","69"
"c=c578805cc019","GOqEl4ADyVk","NEGATIVE_CONTROL","duration_multiplier","0.974","piecewise duration curve","69"
"c=f036b224755b","GOqEl4ADyVk","NEGATIVE_CONTROL","dim.hook","33","heuristic dimension","67"
"c=f036b224755b","GOqEl4ADyVk","NEGATIVE_CONTROL","dim.curiosity","81","heuristic dimension","67"
"c=f036b224755b","GOqEl4ADyVk","NEGATIVE_CONTROL","dim.emotion","84","heuristic dimension","67"
"c=f036b224755b","GOqEl4ADyVk","NEGATIVE_CONTROL","dim.storytelling","75","heuristic dimension","67"
"c=f036b224755b","GOqEl4ADyVk","NEGATIVE_CONTROL","dim.standalone","70","heuristic dimension","67"
"c=f036b224755b","GOqEl4ADyVk","NEGATIVE_CONTROL","dim.shareability","54","heuristic dimension","67"
"c=f036b224755b","GOqEl4ADyVk","NEGATIVE_CONTROL","dim.clarity","73","heuristic dimension","67"
"c=f036b224755b","GOqEl4ADyVk","NEGATIVE_CONTROL","dim.controversy","30","heuristic dimension","67"
"c=f036b224755b","GOqEl4ADyVk","NEGATIVE_CONTROL","dim.teachingValue","46","heuristic dimension","67"
"c=f036b224755b","GOqEl4ADyVk","NEGATIVE_CONTROL","dim.entertainment","40","heuristic dimension","67"
"c=f036b224755b","GOqEl4ADyVk","NEGATIVE_CONTROL","base_score","72.3","0.55*drivers + 0.45*gates","67"
"c=f036b224755b","GOqEl4ADyVk","NEGATIVE_CONTROL","duration_multiplier","0.923","piecewise duration curve","67"
"c=858a8a6ecf9e","GOqEl4ADyVk","NEGATIVE_CONTROL","dim.hook","46","heuristic dimension","73"
"c=858a8a6ecf9e","GOqEl4ADyVk","NEGATIVE_CONTROL","dim.curiosity","50","heuristic dimension","73"
"c=858a8a6ecf9e","GOqEl4ADyVk","NEGATIVE_CONTROL","dim.emotion","84","heuristic dimension","73"
"c=858a8a6ecf9e","GOqEl4ADyVk","NEGATIVE_CONTROL","dim.storytelling","68","heuristic dimension","73"
"c=858a8a6ecf9e","GOqEl4ADyVk","NEGATIVE_CONTROL","dim.standalone","86","heuristic dimension","73"
"c=858a8a6ecf9e","GOqEl4ADyVk","NEGATIVE_CONTROL","dim.shareability","48","heuristic dimension","73"
"c=858a8a6ecf9e","GOqEl4ADyVk","NEGATIVE_CONTROL","dim.clarity","71","heuristic dimension","73"
"c=858a8a6ecf9e","GOqEl4ADyVk","NEGATIVE_CONTROL","dim.controversy","30","heuristic dimension","73"
"c=858a8a6ecf9e","GOqEl4ADyVk","NEGATIVE_CONTROL","dim.teachingValue","46","heuristic dimension","73"
"c=858a8a6ecf9e","GOqEl4ADyVk","NEGATIVE_CONTROL","dim.entertainment","59","heuristic dimension","73"
"c=858a8a6ecf9e","GOqEl4ADyVk","NEGATIVE_CONTROL","base_score","73.1","0.55*drivers + 0.45*gates","73"
"c=858a8a6ecf9e","GOqEl4ADyVk","NEGATIVE_CONTROL","duration_multiplier","0.998","piecewise duration curve","73"
"c=04cb286eea2a","GOqEl4ADyVk","NEGATIVE_CONTROL","dim.hook","22","heuristic dimension","74"
"c=04cb286eea2a","GOqEl4ADyVk","NEGATIVE_CONTROL","dim.curiosity","67","heuristic dimension","74"
"c=04cb286eea2a","GOqEl4ADyVk","NEGATIVE_CONTROL","dim.emotion","92","heuristic dimension","74"
"c=04cb286eea2a","GOqEl4ADyVk","NEGATIVE_CONTROL","dim.storytelling","92","heuristic dimension","74"
"c=04cb286eea2a","GOqEl4ADyVk","NEGATIVE_CONTROL","dim.standalone","62","heuristic dimension","74"
"c=04cb286eea2a","GOqEl4ADyVk","NEGATIVE_CONTROL","dim.shareability","60","heuristic dimension","74"
"c=04cb286eea2a","GOqEl4ADyVk","NEGATIVE_CONTROL","dim.clarity","67","heuristic dimension","74"
"c=04cb286eea2a","GOqEl4ADyVk","NEGATIVE_CONTROL","dim.controversy","30","heuristic dimension","74"
"c=04cb286eea2a","GOqEl4ADyVk","NEGATIVE_CONTROL","dim.teachingValue","46","heuristic dimension","74"
"c=04cb286eea2a","GOqEl4ADyVk","NEGATIVE_CONTROL","dim.entertainment","40","heuristic dimension","74"
"c=04cb286eea2a","GOqEl4ADyVk","NEGATIVE_CONTROL","base_score","73.8","0.55*drivers + 0.45*gates","74"
"c=04cb286eea2a","GOqEl4ADyVk","NEGATIVE_CONTROL","duration_multiplier","1","piecewise duration curve","74"
"c=accb7b3fcd00","GOqEl4ADyVk","NEGATIVE_CONTROL","dim.hook","46","heuristic dimension","72"
"c=accb7b3fcd00","GOqEl4ADyVk","NEGATIVE_CONTROL","dim.curiosity","59","heuristic dimension","72"
"c=accb7b3fcd00","GOqEl4ADyVk","NEGATIVE_CONTROL","dim.emotion","69","heuristic dimension","72"
"c=accb7b3fcd00","GOqEl4ADyVk","NEGATIVE_CONTROL","dim.storytelling","75","heuristic dimension","72"
"c=accb7b3fcd00","GOqEl4ADyVk","NEGATIVE_CONTROL","dim.standalone","86","heuristic dimension","72"
"c=accb7b3fcd00","GOqEl4ADyVk","NEGATIVE_CONTROL","dim.shareability","48","heuristic dimension","72"
"c=accb7b3fcd00","GOqEl4ADyVk","NEGATIVE_CONTROL","dim.clarity","79","heuristic dimension","72"
"c=accb7b3fcd00","GOqEl4ADyVk","NEGATIVE_CONTROL","dim.controversy","30","heuristic dimension","72"
"c=accb7b3fcd00","GOqEl4ADyVk","NEGATIVE_CONTROL","dim.teachingValue","51","heuristic dimension","72"
"c=accb7b3fcd00","GOqEl4ADyVk","NEGATIVE_CONTROL","dim.entertainment","40","heuristic dimension","72"
"c=accb7b3fcd00","GOqEl4ADyVk","NEGATIVE_CONTROL","base_score","72","0.55*drivers + 0.45*gates","72"
"c=accb7b3fcd00","GOqEl4ADyVk","NEGATIVE_CONTROL","duration_multiplier","0.997","piecewise duration curve","72"
"c=cb7c24e086da","GOqEl4ADyVk","NEGATIVE_CONTROL","dim.hook","46","heuristic dimension","73"
"c=cb7c24e086da","GOqEl4ADyVk","NEGATIVE_CONTROL","dim.curiosity","63","heuristic dimension","73"
"c=cb7c24e086da","GOqEl4ADyVk","NEGATIVE_CONTROL","dim.emotion","75","heuristic dimension","73"
"c=cb7c24e086da","GOqEl4ADyVk","NEGATIVE_CONTROL","dim.storytelling","96","heuristic dimension","73"
"c=cb7c24e086da","GOqEl4ADyVk","NEGATIVE_CONTROL","dim.standalone","86","heuristic dimension","73"
"c=cb7c24e086da","GOqEl4ADyVk","NEGATIVE_CONTROL","dim.shareability","48","heuristic dimension","73"
"c=cb7c24e086da","GOqEl4ADyVk","NEGATIVE_CONTROL","dim.clarity","62","heuristic dimension","73"
"c=cb7c24e086da","GOqEl4ADyVk","NEGATIVE_CONTROL","dim.controversy","30","heuristic dimension","73"
"c=cb7c24e086da","GOqEl4ADyVk","NEGATIVE_CONTROL","dim.teachingValue","51","heuristic dimension","73"
"c=cb7c24e086da","GOqEl4ADyVk","NEGATIVE_CONTROL","dim.entertainment","40","heuristic dimension","73"
"c=cb7c24e086da","GOqEl4ADyVk","NEGATIVE_CONTROL","base_score","77.1","0.55*drivers + 0.45*gates","73"
"c=cb7c24e086da","GOqEl4ADyVk","NEGATIVE_CONTROL","duration_multiplier","0.941","piecewise duration curve","73"
"c=20397136965a","GOqEl4ADyVk","NEGATIVE_CONTROL","dim.hook","22","heuristic dimension","62"
"c=20397136965a","GOqEl4ADyVk","NEGATIVE_CONTROL","dim.curiosity","59","heuristic dimension","62"
"c=20397136965a","GOqEl4ADyVk","NEGATIVE_CONTROL","dim.emotion","80","heuristic dimension","62"
"c=20397136965a","GOqEl4ADyVk","NEGATIVE_CONTROL","dim.storytelling","76","heuristic dimension","62"
"c=20397136965a","GOqEl4ADyVk","NEGATIVE_CONTROL","dim.standalone","50","heuristic dimension","62"
"c=20397136965a","GOqEl4ADyVk","NEGATIVE_CONTROL","dim.shareability","54","heuristic dimension","62"
"c=20397136965a","GOqEl4ADyVk","NEGATIVE_CONTROL","dim.clarity","64","heuristic dimension","62"
"c=20397136965a","GOqEl4ADyVk","NEGATIVE_CONTROL","dim.controversy","30","heuristic dimension","62"
"c=20397136965a","GOqEl4ADyVk","NEGATIVE_CONTROL","dim.teachingValue","46","heuristic dimension","62"
"c=20397136965a","GOqEl4ADyVk","NEGATIVE_CONTROL","dim.entertainment","40","heuristic dimension","62"
"c=20397136965a","GOqEl4ADyVk","NEGATIVE_CONTROL","base_score","63.5","0.55*drivers + 0.45*gates","62"
"c=20397136965a","GOqEl4ADyVk","NEGATIVE_CONTROL","duration_multiplier","0.983","piecewise duration curve","62"
"c=f4f0d296e652","GOqEl4ADyVk","NEGATIVE_CONTROL","dim.hook","46","heuristic dimension","77"
"c=f4f0d296e652","GOqEl4ADyVk","NEGATIVE_CONTROL","dim.curiosity","54","heuristic dimension","77"
"c=f4f0d296e652","GOqEl4ADyVk","NEGATIVE_CONTROL","dim.emotion","100","heuristic dimension","77"
"c=f4f0d296e652","GOqEl4ADyVk","NEGATIVE_CONTROL","dim.storytelling","79","heuristic dimension","77"
"c=f4f0d296e652","GOqEl4ADyVk","NEGATIVE_CONTROL","dim.standalone","66","heuristic dimension","77"
"c=f4f0d296e652","GOqEl4ADyVk","NEGATIVE_CONTROL","dim.shareability","54","heuristic dimension","77"
"c=f4f0d296e652","GOqEl4ADyVk","NEGATIVE_CONTROL","dim.clarity","71","heuristic dimension","77"
"c=f4f0d296e652","GOqEl4ADyVk","NEGATIVE_CONTROL","dim.controversy","30","heuristic dimension","77"
"c=f4f0d296e652","GOqEl4ADyVk","NEGATIVE_CONTROL","dim.teachingValue","46","heuristic dimension","77"
"c=f4f0d296e652","GOqEl4ADyVk","NEGATIVE_CONTROL","dim.entertainment","40","heuristic dimension","77"
"c=f4f0d296e652","GOqEl4ADyVk","NEGATIVE_CONTROL","base_score","76.9","0.55*drivers + 0.45*gates","77"
"c=f4f0d296e652","GOqEl4ADyVk","NEGATIVE_CONTROL","duration_multiplier","1","piecewise duration curve","77"
"c=3de6906bccbc","GOqEl4ADyVk","NEGATIVE_CONTROL","dim.hook","46","heuristic dimension","71"
"c=3de6906bccbc","GOqEl4ADyVk","NEGATIVE_CONTROL","dim.curiosity","63","heuristic dimension","71"
"c=3de6906bccbc","GOqEl4ADyVk","NEGATIVE_CONTROL","dim.emotion","81","heuristic dimension","71"
"c=3de6906bccbc","GOqEl4ADyVk","NEGATIVE_CONTROL","dim.storytelling","68","heuristic dimension","71"
"c=3de6906bccbc","GOqEl4ADyVk","NEGATIVE_CONTROL","dim.standalone","86","heuristic dimension","71"
"c=3de6906bccbc","GOqEl4ADyVk","NEGATIVE_CONTROL","dim.shareability","78","heuristic dimension","71"
"c=3de6906bccbc","GOqEl4ADyVk","NEGATIVE_CONTROL","dim.clarity","66","heuristic dimension","71"
"c=3de6906bccbc","GOqEl4ADyVk","NEGATIVE_CONTROL","dim.controversy","30","heuristic dimension","71"
"c=3de6906bccbc","GOqEl4ADyVk","NEGATIVE_CONTROL","dim.teachingValue","46","heuristic dimension","71"
"c=3de6906bccbc","GOqEl4ADyVk","NEGATIVE_CONTROL","dim.entertainment","40","heuristic dimension","71"
"c=3de6906bccbc","GOqEl4ADyVk","NEGATIVE_CONTROL","base_score","74.3","0.55*drivers + 0.45*gates","71"
"c=3de6906bccbc","GOqEl4ADyVk","NEGATIVE_CONTROL","duration_multiplier","0.96","piecewise duration curve","71"
"c=821d405b9509","GOqEl4ADyVk","NEGATIVE_CONTROL","dim.hook","46","heuristic dimension","71"
"c=821d405b9509","GOqEl4ADyVk","NEGATIVE_CONTROL","dim.curiosity","56","heuristic dimension","71"
"c=821d405b9509","GOqEl4ADyVk","NEGATIVE_CONTROL","dim.emotion","54","heuristic dimension","71"
"c=821d405b9509","GOqEl4ADyVk","NEGATIVE_CONTROL","dim.storytelling","71","heuristic dimension","71"
"c=821d405b9509","GOqEl4ADyVk","NEGATIVE_CONTROL","dim.standalone","86","heuristic dimension","71"
"c=821d405b9509","GOqEl4ADyVk","NEGATIVE_CONTROL","dim.shareability","72","heuristic dimension","71"
"c=821d405b9509","GOqEl4ADyVk","NEGATIVE_CONTROL","dim.clarity","76","heuristic dimension","71"
"c=821d405b9509","GOqEl4ADyVk","NEGATIVE_CONTROL","dim.controversy","30","heuristic dimension","71"
"c=821d405b9509","GOqEl4ADyVk","NEGATIVE_CONTROL","dim.teachingValue","46","heuristic dimension","71"
"c=821d405b9509","GOqEl4ADyVk","NEGATIVE_CONTROL","dim.entertainment","40","heuristic dimension","71"
"c=821d405b9509","GOqEl4ADyVk","NEGATIVE_CONTROL","base_score","71.3","0.55*drivers + 0.45*gates","71"
"c=821d405b9509","GOqEl4ADyVk","NEGATIVE_CONTROL","duration_multiplier","1","piecewise duration curve","71"
"c=485597b1210b","GOqEl4ADyVk","NEGATIVE_CONTROL","dim.hook","20","heuristic dimension","64"
"c=485597b1210b","GOqEl4ADyVk","NEGATIVE_CONTROL","dim.curiosity","82","heuristic dimension","64"
"c=485597b1210b","GOqEl4ADyVk","NEGATIVE_CONTROL","dim.emotion","63","heuristic dimension","64"
"c=485597b1210b","GOqEl4ADyVk","NEGATIVE_CONTROL","dim.storytelling","58","heuristic dimension","64"
"c=485597b1210b","GOqEl4ADyVk","NEGATIVE_CONTROL","dim.standalone","70","heuristic dimension","64"
"c=485597b1210b","GOqEl4ADyVk","NEGATIVE_CONTROL","dim.shareability","54","heuristic dimension","64"
"c=485597b1210b","GOqEl4ADyVk","NEGATIVE_CONTROL","dim.clarity","58","heuristic dimension","64"
"c=485597b1210b","GOqEl4ADyVk","NEGATIVE_CONTROL","dim.controversy","30","heuristic dimension","64"
"c=485597b1210b","GOqEl4ADyVk","NEGATIVE_CONTROL","dim.teachingValue","66","heuristic dimension","64"
"c=485597b1210b","GOqEl4ADyVk","NEGATIVE_CONTROL","dim.entertainment","40","heuristic dimension","64"
"c=485597b1210b","GOqEl4ADyVk","NEGATIVE_CONTROL","base_score","63.8","0.55*drivers + 0.45*gates","64"
"c=485597b1210b","GOqEl4ADyVk","NEGATIVE_CONTROL","duration_multiplier","1","piecewise duration curve","64"
"c=9d26b621a34f","GOqEl4ADyVk","NEGATIVE_CONTROL","dim.hook","31","heuristic dimension","58"
"c=9d26b621a34f","GOqEl4ADyVk","NEGATIVE_CONTROL","dim.curiosity","69","heuristic dimension","58"
"c=9d26b621a34f","GOqEl4ADyVk","NEGATIVE_CONTROL","dim.emotion","67","heuristic dimension","58"
"c=9d26b621a34f","GOqEl4ADyVk","NEGATIVE_CONTROL","dim.storytelling","71","heuristic dimension","58"
"c=9d26b621a34f","GOqEl4ADyVk","NEGATIVE_CONTROL","dim.standalone","46","heuristic dimension","58"
"c=9d26b621a34f","GOqEl4ADyVk","NEGATIVE_CONTROL","dim.shareability","66","heuristic dimension","58"
"c=9d26b621a34f","GOqEl4ADyVk","NEGATIVE_CONTROL","dim.clarity","68","heuristic dimension","58"
"c=9d26b621a34f","GOqEl4ADyVk","NEGATIVE_CONTROL","dim.controversy","30","heuristic dimension","58"
"c=9d26b621a34f","GOqEl4ADyVk","NEGATIVE_CONTROL","dim.teachingValue","61","heuristic dimension","58"
"c=9d26b621a34f","GOqEl4ADyVk","NEGATIVE_CONTROL","dim.entertainment","40","heuristic dimension","58"
"c=9d26b621a34f","GOqEl4ADyVk","NEGATIVE_CONTROL","base_score","60.1","0.55*drivers + 0.45*gates","58"
"c=9d26b621a34f","GOqEl4ADyVk","NEGATIVE_CONTROL","duration_multiplier","0.97","piecewise duration curve","58"
"c=538936b2e616","GOqEl4ADyVk","NEGATIVE_CONTROL","dim.hook","22","heuristic dimension","60"
"c=538936b2e616","GOqEl4ADyVk","NEGATIVE_CONTROL","dim.curiosity","67","heuristic dimension","60"
"c=538936b2e616","GOqEl4ADyVk","NEGATIVE_CONTROL","dim.emotion","72","heuristic dimension","60"
"c=538936b2e616","GOqEl4ADyVk","NEGATIVE_CONTROL","dim.storytelling","72","heuristic dimension","60"
"c=538936b2e616","GOqEl4ADyVk","NEGATIVE_CONTROL","dim.standalone","62","heuristic dimension","60"
"c=538936b2e616","GOqEl4ADyVk","NEGATIVE_CONTROL","dim.shareability","54","heuristic dimension","60"
"c=538936b2e616","GOqEl4ADyVk","NEGATIVE_CONTROL","dim.clarity","58","heuristic dimension","60"
"c=538936b2e616","GOqEl4ADyVk","NEGATIVE_CONTROL","dim.controversy","49","heuristic dimension","60"
"c=538936b2e616","GOqEl4ADyVk","NEGATIVE_CONTROL","dim.teachingValue","46","heuristic dimension","60"
"c=538936b2e616","GOqEl4ADyVk","NEGATIVE_CONTROL","dim.entertainment","40","heuristic dimension","60"
"c=538936b2e616","GOqEl4ADyVk","NEGATIVE_CONTROL","base_score","61.6","0.55*drivers + 0.45*gates","60"
"c=538936b2e616","GOqEl4ADyVk","NEGATIVE_CONTROL","duration_multiplier","0.982","piecewise duration curve","60"
"c=76610baaa229","GOqEl4ADyVk","NEGATIVE_CONTROL","dim.hook","55","heuristic dimension","76"
"c=76610baaa229","GOqEl4ADyVk","NEGATIVE_CONTROL","dim.curiosity","50","heuristic dimension","76"
"c=76610baaa229","GOqEl4ADyVk","NEGATIVE_CONTROL","dim.emotion","91","heuristic dimension","76"
"c=76610baaa229","GOqEl4ADyVk","NEGATIVE_CONTROL","dim.storytelling","71","heuristic dimension","76"
"c=76610baaa229","GOqEl4ADyVk","NEGATIVE_CONTROL","dim.standalone","86","heuristic dimension","76"
"c=76610baaa229","GOqEl4ADyVk","NEGATIVE_CONTROL","dim.shareability","48","heuristic dimension","76"
"c=76610baaa229","GOqEl4ADyVk","NEGATIVE_CONTROL","dim.clarity","65","heuristic dimension","76"
"c=76610baaa229","GOqEl4ADyVk","NEGATIVE_CONTROL","dim.controversy","30","heuristic dimension","76"
"c=76610baaa229","GOqEl4ADyVk","NEGATIVE_CONTROL","dim.teachingValue","46","heuristic dimension","76"
"c=76610baaa229","GOqEl4ADyVk","NEGATIVE_CONTROL","dim.entertainment","40","heuristic dimension","76"
"c=76610baaa229","GOqEl4ADyVk","NEGATIVE_CONTROL","base_score","76.2","0.55*drivers + 0.45*gates","76"
"c=76610baaa229","GOqEl4ADyVk","NEGATIVE_CONTROL","duration_multiplier","1","piecewise duration curve","76"
"c=3dc8dcadbf82","GOqEl4ADyVk","NEGATIVE_CONTROL","dim.hook","46","heuristic dimension","73"
"c=3dc8dcadbf82","GOqEl4ADyVk","NEGATIVE_CONTROL","dim.curiosity","69","heuristic dimension","73"
"c=3dc8dcadbf82","GOqEl4ADyVk","NEGATIVE_CONTROL","dim.emotion","71","heuristic dimension","73"
"c=3dc8dcadbf82","GOqEl4ADyVk","NEGATIVE_CONTROL","dim.storytelling","84","heuristic dimension","73"
"c=3dc8dcadbf82","GOqEl4ADyVk","NEGATIVE_CONTROL","dim.standalone","86","heuristic dimension","73"
"c=3dc8dcadbf82","GOqEl4ADyVk","NEGATIVE_CONTROL","dim.shareability","48","heuristic dimension","73"
"c=3dc8dcadbf82","GOqEl4ADyVk","NEGATIVE_CONTROL","dim.clarity","63","heuristic dimension","73"
"c=3dc8dcadbf82","GOqEl4ADyVk","NEGATIVE_CONTROL","dim.controversy","30","heuristic dimension","73"
"c=3dc8dcadbf82","GOqEl4ADyVk","NEGATIVE_CONTROL","dim.teachingValue","46","heuristic dimension","73"
"c=3dc8dcadbf82","GOqEl4ADyVk","NEGATIVE_CONTROL","dim.entertainment","59","heuristic dimension","73"
"c=3dc8dcadbf82","GOqEl4ADyVk","NEGATIVE_CONTROL","base_score","72.8","0.55*drivers + 0.45*gates","73"
"c=3dc8dcadbf82","GOqEl4ADyVk","NEGATIVE_CONTROL","duration_multiplier","1","piecewise duration curve","73"
"c=4581b681c518","GOqEl4ADyVk","NEGATIVE_CONTROL","dim.hook","22","heuristic dimension","61"
"c=4581b681c518","GOqEl4ADyVk","NEGATIVE_CONTROL","dim.curiosity","76","heuristic dimension","61"
"c=4581b681c518","GOqEl4ADyVk","NEGATIVE_CONTROL","dim.emotion","64","heuristic dimension","61"
"c=4581b681c518","GOqEl4ADyVk","NEGATIVE_CONTROL","dim.storytelling","58","heuristic dimension","61"
"c=4581b681c518","GOqEl4ADyVk","NEGATIVE_CONTROL","dim.standalone","46","heuristic dimension","61"
"c=4581b681c518","GOqEl4ADyVk","NEGATIVE_CONTROL","dim.shareability","48","heuristic dimension","61"
"c=4581b681c518","GOqEl4ADyVk","NEGATIVE_CONTROL","dim.clarity","84","heuristic dimension","61"
"c=4581b681c518","GOqEl4ADyVk","NEGATIVE_CONTROL","dim.controversy","49","heuristic dimension","61"
"c=4581b681c518","GOqEl4ADyVk","NEGATIVE_CONTROL","dim.teachingValue","51","heuristic dimension","61"
"c=4581b681c518","GOqEl4ADyVk","NEGATIVE_CONTROL","dim.entertainment","59","heuristic dimension","61"
"c=4581b681c518","GOqEl4ADyVk","NEGATIVE_CONTROL","base_score","61.1","0.55*drivers + 0.45*gates","61"
"c=4581b681c518","GOqEl4ADyVk","NEGATIVE_CONTROL","duration_multiplier","1","piecewise duration curve","61"
"c=48144e00ee76","GOqEl4ADyVk","NEGATIVE_CONTROL","dim.hook","0","heuristic dimension","48"
"c=48144e00ee76","GOqEl4ADyVk","NEGATIVE_CONTROL","dim.curiosity","50","heuristic dimension","48"
"c=48144e00ee76","GOqEl4ADyVk","NEGATIVE_CONTROL","dim.emotion","71","heuristic dimension","48"
"c=48144e00ee76","GOqEl4ADyVk","NEGATIVE_CONTROL","dim.storytelling","58","heuristic dimension","48"
"c=48144e00ee76","GOqEl4ADyVk","NEGATIVE_CONTROL","dim.standalone","42","heuristic dimension","48"
"c=48144e00ee76","GOqEl4ADyVk","NEGATIVE_CONTROL","dim.shareability","48","heuristic dimension","48"
"c=48144e00ee76","GOqEl4ADyVk","NEGATIVE_CONTROL","dim.clarity","44","heuristic dimension","48"
"c=48144e00ee76","GOqEl4ADyVk","NEGATIVE_CONTROL","dim.controversy","30","heuristic dimension","48"
"c=48144e00ee76","GOqEl4ADyVk","NEGATIVE_CONTROL","dim.teachingValue","46","heuristic dimension","48"
"c=48144e00ee76","GOqEl4ADyVk","NEGATIVE_CONTROL","dim.entertainment","40","heuristic dimension","48"
"c=48144e00ee76","GOqEl4ADyVk","NEGATIVE_CONTROL","base_score","49","0.55*drivers + 0.45*gates","48"
"c=48144e00ee76","GOqEl4ADyVk","NEGATIVE_CONTROL","duration_multiplier","0.983","piecewise duration curve","48"
"c=fbd1bc763d4a","GOqEl4ADyVk","NEGATIVE_CONTROL","dim.hook","33","heuristic dimension","68"
"c=fbd1bc763d4a","GOqEl4ADyVk","NEGATIVE_CONTROL","dim.curiosity","54","heuristic dimension","68"
"c=fbd1bc763d4a","GOqEl4ADyVk","NEGATIVE_CONTROL","dim.emotion","64","heuristic dimension","68"
"c=fbd1bc763d4a","GOqEl4ADyVk","NEGATIVE_CONTROL","dim.storytelling","84","heuristic dimension","68"
"c=fbd1bc763d4a","GOqEl4ADyVk","NEGATIVE_CONTROL","dim.standalone","86","heuristic dimension","68"
"c=fbd1bc763d4a","GOqEl4ADyVk","NEGATIVE_CONTROL","dim.shareability","48","heuristic dimension","68"
"c=fbd1bc763d4a","GOqEl4ADyVk","NEGATIVE_CONTROL","dim.clarity","58","heuristic dimension","68"
"c=fbd1bc763d4a","GOqEl4ADyVk","NEGATIVE_CONTROL","dim.controversy","30","heuristic dimension","68"
"c=fbd1bc763d4a","GOqEl4ADyVk","NEGATIVE_CONTROL","dim.teachingValue","46","heuristic dimension","68"
"c=fbd1bc763d4a","GOqEl4ADyVk","NEGATIVE_CONTROL","dim.entertainment","40","heuristic dimension","68"
"c=fbd1bc763d4a","GOqEl4ADyVk","NEGATIVE_CONTROL","base_score","68.5","0.55*drivers + 0.45*gates","68"
"c=fbd1bc763d4a","GOqEl4ADyVk","NEGATIVE_CONTROL","duration_multiplier","1","piecewise duration curve","68"
"c=503330aaac70","GOqEl4ADyVk","NEGATIVE_CONTROL","dim.hook","33","heuristic dimension","63"
"c=503330aaac70","GOqEl4ADyVk","NEGATIVE_CONTROL","dim.curiosity","67","heuristic dimension","63"
"c=503330aaac70","GOqEl4ADyVk","NEGATIVE_CONTROL","dim.emotion","56","heuristic dimension","63"
"c=503330aaac70","GOqEl4ADyVk","NEGATIVE_CONTROL","dim.storytelling","71","heuristic dimension","63"
"c=503330aaac70","GOqEl4ADyVk","NEGATIVE_CONTROL","dim.standalone","66","heuristic dimension","63"
"c=503330aaac70","GOqEl4ADyVk","NEGATIVE_CONTROL","dim.shareability","48","heuristic dimension","63"
"c=503330aaac70","GOqEl4ADyVk","NEGATIVE_CONTROL","dim.clarity","69","heuristic dimension","63"
"c=503330aaac70","GOqEl4ADyVk","NEGATIVE_CONTROL","dim.controversy","30","heuristic dimension","63"
"c=503330aaac70","GOqEl4ADyVk","NEGATIVE_CONTROL","dim.teachingValue","46","heuristic dimension","63"
"c=503330aaac70","GOqEl4ADyVk","NEGATIVE_CONTROL","dim.entertainment","59","heuristic dimension","63"
"c=503330aaac70","GOqEl4ADyVk","NEGATIVE_CONTROL","base_score","63.6","0.55*drivers + 0.45*gates","63"
"c=503330aaac70","GOqEl4ADyVk","NEGATIVE_CONTROL","duration_multiplier","0.983","piecewise duration curve","63"
"c=e9d59309dde8","GOqEl4ADyVk","NEGATIVE_CONTROL","dim.hook","33","heuristic dimension","66"
"c=e9d59309dde8","GOqEl4ADyVk","NEGATIVE_CONTROL","dim.curiosity","63","heuristic dimension","66"
"c=e9d59309dde8","GOqEl4ADyVk","NEGATIVE_CONTROL","dim.emotion","61","heuristic dimension","66"
"c=e9d59309dde8","GOqEl4ADyVk","NEGATIVE_CONTROL","dim.storytelling","67","heuristic dimension","66"
"c=e9d59309dde8","GOqEl4ADyVk","NEGATIVE_CONTROL","dim.standalone","86","heuristic dimension","66"
"c=e9d59309dde8","GOqEl4ADyVk","NEGATIVE_CONTROL","dim.shareability","72","heuristic dimension","66"
"c=e9d59309dde8","GOqEl4ADyVk","NEGATIVE_CONTROL","dim.clarity","60","heuristic dimension","66"
"c=e9d59309dde8","GOqEl4ADyVk","NEGATIVE_CONTROL","dim.controversy","30","heuristic dimension","66"
"c=e9d59309dde8","GOqEl4ADyVk","NEGATIVE_CONTROL","dim.teachingValue","46","heuristic dimension","66"
"c=e9d59309dde8","GOqEl4ADyVk","NEGATIVE_CONTROL","dim.entertainment","59","heuristic dimension","66"
"c=e9d59309dde8","GOqEl4ADyVk","NEGATIVE_CONTROL","base_score","66.3","0.55*drivers + 0.45*gates","66"
"c=e9d59309dde8","GOqEl4ADyVk","NEGATIVE_CONTROL","duration_multiplier","0.991","piecewise duration curve","66"
"c=9e2f4ad5335b","GOqEl4ADyVk","NEGATIVE_CONTROL","dim.hook","18","heuristic dimension","65"
"c=9e2f4ad5335b","GOqEl4ADyVk","NEGATIVE_CONTROL","dim.curiosity","54","heuristic dimension","65"
"c=9e2f4ad5335b","GOqEl4ADyVk","NEGATIVE_CONTROL","dim.emotion","100","heuristic dimension","65"
"c=9e2f4ad5335b","GOqEl4ADyVk","NEGATIVE_CONTROL","dim.storytelling","50","heuristic dimension","65"
"c=9e2f4ad5335b","GOqEl4ADyVk","NEGATIVE_CONTROL","dim.standalone","62","heuristic dimension","65"
"c=9e2f4ad5335b","GOqEl4ADyVk","NEGATIVE_CONTROL","dim.shareability","54","heuristic dimension","65"
"c=9e2f4ad5335b","GOqEl4ADyVk","NEGATIVE_CONTROL","dim.clarity","70","heuristic dimension","65"
"c=9e2f4ad5335b","GOqEl4ADyVk","NEGATIVE_CONTROL","dim.controversy","30","heuristic dimension","65"
"c=9e2f4ad5335b","GOqEl4ADyVk","NEGATIVE_CONTROL","dim.teachingValue","46","heuristic dimension","65"
"c=9e2f4ad5335b","GOqEl4ADyVk","NEGATIVE_CONTROL","dim.entertainment","40","heuristic dimension","65"
"c=9e2f4ad5335b","GOqEl4ADyVk","NEGATIVE_CONTROL","base_score","65.4","0.55*drivers + 0.45*gates","65"
"c=9e2f4ad5335b","GOqEl4ADyVk","NEGATIVE_CONTROL","duration_multiplier","1","piecewise duration curve","65"
"c=fb53d482602c","GOqEl4ADyVk","NEGATIVE_CONTROL","dim.hook","79","heuristic dimension","80"
"c=fb53d482602c","GOqEl4ADyVk","NEGATIVE_CONTROL","dim.curiosity","54","heuristic dimension","80"
"c=fb53d482602c","GOqEl4ADyVk","NEGATIVE_CONTROL","dim.emotion","93","heuristic dimension","80"
"c=fb53d482602c","GOqEl4ADyVk","NEGATIVE_CONTROL","dim.storytelling","84","heuristic dimension","80"
"c=fb53d482602c","GOqEl4ADyVk","NEGATIVE_CONTROL","dim.standalone","86","heuristic dimension","80"
"c=fb53d482602c","GOqEl4ADyVk","NEGATIVE_CONTROL","dim.shareability","48","heuristic dimension","80"
"c=fb53d482602c","GOqEl4ADyVk","NEGATIVE_CONTROL","dim.clarity","48","heuristic dimension","80"
"c=fb53d482602c","GOqEl4ADyVk","NEGATIVE_CONTROL","dim.controversy","30","heuristic dimension","80"
"c=fb53d482602c","GOqEl4ADyVk","NEGATIVE_CONTROL","dim.teachingValue","61","heuristic dimension","80"
"c=fb53d482602c","GOqEl4ADyVk","NEGATIVE_CONTROL","dim.entertainment","59","heuristic dimension","80"
"c=fb53d482602c","GOqEl4ADyVk","NEGATIVE_CONTROL","base_score","81.3","0.55*drivers + 0.45*gates","80"
"c=fb53d482602c","GOqEl4ADyVk","NEGATIVE_CONTROL","duration_multiplier","0.987","piecewise duration curve","80"
"c=fc04f4dddf56","GOqEl4ADyVk","NEGATIVE_CONTROL","dim.hook","22","heuristic dimension","64"
"c=fc04f4dddf56","GOqEl4ADyVk","NEGATIVE_CONTROL","dim.curiosity","69","heuristic dimension","64"
"c=fc04f4dddf56","GOqEl4ADyVk","NEGATIVE_CONTROL","dim.emotion","63","heuristic dimension","64"
"c=fc04f4dddf56","GOqEl4ADyVk","NEGATIVE_CONTROL","dim.storytelling","84","heuristic dimension","64"
"c=fc04f4dddf56","GOqEl4ADyVk","NEGATIVE_CONTROL","dim.standalone","46","heuristic dimension","64"
"c=fc04f4dddf56","GOqEl4ADyVk","NEGATIVE_CONTROL","dim.shareability","72","heuristic dimension","64"
"c=fc04f4dddf56","GOqEl4ADyVk","NEGATIVE_CONTROL","dim.clarity","71","heuristic dimension","64"
"c=fc04f4dddf56","GOqEl4ADyVk","NEGATIVE_CONTROL","dim.controversy","30","heuristic dimension","64"
"c=fc04f4dddf56","GOqEl4ADyVk","NEGATIVE_CONTROL","dim.teachingValue","56","heuristic dimension","64"
"c=fc04f4dddf56","GOqEl4ADyVk","NEGATIVE_CONTROL","dim.entertainment","40","heuristic dimension","64"
"c=fc04f4dddf56","GOqEl4ADyVk","NEGATIVE_CONTROL","base_score","63.7","0.55*drivers + 0.45*gates","64"
"c=fc04f4dddf56","GOqEl4ADyVk","NEGATIVE_CONTROL","duration_multiplier","1","piecewise duration curve","64"
"c=74f265367eae","2HLGcRpw1hc","NEGATIVE_CONTROL","dim.hook","33","heuristic dimension","61"
"c=74f265367eae","2HLGcRpw1hc","NEGATIVE_CONTROL","dim.curiosity","56","heuristic dimension","61"
"c=74f265367eae","2HLGcRpw1hc","NEGATIVE_CONTROL","dim.emotion","75","heuristic dimension","61"
"c=74f265367eae","2HLGcRpw1hc","NEGATIVE_CONTROL","dim.storytelling","58","heuristic dimension","61"
"c=74f265367eae","2HLGcRpw1hc","NEGATIVE_CONTROL","dim.standalone","66","heuristic dimension","61"
"c=74f265367eae","2HLGcRpw1hc","NEGATIVE_CONTROL","dim.shareability","48","heuristic dimension","61"
"c=74f265367eae","2HLGcRpw1hc","NEGATIVE_CONTROL","dim.clarity","64","heuristic dimension","61"
"c=74f265367eae","2HLGcRpw1hc","NEGATIVE_CONTROL","dim.controversy","30","heuristic dimension","61"
"c=74f265367eae","2HLGcRpw1hc","NEGATIVE_CONTROL","dim.teachingValue","46","heuristic dimension","61"
"c=74f265367eae","2HLGcRpw1hc","NEGATIVE_CONTROL","dim.entertainment","59","heuristic dimension","61"
"c=74f265367eae","2HLGcRpw1hc","NEGATIVE_CONTROL","base_score","61.8","0.55*drivers + 0.45*gates","61"
"c=74f265367eae","2HLGcRpw1hc","NEGATIVE_CONTROL","duration_multiplier","0.99","piecewise duration curve","61"
"c=28f669e06042","2HLGcRpw1hc","NEGATIVE_CONTROL","dim.hook","46","heuristic dimension","69"
"c=28f669e06042","2HLGcRpw1hc","NEGATIVE_CONTROL","dim.curiosity","46","heuristic dimension","69"
"c=28f669e06042","2HLGcRpw1hc","NEGATIVE_CONTROL","dim.emotion","73","heuristic dimension","69"
"c=28f669e06042","2HLGcRpw1hc","NEGATIVE_CONTROL","dim.storytelling","71","heuristic dimension","69"
"c=28f669e06042","2HLGcRpw1hc","NEGATIVE_CONTROL","dim.standalone","86","heuristic dimension","69"
"c=28f669e06042","2HLGcRpw1hc","NEGATIVE_CONTROL","dim.shareability","48","heuristic dimension","69"
"c=28f669e06042","2HLGcRpw1hc","NEGATIVE_CONTROL","dim.clarity","61","heuristic dimension","69"
"c=28f669e06042","2HLGcRpw1hc","NEGATIVE_CONTROL","dim.controversy","30","heuristic dimension","69"
"c=28f669e06042","2HLGcRpw1hc","NEGATIVE_CONTROL","dim.teachingValue","46","heuristic dimension","69"
"c=28f669e06042","2HLGcRpw1hc","NEGATIVE_CONTROL","dim.entertainment","40","heuristic dimension","69"
"c=28f669e06042","2HLGcRpw1hc","NEGATIVE_CONTROL","base_score","69.5","0.55*drivers + 0.45*gates","69"
"c=28f669e06042","2HLGcRpw1hc","NEGATIVE_CONTROL","duration_multiplier","0.991","piecewise duration curve","69"
"c=307b36cbd455","2HLGcRpw1hc","NEGATIVE_CONTROL","dim.hook","46","heuristic dimension","69"
"c=307b36cbd455","2HLGcRpw1hc","NEGATIVE_CONTROL","dim.curiosity","46","heuristic dimension","69"
"c=307b36cbd455","2HLGcRpw1hc","NEGATIVE_CONTROL","dim.emotion","74","heuristic dimension","69"
"c=307b36cbd455","2HLGcRpw1hc","NEGATIVE_CONTROL","dim.storytelling","71","heuristic dimension","69"
"c=307b36cbd455","2HLGcRpw1hc","NEGATIVE_CONTROL","dim.standalone","66","heuristic dimension","69"
"c=307b36cbd455","2HLGcRpw1hc","NEGATIVE_CONTROL","dim.shareability","48","heuristic dimension","69"
"c=307b36cbd455","2HLGcRpw1hc","NEGATIVE_CONTROL","dim.clarity","64","heuristic dimension","69"
"c=307b36cbd455","2HLGcRpw1hc","NEGATIVE_CONTROL","dim.controversy","49","heuristic dimension","69"
"c=307b36cbd455","2HLGcRpw1hc","NEGATIVE_CONTROL","dim.teachingValue","46","heuristic dimension","69"
"c=307b36cbd455","2HLGcRpw1hc","NEGATIVE_CONTROL","dim.entertainment","78","heuristic dimension","69"
"c=307b36cbd455","2HLGcRpw1hc","NEGATIVE_CONTROL","base_score","68.5","0.55*drivers + 0.45*gates","69"
"c=307b36cbd455","2HLGcRpw1hc","NEGATIVE_CONTROL","duration_multiplier","1","piecewise duration curve","69"
"c=9291e73da4b7","2HLGcRpw1hc","NEGATIVE_CONTROL","dim.hook","22","heuristic dimension","51"
"c=9291e73da4b7","2HLGcRpw1hc","NEGATIVE_CONTROL","dim.curiosity","54","heuristic dimension","51"
"c=9291e73da4b7","2HLGcRpw1hc","NEGATIVE_CONTROL","dim.emotion","54","heuristic dimension","51"
"c=9291e73da4b7","2HLGcRpw1hc","NEGATIVE_CONTROL","dim.storytelling","67","heuristic dimension","51"
"c=9291e73da4b7","2HLGcRpw1hc","NEGATIVE_CONTROL","dim.standalone","42","heuristic dimension","51"
"c=9291e73da4b7","2HLGcRpw1hc","NEGATIVE_CONTROL","dim.shareability","54","heuristic dimension","51"
"c=9291e73da4b7","2HLGcRpw1hc","NEGATIVE_CONTROL","dim.clarity","51","heuristic dimension","51"
"c=9291e73da4b7","2HLGcRpw1hc","NEGATIVE_CONTROL","dim.controversy","30","heuristic dimension","51"
"c=9291e73da4b7","2HLGcRpw1hc","NEGATIVE_CONTROL","dim.teachingValue","46","heuristic dimension","51"
"c=9291e73da4b7","2HLGcRpw1hc","NEGATIVE_CONTROL","dim.entertainment","40","heuristic dimension","51"
"c=9291e73da4b7","2HLGcRpw1hc","NEGATIVE_CONTROL","base_score","50.7","0.55*drivers + 0.45*gates","51"
"c=9291e73da4b7","2HLGcRpw1hc","NEGATIVE_CONTROL","duration_multiplier","1","piecewise duration curve","51"
"c=b15dabd9174b","2HLGcRpw1hc","NEGATIVE_CONTROL","dim.hook","46","heuristic dimension","66"
"c=b15dabd9174b","2HLGcRpw1hc","NEGATIVE_CONTROL","dim.curiosity","46","heuristic dimension","66"
"c=b15dabd9174b","2HLGcRpw1hc","NEGATIVE_CONTROL","dim.emotion","64","heuristic dimension","66"
"c=b15dabd9174b","2HLGcRpw1hc","NEGATIVE_CONTROL","dim.storytelling","58","heuristic dimension","66"
"c=b15dabd9174b","2HLGcRpw1hc","NEGATIVE_CONTROL","dim.standalone","86","heuristic dimension","66"
"c=b15dabd9174b","2HLGcRpw1hc","NEGATIVE_CONTROL","dim.shareability","48","heuristic dimension","66"
"c=b15dabd9174b","2HLGcRpw1hc","NEGATIVE_CONTROL","dim.clarity","77","heuristic dimension","66"
"c=b15dabd9174b","2HLGcRpw1hc","NEGATIVE_CONTROL","dim.controversy","30","heuristic dimension","66"
"c=b15dabd9174b","2HLGcRpw1hc","NEGATIVE_CONTROL","dim.teachingValue","46","heuristic dimension","66"
"c=b15dabd9174b","2HLGcRpw1hc","NEGATIVE_CONTROL","dim.entertainment","59","heuristic dimension","66"
"c=b15dabd9174b","2HLGcRpw1hc","NEGATIVE_CONTROL","base_score","65.9","0.55*drivers + 0.45*gates","66"
"c=b15dabd9174b","2HLGcRpw1hc","NEGATIVE_CONTROL","duration_multiplier","1","piecewise duration curve","66"
"c=444cbf2983a5","2HLGcRpw1hc","NEGATIVE_CONTROL","dim.hook","20","heuristic dimension","56"
"c=444cbf2983a5","2HLGcRpw1hc","NEGATIVE_CONTROL","dim.curiosity","56","heuristic dimension","56"
"c=444cbf2983a5","2HLGcRpw1hc","NEGATIVE_CONTROL","dim.emotion","54","heuristic dimension","56"
"c=444cbf2983a5","2HLGcRpw1hc","NEGATIVE_CONTROL","dim.storytelling","84","heuristic dimension","56"
"c=444cbf2983a5","2HLGcRpw1hc","NEGATIVE_CONTROL","dim.standalone","66","heuristic dimension","56"
"c=444cbf2983a5","2HLGcRpw1hc","NEGATIVE_CONTROL","dim.shareability","54","heuristic dimension","56"
"c=444cbf2983a5","2HLGcRpw1hc","NEGATIVE_CONTROL","dim.clarity","24","heuristic dimension","56"
"c=444cbf2983a5","2HLGcRpw1hc","NEGATIVE_CONTROL","dim.controversy","30","heuristic dimension","56"
"c=444cbf2983a5","2HLGcRpw1hc","NEGATIVE_CONTROL","dim.teachingValue","51","heuristic dimension","56"
"c=444cbf2983a5","2HLGcRpw1hc","NEGATIVE_CONTROL","dim.entertainment","40","heuristic dimension","56"
"c=444cbf2983a5","2HLGcRpw1hc","NEGATIVE_CONTROL","base_score","56.3","0.55*drivers + 0.45*gates","56"
"c=444cbf2983a5","2HLGcRpw1hc","NEGATIVE_CONTROL","duration_multiplier","0.988","piecewise duration curve","56"
"c=8fb87e3eee31","2HLGcRpw1hc","NEGATIVE_CONTROL","dim.hook","33","heuristic dimension","65"
"c=8fb87e3eee31","2HLGcRpw1hc","NEGATIVE_CONTROL","dim.curiosity","50","heuristic dimension","65"
"c=8fb87e3eee31","2HLGcRpw1hc","NEGATIVE_CONTROL","dim.emotion","75","heuristic dimension","65"
"c=8fb87e3eee31","2HLGcRpw1hc","NEGATIVE_CONTROL","dim.storytelling","80","heuristic dimension","65"
"c=8fb87e3eee31","2HLGcRpw1hc","NEGATIVE_CONTROL","dim.standalone","66","heuristic dimension","65"
"c=8fb87e3eee31","2HLGcRpw1hc","NEGATIVE_CONTROL","dim.shareability","54","heuristic dimension","65"
"c=8fb87e3eee31","2HLGcRpw1hc","NEGATIVE_CONTROL","dim.clarity","44","heuristic dimension","65"
"c=8fb87e3eee31","2HLGcRpw1hc","NEGATIVE_CONTROL","dim.controversy","30","heuristic dimension","65"
"c=8fb87e3eee31","2HLGcRpw1hc","NEGATIVE_CONTROL","dim.teachingValue","46","heuristic dimension","65"
"c=8fb87e3eee31","2HLGcRpw1hc","NEGATIVE_CONTROL","dim.entertainment","59","heuristic dimension","65"
"c=8fb87e3eee31","2HLGcRpw1hc","NEGATIVE_CONTROL","base_score","64.9","0.55*drivers + 0.45*gates","65"
"c=8fb87e3eee31","2HLGcRpw1hc","NEGATIVE_CONTROL","duration_multiplier","0.998","piecewise duration curve","65"
"c=24d31329eab4","2HLGcRpw1hc","NEGATIVE_CONTROL","dim.hook","33","heuristic dimension","58"
"c=24d31329eab4","2HLGcRpw1hc","NEGATIVE_CONTROL","dim.curiosity","50","heuristic dimension","58"
"c=24d31329eab4","2HLGcRpw1hc","NEGATIVE_CONTROL","dim.emotion","44","heuristic dimension","58"
"c=24d31329eab4","2HLGcRpw1hc","NEGATIVE_CONTROL","dim.storytelling","46","heuristic dimension","58"
"c=24d31329eab4","2HLGcRpw1hc","NEGATIVE_CONTROL","dim.standalone","86","heuristic dimension","58"
"c=24d31329eab4","2HLGcRpw1hc","NEGATIVE_CONTROL","dim.shareability","48","heuristic dimension","58"
"c=24d31329eab4","2HLGcRpw1hc","NEGATIVE_CONTROL","dim.clarity","67","heuristic dimension","58"
"c=24d31329eab4","2HLGcRpw1hc","NEGATIVE_CONTROL","dim.controversy","30","heuristic dimension","58"
"c=24d31329eab4","2HLGcRpw1hc","NEGATIVE_CONTROL","dim.teachingValue","46","heuristic dimension","58"
"c=24d31329eab4","2HLGcRpw1hc","NEGATIVE_CONTROL","dim.entertainment","59","heuristic dimension","58"
"c=24d31329eab4","2HLGcRpw1hc","NEGATIVE_CONTROL","base_score","59","0.55*drivers + 0.45*gates","58"
"c=24d31329eab4","2HLGcRpw1hc","NEGATIVE_CONTROL","duration_multiplier","0.981","piecewise duration curve","58"
"c=1ee78f21623a","2HLGcRpw1hc","NEGATIVE_CONTROL","dim.hook","12","heuristic dimension","56"
"c=1ee78f21623a","2HLGcRpw1hc","NEGATIVE_CONTROL","dim.curiosity","46","heuristic dimension","56"
"c=1ee78f21623a","2HLGcRpw1hc","NEGATIVE_CONTROL","dim.emotion","53","heuristic dimension","56"
"c=1ee78f21623a","2HLGcRpw1hc","NEGATIVE_CONTROL","dim.storytelling","71","heuristic dimension","56"
"c=1ee78f21623a","2HLGcRpw1hc","NEGATIVE_CONTROL","dim.standalone","66","heuristic dimension","56"
"c=1ee78f21623a","2HLGcRpw1hc","NEGATIVE_CONTROL","dim.shareability","54","heuristic dimension","56"
"c=1ee78f21623a","2HLGcRpw1hc","NEGATIVE_CONTROL","dim.clarity","47","heuristic dimension","56"
"c=1ee78f21623a","2HLGcRpw1hc","NEGATIVE_CONTROL","dim.controversy","30","heuristic dimension","56"
"c=1ee78f21623a","2HLGcRpw1hc","NEGATIVE_CONTROL","dim.teachingValue","51","heuristic dimension","56"
"c=1ee78f21623a","2HLGcRpw1hc","NEGATIVE_CONTROL","dim.entertainment","59","heuristic dimension","56"
"c=1ee78f21623a","2HLGcRpw1hc","NEGATIVE_CONTROL","base_score","55.6","0.55*drivers + 0.45*gates","56"
"c=1ee78f21623a","2HLGcRpw1hc","NEGATIVE_CONTROL","duration_multiplier","1","piecewise duration curve","56"
"c=9b246945fe8a","2HLGcRpw1hc","NEGATIVE_CONTROL","dim.hook","25","heuristic dimension","61"
"c=9b246945fe8a","2HLGcRpw1hc","NEGATIVE_CONTROL","dim.curiosity","63","heuristic dimension","61"
"c=9b246945fe8a","2HLGcRpw1hc","NEGATIVE_CONTROL","dim.emotion","53","heuristic dimension","61"
"c=9b246945fe8a","2HLGcRpw1hc","NEGATIVE_CONTROL","dim.storytelling","66","heuristic dimension","61"
"c=9b246945fe8a","2HLGcRpw1hc","NEGATIVE_CONTROL","dim.standalone","70","heuristic dimension","61"
"c=9b246945fe8a","2HLGcRpw1hc","NEGATIVE_CONTROL","dim.shareability","48","heuristic dimension","61"
"c=9b246945fe8a","2HLGcRpw1hc","NEGATIVE_CONTROL","dim.clarity","76","heuristic dimension","61"
"c=9b246945fe8a","2HLGcRpw1hc","NEGATIVE_CONTROL","dim.controversy","30","heuristic dimension","61"
"c=9b246945fe8a","2HLGcRpw1hc","NEGATIVE_CONTROL","dim.teachingValue","46","heuristic dimension","61"
"c=9b246945fe8a","2HLGcRpw1hc","NEGATIVE_CONTROL","dim.entertainment","40","heuristic dimension","61"
"c=9b246945fe8a","2HLGcRpw1hc","NEGATIVE_CONTROL","base_score","61.7","0.55*drivers + 0.45*gates","61"
"c=9b246945fe8a","2HLGcRpw1hc","NEGATIVE_CONTROL","duration_multiplier","0.996","piecewise duration curve","61"
"c=94c1d6f70ec3","2HLGcRpw1hc","NEGATIVE_CONTROL","dim.hook","20","heuristic dimension","59"
"c=94c1d6f70ec3","2HLGcRpw1hc","NEGATIVE_CONTROL","dim.curiosity","56","heuristic dimension","59"
"c=94c1d6f70ec3","2HLGcRpw1hc","NEGATIVE_CONTROL","dim.emotion","54","heuristic dimension","59"
"c=94c1d6f70ec3","2HLGcRpw1hc","NEGATIVE_CONTROL","dim.storytelling","62","heuristic dimension","59"
"c=94c1d6f70ec3","2HLGcRpw1hc","NEGATIVE_CONTROL","dim.standalone","86","heuristic dimension","59"
"c=94c1d6f70ec3","2HLGcRpw1hc","NEGATIVE_CONTROL","dim.shareability","54","heuristic dimension","59"
"c=94c1d6f70ec3","2HLGcRpw1hc","NEGATIVE_CONTROL","dim.clarity","54","heuristic dimension","59"
"c=94c1d6f70ec3","2HLGcRpw1hc","NEGATIVE_CONTROL","dim.controversy","30","heuristic dimension","59"
"c=94c1d6f70ec3","2HLGcRpw1hc","NEGATIVE_CONTROL","dim.teachingValue","46","heuristic dimension","59"
"c=94c1d6f70ec3","2HLGcRpw1hc","NEGATIVE_CONTROL","dim.entertainment","59","heuristic dimension","59"
"c=94c1d6f70ec3","2HLGcRpw1hc","NEGATIVE_CONTROL","base_score","58.7","0.55*drivers + 0.45*gates","59"
"c=94c1d6f70ec3","2HLGcRpw1hc","NEGATIVE_CONTROL","duration_multiplier","0.998","piecewise duration curve","59"
"c=a71f49296e03","2HLGcRpw1hc","NEGATIVE_CONTROL","dim.hook","20","heuristic dimension","57"
"c=a71f49296e03","2HLGcRpw1hc","NEGATIVE_CONTROL","dim.curiosity","64","heuristic dimension","57"
"c=a71f49296e03","2HLGcRpw1hc","NEGATIVE_CONTROL","dim.emotion","46","heuristic dimension","57"
"c=a71f49296e03","2HLGcRpw1hc","NEGATIVE_CONTROL","dim.storytelling","46","heuristic dimension","57"
"c=a71f49296e03","2HLGcRpw1hc","NEGATIVE_CONTROL","dim.standalone","70","heuristic dimension","57"
"c=a71f49296e03","2HLGcRpw1hc","NEGATIVE_CONTROL","dim.shareability","48","heuristic dimension","57"
"c=a71f49296e03","2HLGcRpw1hc","NEGATIVE_CONTROL","dim.clarity","61","heuristic dimension","57"
"c=a71f49296e03","2HLGcRpw1hc","NEGATIVE_CONTROL","dim.controversy","30","heuristic dimension","57"
"c=a71f49296e03","2HLGcRpw1hc","NEGATIVE_CONTROL","dim.teachingValue","46","heuristic dimension","57"
"c=a71f49296e03","2HLGcRpw1hc","NEGATIVE_CONTROL","dim.entertainment","59","heuristic dimension","57"
"c=a71f49296e03","2HLGcRpw1hc","NEGATIVE_CONTROL","base_score","57.4","0.55*drivers + 0.45*gates","57"
"c=a71f49296e03","2HLGcRpw1hc","NEGATIVE_CONTROL","duration_multiplier","1","piecewise duration curve","57"
"c=4ac046c40e8b","2HLGcRpw1hc","NEGATIVE_CONTROL","dim.hook","33","heuristic dimension","63"
"c=4ac046c40e8b","2HLGcRpw1hc","NEGATIVE_CONTROL","dim.curiosity","50","heuristic dimension","63"
"c=4ac046c40e8b","2HLGcRpw1hc","NEGATIVE_CONTROL","dim.emotion","50","heuristic dimension","63"
"c=4ac046c40e8b","2HLGcRpw1hc","NEGATIVE_CONTROL","dim.storytelling","71","heuristic dimension","63"
"c=4ac046c40e8b","2HLGcRpw1hc","NEGATIVE_CONTROL","dim.standalone","66","heuristic dimension","63"
"c=4ac046c40e8b","2HLGcRpw1hc","NEGATIVE_CONTROL","dim.shareability","48","heuristic dimension","63"
"c=4ac046c40e8b","2HLGcRpw1hc","NEGATIVE_CONTROL","dim.clarity","41","heuristic dimension","63"
"c=4ac046c40e8b","2HLGcRpw1hc","NEGATIVE_CONTROL","dim.controversy","49","heuristic dimension","63"
"c=4ac046c40e8b","2HLGcRpw1hc","NEGATIVE_CONTROL","dim.teachingValue","46","heuristic dimension","63"
"c=4ac046c40e8b","2HLGcRpw1hc","NEGATIVE_CONTROL","dim.entertainment","78","heuristic dimension","63"
"c=4ac046c40e8b","2HLGcRpw1hc","NEGATIVE_CONTROL","base_score","62.8","0.55*drivers + 0.45*gates","63"
"c=4ac046c40e8b","2HLGcRpw1hc","NEGATIVE_CONTROL","duration_multiplier","1","piecewise duration curve","63"
"c=e7e3a7f65253","2HLGcRpw1hc","NEGATIVE_CONTROL","dim.hook","33","heuristic dimension","61"
"c=e7e3a7f65253","2HLGcRpw1hc","NEGATIVE_CONTROL","dim.curiosity","46","heuristic dimension","61"
"c=e7e3a7f65253","2HLGcRpw1hc","NEGATIVE_CONTROL","dim.emotion","81","heuristic dimension","61"
"c=e7e3a7f65253","2HLGcRpw1hc","NEGATIVE_CONTROL","dim.storytelling","59","heuristic dimension","61"
"c=e7e3a7f65253","2HLGcRpw1hc","NEGATIVE_CONTROL","dim.standalone","66","heuristic dimension","61"
"c=e7e3a7f65253","2HLGcRpw1hc","NEGATIVE_CONTROL","dim.shareability","48","heuristic dimension","61"
"c=e7e3a7f65253","2HLGcRpw1hc","NEGATIVE_CONTROL","dim.clarity","50","heuristic dimension","61"
"c=e7e3a7f65253","2HLGcRpw1hc","NEGATIVE_CONTROL","dim.controversy","30","heuristic dimension","61"
"c=e7e3a7f65253","2HLGcRpw1hc","NEGATIVE_CONTROL","dim.teachingValue","46","heuristic dimension","61"
"c=e7e3a7f65253","2HLGcRpw1hc","NEGATIVE_CONTROL","dim.entertainment","40","heuristic dimension","61"
"c=e7e3a7f65253","2HLGcRpw1hc","NEGATIVE_CONTROL","base_score","61.6","0.55*drivers + 0.45*gates","61"
"c=e7e3a7f65253","2HLGcRpw1hc","NEGATIVE_CONTROL","duration_multiplier","0.996","piecewise duration curve","61"
"c=325250eefc6d","2HLGcRpw1hc","NEGATIVE_CONTROL","dim.hook","33","heuristic dimension","59"
"c=325250eefc6d","2HLGcRpw1hc","NEGATIVE_CONTROL","dim.curiosity","69","heuristic dimension","59"
"c=325250eefc6d","2HLGcRpw1hc","NEGATIVE_CONTROL","dim.emotion","71","heuristic dimension","59"
"c=325250eefc6d","2HLGcRpw1hc","NEGATIVE_CONTROL","dim.storytelling","71","heuristic dimension","59"
"c=325250eefc6d","2HLGcRpw1hc","NEGATIVE_CONTROL","dim.standalone","70","heuristic dimension","59"
"c=325250eefc6d","2HLGcRpw1hc","NEGATIVE_CONTROL","dim.shareability","60","heuristic dimension","59"
"c=325250eefc6d","2HLGcRpw1hc","NEGATIVE_CONTROL","dim.clarity","49","heuristic dimension","59"
"c=325250eefc6d","2HLGcRpw1hc","NEGATIVE_CONTROL","dim.controversy","30","heuristic dimension","59"
"c=325250eefc6d","2HLGcRpw1hc","NEGATIVE_CONTROL","dim.teachingValue","66","heuristic dimension","59"
"c=325250eefc6d","2HLGcRpw1hc","NEGATIVE_CONTROL","dim.entertainment","40","heuristic dimension","59"
"c=325250eefc6d","2HLGcRpw1hc","NEGATIVE_CONTROL","base_score","62.7","0.55*drivers + 0.45*gates","59"
"c=325250eefc6d","2HLGcRpw1hc","NEGATIVE_CONTROL","duration_multiplier","0.945","piecewise duration curve","59"
"c=bb6c25c3cc97","2HLGcRpw1hc","NEGATIVE_CONTROL","dim.hook","46","heuristic dimension","71"
"c=bb6c25c3cc97","2HLGcRpw1hc","NEGATIVE_CONTROL","dim.curiosity","50","heuristic dimension","71"
"c=bb6c25c3cc97","2HLGcRpw1hc","NEGATIVE_CONTROL","dim.emotion","74","heuristic dimension","71"
"c=bb6c25c3cc97","2HLGcRpw1hc","NEGATIVE_CONTROL","dim.storytelling","76","heuristic dimension","71"
"c=bb6c25c3cc97","2HLGcRpw1hc","NEGATIVE_CONTROL","dim.standalone","86","heuristic dimension","71"
"c=bb6c25c3cc97","2HLGcRpw1hc","NEGATIVE_CONTROL","dim.shareability","54","heuristic dimension","71"
"c=bb6c25c3cc97","2HLGcRpw1hc","NEGATIVE_CONTROL","dim.clarity","59","heuristic dimension","71"
"c=bb6c25c3cc97","2HLGcRpw1hc","NEGATIVE_CONTROL","dim.controversy","30","heuristic dimension","71"
"c=bb6c25c3cc97","2HLGcRpw1hc","NEGATIVE_CONTROL","dim.teachingValue","46","heuristic dimension","71"
"c=bb6c25c3cc97","2HLGcRpw1hc","NEGATIVE_CONTROL","dim.entertainment","40","heuristic dimension","71"
"c=bb6c25c3cc97","2HLGcRpw1hc","NEGATIVE_CONTROL","base_score","70.9","0.55*drivers + 0.45*gates","71"
"c=bb6c25c3cc97","2HLGcRpw1hc","NEGATIVE_CONTROL","duration_multiplier","1","piecewise duration curve","71"
"c=714e622ee615","2HLGcRpw1hc","NEGATIVE_CONTROL","dim.hook","20","heuristic dimension","63"
"c=714e622ee615","2HLGcRpw1hc","NEGATIVE_CONTROL","dim.curiosity","69","heuristic dimension","63"
"c=714e622ee615","2HLGcRpw1hc","NEGATIVE_CONTROL","dim.emotion","72","heuristic dimension","63"
"c=714e622ee615","2HLGcRpw1hc","NEGATIVE_CONTROL","dim.storytelling","80","heuristic dimension","63"
"c=714e622ee615","2HLGcRpw1hc","NEGATIVE_CONTROL","dim.standalone","70","heuristic dimension","63"
"c=714e622ee615","2HLGcRpw1hc","NEGATIVE_CONTROL","dim.shareability","54","heuristic dimension","63"
"c=714e622ee615","2HLGcRpw1hc","NEGATIVE_CONTROL","dim.clarity","46","heuristic dimension","63"
"c=714e622ee615","2HLGcRpw1hc","NEGATIVE_CONTROL","dim.controversy","30","heuristic dimension","63"
"c=714e622ee615","2HLGcRpw1hc","NEGATIVE_CONTROL","dim.teachingValue","46","heuristic dimension","63"
"c=714e622ee615","2HLGcRpw1hc","NEGATIVE_CONTROL","dim.entertainment","59","heuristic dimension","63"
"c=714e622ee615","2HLGcRpw1hc","NEGATIVE_CONTROL","base_score","63.3","0.55*drivers + 0.45*gates","63"
"c=714e622ee615","2HLGcRpw1hc","NEGATIVE_CONTROL","duration_multiplier","0.992","piecewise duration curve","63"
"c=09f3d0ec2e77","2HLGcRpw1hc","NEGATIVE_CONTROL","dim.hook","20","heuristic dimension","52"
"c=09f3d0ec2e77","2HLGcRpw1hc","NEGATIVE_CONTROL","dim.curiosity","64","heuristic dimension","52"
"c=09f3d0ec2e77","2HLGcRpw1hc","NEGATIVE_CONTROL","dim.emotion","54","heuristic dimension","52"
"c=09f3d0ec2e77","2HLGcRpw1hc","NEGATIVE_CONTROL","dim.storytelling","42","heuristic dimension","52"
"c=09f3d0ec2e77","2HLGcRpw1hc","NEGATIVE_CONTROL","dim.standalone","70","heuristic dimension","52"
"c=09f3d0ec2e77","2HLGcRpw1hc","NEGATIVE_CONTROL","dim.shareability","48","heuristic dimension","52"
"c=09f3d0ec2e77","2HLGcRpw1hc","NEGATIVE_CONTROL","dim.clarity","32","heuristic dimension","52"
"c=09f3d0ec2e77","2HLGcRpw1hc","NEGATIVE_CONTROL","dim.controversy","30","heuristic dimension","52"
"c=09f3d0ec2e77","2HLGcRpw1hc","NEGATIVE_CONTROL","dim.teachingValue","46","heuristic dimension","52"
"c=09f3d0ec2e77","2HLGcRpw1hc","NEGATIVE_CONTROL","dim.entertainment","40","heuristic dimension","52"
"c=09f3d0ec2e77","2HLGcRpw1hc","NEGATIVE_CONTROL","base_score","52.1","0.55*drivers + 0.45*gates","52"
"c=09f3d0ec2e77","2HLGcRpw1hc","NEGATIVE_CONTROL","duration_multiplier","1","piecewise duration curve","52"
"c=ff1425ba1aab","2HLGcRpw1hc","NEGATIVE_CONTROL","dim.hook","33","heuristic dimension","66"
"c=ff1425ba1aab","2HLGcRpw1hc","NEGATIVE_CONTROL","dim.curiosity","56","heuristic dimension","66"
"c=ff1425ba1aab","2HLGcRpw1hc","NEGATIVE_CONTROL","dim.emotion","76","heuristic dimension","66"
"c=ff1425ba1aab","2HLGcRpw1hc","NEGATIVE_CONTROL","dim.storytelling","62","heuristic dimension","66"
"c=ff1425ba1aab","2HLGcRpw1hc","NEGATIVE_CONTROL","dim.standalone","74","heuristic dimension","66"
"c=ff1425ba1aab","2HLGcRpw1hc","NEGATIVE_CONTROL","dim.shareability","48","heuristic dimension","66"
"c=ff1425ba1aab","2HLGcRpw1hc","NEGATIVE_CONTROL","dim.clarity","75","heuristic dimension","66"
"c=ff1425ba1aab","2HLGcRpw1hc","NEGATIVE_CONTROL","dim.controversy","30","heuristic dimension","66"
"c=ff1425ba1aab","2HLGcRpw1hc","NEGATIVE_CONTROL","dim.teachingValue","46","heuristic dimension","66"
"c=ff1425ba1aab","2HLGcRpw1hc","NEGATIVE_CONTROL","dim.entertainment","40","heuristic dimension","66"
"c=ff1425ba1aab","2HLGcRpw1hc","NEGATIVE_CONTROL","base_score","65.9","0.55*drivers + 0.45*gates","66"
"c=ff1425ba1aab","2HLGcRpw1hc","NEGATIVE_CONTROL","duration_multiplier","1","piecewise duration curve","66"
"c=7170e0ea5e66","2HLGcRpw1hc","NEGATIVE_CONTROL","dim.hook","33","heuristic dimension","70"
"c=7170e0ea5e66","2HLGcRpw1hc","NEGATIVE_CONTROL","dim.curiosity","54","heuristic dimension","70"
"c=7170e0ea5e66","2HLGcRpw1hc","NEGATIVE_CONTROL","dim.emotion","62","heuristic dimension","70"
"c=7170e0ea5e66","2HLGcRpw1hc","NEGATIVE_CONTROL","dim.storytelling","84","heuristic dimension","70"
"c=7170e0ea5e66","2HLGcRpw1hc","NEGATIVE_CONTROL","dim.standalone","86","heuristic dimension","70"
"c=7170e0ea5e66","2HLGcRpw1hc","NEGATIVE_CONTROL","dim.shareability","48","heuristic dimension","70"
"c=7170e0ea5e66","2HLGcRpw1hc","NEGATIVE_CONTROL","dim.clarity","74","heuristic dimension","70"
"c=7170e0ea5e66","2HLGcRpw1hc","NEGATIVE_CONTROL","dim.controversy","49","heuristic dimension","70"
"c=7170e0ea5e66","2HLGcRpw1hc","NEGATIVE_CONTROL","dim.teachingValue","46","heuristic dimension","70"
"c=7170e0ea5e66","2HLGcRpw1hc","NEGATIVE_CONTROL","dim.entertainment","59","heuristic dimension","70"
"c=7170e0ea5e66","2HLGcRpw1hc","NEGATIVE_CONTROL","base_score","70.1","0.55*drivers + 0.45*gates","70"
"c=7170e0ea5e66","2HLGcRpw1hc","NEGATIVE_CONTROL","duration_multiplier","0.993","piecewise duration curve","70"
"c=7d4430531900","2HLGcRpw1hc","NEGATIVE_CONTROL","dim.hook","33","heuristic dimension","63"
"c=7d4430531900","2HLGcRpw1hc","NEGATIVE_CONTROL","dim.curiosity","64","heuristic dimension","63"
"c=7d4430531900","2HLGcRpw1hc","NEGATIVE_CONTROL","dim.emotion","46","heuristic dimension","63"
"c=7d4430531900","2HLGcRpw1hc","NEGATIVE_CONTROL","dim.storytelling","67","heuristic dimension","63"
"c=7d4430531900","2HLGcRpw1hc","NEGATIVE_CONTROL","dim.standalone","70","heuristic dimension","63"
"c=7d4430531900","2HLGcRpw1hc","NEGATIVE_CONTROL","dim.shareability","48","heuristic dimension","63"
"c=7d4430531900","2HLGcRpw1hc","NEGATIVE_CONTROL","dim.clarity","73","heuristic dimension","63"
"c=7d4430531900","2HLGcRpw1hc","NEGATIVE_CONTROL","dim.controversy","30","heuristic dimension","63"
"c=7d4430531900","2HLGcRpw1hc","NEGATIVE_CONTROL","dim.teachingValue","51","heuristic dimension","63"
"c=7d4430531900","2HLGcRpw1hc","NEGATIVE_CONTROL","dim.entertainment","40","heuristic dimension","63"
"c=7d4430531900","2HLGcRpw1hc","NEGATIVE_CONTROL","base_score","62.9","0.55*drivers + 0.45*gates","63"
"c=7d4430531900","2HLGcRpw1hc","NEGATIVE_CONTROL","duration_multiplier","1","piecewise duration curve","63"
"c=d5a8d94c2768","2HLGcRpw1hc","NEGATIVE_CONTROL","dim.hook","33","heuristic dimension","55"
"c=d5a8d94c2768","2HLGcRpw1hc","NEGATIVE_CONTROL","dim.curiosity","46","heuristic dimension","55"
"c=d5a8d94c2768","2HLGcRpw1hc","NEGATIVE_CONTROL","dim.emotion","54","heuristic dimension","55"
"c=d5a8d94c2768","2HLGcRpw1hc","NEGATIVE_CONTROL","dim.storytelling","72","heuristic dimension","55"
"c=d5a8d94c2768","2HLGcRpw1hc","NEGATIVE_CONTROL","dim.standalone","54","heuristic dimension","55"
"c=d5a8d94c2768","2HLGcRpw1hc","NEGATIVE_CONTROL","dim.shareability","48","heuristic dimension","55"
"c=d5a8d94c2768","2HLGcRpw1hc","NEGATIVE_CONTROL","dim.clarity","47","heuristic dimension","55"
"c=d5a8d94c2768","2HLGcRpw1hc","NEGATIVE_CONTROL","dim.controversy","30","heuristic dimension","55"
"c=d5a8d94c2768","2HLGcRpw1hc","NEGATIVE_CONTROL","dim.teachingValue","46","heuristic dimension","55"
"c=d5a8d94c2768","2HLGcRpw1hc","NEGATIVE_CONTROL","dim.entertainment","40","heuristic dimension","55"
"c=d5a8d94c2768","2HLGcRpw1hc","NEGATIVE_CONTROL","base_score","55.2","0.55*drivers + 0.45*gates","55"
"c=d5a8d94c2768","2HLGcRpw1hc","NEGATIVE_CONTROL","duration_multiplier","0.996","piecewise duration curve","55"
"c=63588cb5a4d5","2HLGcRpw1hc","NEGATIVE_CONTROL","dim.hook","20","heuristic dimension","70"
"c=63588cb5a4d5","2HLGcRpw1hc","NEGATIVE_CONTROL","dim.curiosity","50","heuristic dimension","70"
"c=63588cb5a4d5","2HLGcRpw1hc","NEGATIVE_CONTROL","dim.emotion","73","heuristic dimension","70"
"c=63588cb5a4d5","2HLGcRpw1hc","NEGATIVE_CONTROL","dim.storytelling","88","heuristic dimension","70"
"c=63588cb5a4d5","2HLGcRpw1hc","NEGATIVE_CONTROL","dim.standalone","86","heuristic dimension","70"
"c=63588cb5a4d5","2HLGcRpw1hc","NEGATIVE_CONTROL","dim.shareability","48","heuristic dimension","70"
"c=63588cb5a4d5","2HLGcRpw1hc","NEGATIVE_CONTROL","dim.clarity","61","heuristic dimension","70"
"c=63588cb5a4d5","2HLGcRpw1hc","NEGATIVE_CONTROL","dim.controversy","30","heuristic dimension","70"
"c=63588cb5a4d5","2HLGcRpw1hc","NEGATIVE_CONTROL","dim.teachingValue","66","heuristic dimension","70"
"c=63588cb5a4d5","2HLGcRpw1hc","NEGATIVE_CONTROL","dim.entertainment","40","heuristic dimension","70"
"c=63588cb5a4d5","2HLGcRpw1hc","NEGATIVE_CONTROL","base_score","70.7","0.55*drivers + 0.45*gates","70"
"c=63588cb5a4d5","2HLGcRpw1hc","NEGATIVE_CONTROL","duration_multiplier","0.997","piecewise duration curve","70"
"c=9a9beca1058c","2HLGcRpw1hc","NEGATIVE_CONTROL","dim.hook","20","heuristic dimension","61"
"c=9a9beca1058c","2HLGcRpw1hc","NEGATIVE_CONTROL","dim.curiosity","69","heuristic dimension","61"
"c=9a9beca1058c","2HLGcRpw1hc","NEGATIVE_CONTROL","dim.emotion","49","heuristic dimension","61"
"c=9a9beca1058c","2HLGcRpw1hc","NEGATIVE_CONTROL","dim.storytelling","71","heuristic dimension","61"
"c=9a9beca1058c","2HLGcRpw1hc","NEGATIVE_CONTROL","dim.standalone","70","heuristic dimension","61"
"c=9a9beca1058c","2HLGcRpw1hc","NEGATIVE_CONTROL","dim.shareability","48","heuristic dimension","61"
"c=9a9beca1058c","2HLGcRpw1hc","NEGATIVE_CONTROL","dim.clarity","54","heuristic dimension","61"
"c=9a9beca1058c","2HLGcRpw1hc","NEGATIVE_CONTROL","dim.controversy","30","heuristic dimension","61"
"c=9a9beca1058c","2HLGcRpw1hc","NEGATIVE_CONTROL","dim.teachingValue","51","heuristic dimension","61"
"c=9a9beca1058c","2HLGcRpw1hc","NEGATIVE_CONTROL","dim.entertainment","40","heuristic dimension","61"
"c=9a9beca1058c","2HLGcRpw1hc","NEGATIVE_CONTROL","base_score","61.1","0.55*drivers + 0.45*gates","61"
"c=9a9beca1058c","2HLGcRpw1hc","NEGATIVE_CONTROL","duration_multiplier","1","piecewise duration curve","61"
"c=691da259af02","2HLGcRpw1hc","NEGATIVE_CONTROL","dim.hook","33","heuristic dimension","65"
"c=691da259af02","2HLGcRpw1hc","NEGATIVE_CONTROL","dim.curiosity","50","heuristic dimension","65"
"c=691da259af02","2HLGcRpw1hc","NEGATIVE_CONTROL","dim.emotion","55","heuristic dimension","65"
"c=691da259af02","2HLGcRpw1hc","NEGATIVE_CONTROL","dim.storytelling","75","heuristic dimension","65"
"c=691da259af02","2HLGcRpw1hc","NEGATIVE_CONTROL","dim.standalone","86","heuristic dimension","65"
"c=691da259af02","2HLGcRpw1hc","NEGATIVE_CONTROL","dim.shareability","48","heuristic dimension","65"
"c=691da259af02","2HLGcRpw1hc","NEGATIVE_CONTROL","dim.clarity","48","heuristic dimension","65"
"c=691da259af02","2HLGcRpw1hc","NEGATIVE_CONTROL","dim.controversy","30","heuristic dimension","65"
"c=691da259af02","2HLGcRpw1hc","NEGATIVE_CONTROL","dim.teachingValue","51","heuristic dimension","65"
"c=691da259af02","2HLGcRpw1hc","NEGATIVE_CONTROL","dim.entertainment","78","heuristic dimension","65"
"c=691da259af02","2HLGcRpw1hc","NEGATIVE_CONTROL","base_score","68.5","0.55*drivers + 0.45*gates","65"
"c=691da259af02","2HLGcRpw1hc","NEGATIVE_CONTROL","duration_multiplier","0.956","piecewise duration curve","65"
"c=873094e659a8","2HLGcRpw1hc","NEGATIVE_CONTROL","dim.hook","12","heuristic dimension","65"
"c=873094e659a8","2HLGcRpw1hc","NEGATIVE_CONTROL","dim.curiosity","54","heuristic dimension","65"
"c=873094e659a8","2HLGcRpw1hc","NEGATIVE_CONTROL","dim.emotion","65","heuristic dimension","65"
"c=873094e659a8","2HLGcRpw1hc","NEGATIVE_CONTROL","dim.storytelling","71","heuristic dimension","65"
"c=873094e659a8","2HLGcRpw1hc","NEGATIVE_CONTROL","dim.standalone","86","heuristic dimension","65"
"c=873094e659a8","2HLGcRpw1hc","NEGATIVE_CONTROL","dim.shareability","48","heuristic dimension","65"
"c=873094e659a8","2HLGcRpw1hc","NEGATIVE_CONTROL","dim.clarity","71","heuristic dimension","65"
"c=873094e659a8","2HLGcRpw1hc","NEGATIVE_CONTROL","dim.controversy","68","heuristic dimension","65"
"c=873094e659a8","2HLGcRpw1hc","NEGATIVE_CONTROL","dim.teachingValue","46","heuristic dimension","65"
"c=873094e659a8","2HLGcRpw1hc","NEGATIVE_CONTROL","dim.entertainment","59","heuristic dimension","65"
"c=873094e659a8","2HLGcRpw1hc","NEGATIVE_CONTROL","base_score","64.9","0.55*drivers + 0.45*gates","65"
"c=873094e659a8","2HLGcRpw1hc","NEGATIVE_CONTROL","duration_multiplier","0.997","piecewise duration curve","65"
"c=ad82ae1cf740","2HLGcRpw1hc","NEGATIVE_CONTROL","dim.hook","20","heuristic dimension","66"
"c=ad82ae1cf740","2HLGcRpw1hc","NEGATIVE_CONTROL","dim.curiosity","50","heuristic dimension","66"
"c=ad82ae1cf740","2HLGcRpw1hc","NEGATIVE_CONTROL","dim.emotion","49","heuristic dimension","66"
"c=ad82ae1cf740","2HLGcRpw1hc","NEGATIVE_CONTROL","dim.storytelling","84","heuristic dimension","66"
"c=ad82ae1cf740","2HLGcRpw1hc","NEGATIVE_CONTROL","dim.standalone","86","heuristic dimension","66"
"c=ad82ae1cf740","2HLGcRpw1hc","NEGATIVE_CONTROL","dim.shareability","48","heuristic dimension","66"
"c=ad82ae1cf740","2HLGcRpw1hc","NEGATIVE_CONTROL","dim.clarity","66","heuristic dimension","66"
"c=ad82ae1cf740","2HLGcRpw1hc","NEGATIVE_CONTROL","dim.controversy","30","heuristic dimension","66"
"c=ad82ae1cf740","2HLGcRpw1hc","NEGATIVE_CONTROL","dim.teachingValue","46","heuristic dimension","66"
"c=ad82ae1cf740","2HLGcRpw1hc","NEGATIVE_CONTROL","dim.entertainment","59","heuristic dimension","66"
"c=ad82ae1cf740","2HLGcRpw1hc","NEGATIVE_CONTROL","base_score","66.4","0.55*drivers + 0.45*gates","66"
"c=ad82ae1cf740","2HLGcRpw1hc","NEGATIVE_CONTROL","duration_multiplier","0.998","piecewise duration curve","66"
"c=4e72a74a4aef","2HLGcRpw1hc","NEGATIVE_CONTROL","dim.hook","46","heuristic dimension","74"
"c=4e72a74a4aef","2HLGcRpw1hc","NEGATIVE_CONTROL","dim.curiosity","46","heuristic dimension","74"
"c=4e72a74a4aef","2HLGcRpw1hc","NEGATIVE_CONTROL","dim.emotion","54","heuristic dimension","74"
"c=4e72a74a4aef","2HLGcRpw1hc","NEGATIVE_CONTROL","dim.storytelling","92","heuristic dimension","74"
"c=4e72a74a4aef","2HLGcRpw1hc","NEGATIVE_CONTROL","dim.standalone","86","heuristic dimension","74"
"c=4e72a74a4aef","2HLGcRpw1hc","NEGATIVE_CONTROL","dim.shareability","54","heuristic dimension","74"
"c=4e72a74a4aef","2HLGcRpw1hc","NEGATIVE_CONTROL","dim.clarity","84","heuristic dimension","74"
"c=4e72a74a4aef","2HLGcRpw1hc","NEGATIVE_CONTROL","dim.controversy","30","heuristic dimension","74"
"c=4e72a74a4aef","2HLGcRpw1hc","NEGATIVE_CONTROL","dim.teachingValue","46","heuristic dimension","74"
"c=4e72a74a4aef","2HLGcRpw1hc","NEGATIVE_CONTROL","dim.entertainment","59","heuristic dimension","74"
"c=4e72a74a4aef","2HLGcRpw1hc","NEGATIVE_CONTROL","base_score","74.6","0.55*drivers + 0.45*gates","74"
"c=4e72a74a4aef","2HLGcRpw1hc","NEGATIVE_CONTROL","duration_multiplier","0.994","piecewise duration curve","74"
"c=7f0b9ecd2722","2HLGcRpw1hc","NEGATIVE_CONTROL","dim.hook","9","heuristic dimension","55"
"c=7f0b9ecd2722","2HLGcRpw1hc","NEGATIVE_CONTROL","dim.curiosity","54","heuristic dimension","55"
"c=7f0b9ecd2722","2HLGcRpw1hc","NEGATIVE_CONTROL","dim.emotion","70","heuristic dimension","55"
"c=7f0b9ecd2722","2HLGcRpw1hc","NEGATIVE_CONTROL","dim.storytelling","59","heuristic dimension","55"
"c=7f0b9ecd2722","2HLGcRpw1hc","NEGATIVE_CONTROL","dim.standalone","62","heuristic dimension","55"
"c=7f0b9ecd2722","2HLGcRpw1hc","NEGATIVE_CONTROL","dim.shareability","54","heuristic dimension","55"
"c=7f0b9ecd2722","2HLGcRpw1hc","NEGATIVE_CONTROL","dim.clarity","55","heuristic dimension","55"
"c=7f0b9ecd2722","2HLGcRpw1hc","NEGATIVE_CONTROL","dim.controversy","30","heuristic dimension","55"
"c=7f0b9ecd2722","2HLGcRpw1hc","NEGATIVE_CONTROL","dim.teachingValue","46","heuristic dimension","55"
"c=7f0b9ecd2722","2HLGcRpw1hc","NEGATIVE_CONTROL","dim.entertainment","40","heuristic dimension","55"
"c=7f0b9ecd2722","2HLGcRpw1hc","NEGATIVE_CONTROL","base_score","55.3","0.55*drivers + 0.45*gates","55"
"c=7f0b9ecd2722","2HLGcRpw1hc","NEGATIVE_CONTROL","duration_multiplier","1","piecewise duration curve","55"
"c=4b4140b215e1","2HLGcRpw1hc","NEGATIVE_CONTROL","dim.hook","33","heuristic dimension","64"
"c=4b4140b215e1","2HLGcRpw1hc","NEGATIVE_CONTROL","dim.curiosity","56","heuristic dimension","64"
"c=4b4140b215e1","2HLGcRpw1hc","NEGATIVE_CONTROL","dim.emotion","54","heuristic dimension","64"
"c=4b4140b215e1","2HLGcRpw1hc","NEGATIVE_CONTROL","dim.storytelling","88","heuristic dimension","64"
"c=4b4140b215e1","2HLGcRpw1hc","NEGATIVE_CONTROL","dim.standalone","66","heuristic dimension","64"
"c=4b4140b215e1","2HLGcRpw1hc","NEGATIVE_CONTROL","dim.shareability","54","heuristic dimension","64"
"c=4b4140b215e1","2HLGcRpw1hc","NEGATIVE_CONTROL","dim.clarity","45","heuristic dimension","64"
"c=4b4140b215e1","2HLGcRpw1hc","NEGATIVE_CONTROL","dim.controversy","30","heuristic dimension","64"
"c=4b4140b215e1","2HLGcRpw1hc","NEGATIVE_CONTROL","dim.teachingValue","66","heuristic dimension","64"
"c=4b4140b215e1","2HLGcRpw1hc","NEGATIVE_CONTROL","dim.entertainment","59","heuristic dimension","64"
"c=4b4140b215e1","2HLGcRpw1hc","NEGATIVE_CONTROL","base_score","64.8","0.55*drivers + 0.45*gates","64"
"c=4b4140b215e1","2HLGcRpw1hc","NEGATIVE_CONTROL","duration_multiplier","0.995","piecewise duration curve","64"
"c=7fef935268ac","2HLGcRpw1hc","NEGATIVE_CONTROL","dim.hook","42","heuristic dimension","66"
"c=7fef935268ac","2HLGcRpw1hc","NEGATIVE_CONTROL","dim.curiosity","54","heuristic dimension","66"
"c=7fef935268ac","2HLGcRpw1hc","NEGATIVE_CONTROL","dim.emotion","85","heuristic dimension","66"
"c=7fef935268ac","2HLGcRpw1hc","NEGATIVE_CONTROL","dim.storytelling","50","heuristic dimension","66"
"c=7fef935268ac","2HLGcRpw1hc","NEGATIVE_CONTROL","dim.standalone","66","heuristic dimension","66"
"c=7fef935268ac","2HLGcRpw1hc","NEGATIVE_CONTROL","dim.shareability","48","heuristic dimension","66"
"c=7fef935268ac","2HLGcRpw1hc","NEGATIVE_CONTROL","dim.clarity","65","heuristic dimension","66"
"c=7fef935268ac","2HLGcRpw1hc","NEGATIVE_CONTROL","dim.controversy","30","heuristic dimension","66"
"c=7fef935268ac","2HLGcRpw1hc","NEGATIVE_CONTROL","dim.teachingValue","46","heuristic dimension","66"
"c=7fef935268ac","2HLGcRpw1hc","NEGATIVE_CONTROL","dim.entertainment","59","heuristic dimension","66"
"c=7fef935268ac","2HLGcRpw1hc","NEGATIVE_CONTROL","base_score","65.9","0.55*drivers + 0.45*gates","66"
"c=7fef935268ac","2HLGcRpw1hc","NEGATIVE_CONTROL","duration_multiplier","1","piecewise duration curve","66"
"c=4802ebe604ca","2HLGcRpw1hc","NEGATIVE_CONTROL","dim.hook","33","heuristic dimension","62"
"c=4802ebe604ca","2HLGcRpw1hc","NEGATIVE_CONTROL","dim.curiosity","56","heuristic dimension","62"
"c=4802ebe604ca","2HLGcRpw1hc","NEGATIVE_CONTROL","dim.emotion","54","heuristic dimension","62"
"c=4802ebe604ca","2HLGcRpw1hc","NEGATIVE_CONTROL","dim.storytelling","80","heuristic dimension","62"
"c=4802ebe604ca","2HLGcRpw1hc","NEGATIVE_CONTROL","dim.standalone","66","heuristic dimension","62"
"c=4802ebe604ca","2HLGcRpw1hc","NEGATIVE_CONTROL","dim.shareability","48","heuristic dimension","62"
"c=4802ebe604ca","2HLGcRpw1hc","NEGATIVE_CONTROL","dim.clarity","60","heuristic dimension","62"
"c=4802ebe604ca","2HLGcRpw1hc","NEGATIVE_CONTROL","dim.controversy","30","heuristic dimension","62"
"c=4802ebe604ca","2HLGcRpw1hc","NEGATIVE_CONTROL","dim.teachingValue","46","heuristic dimension","62"
"c=4802ebe604ca","2HLGcRpw1hc","NEGATIVE_CONTROL","dim.entertainment","59","heuristic dimension","62"
"c=4802ebe604ca","2HLGcRpw1hc","NEGATIVE_CONTROL","base_score","62.7","0.55*drivers + 0.45*gates","62"
"c=4802ebe604ca","2HLGcRpw1hc","NEGATIVE_CONTROL","duration_multiplier","0.995","piecewise duration curve","62"
"c=6e2a670a1e2b","2HLGcRpw1hc","NEGATIVE_CONTROL","dim.hook","22","heuristic dimension","66"
"c=6e2a670a1e2b","2HLGcRpw1hc","NEGATIVE_CONTROL","dim.curiosity","81","heuristic dimension","66"
"c=6e2a670a1e2b","2HLGcRpw1hc","NEGATIVE_CONTROL","dim.emotion","54","heuristic dimension","66"
"c=6e2a670a1e2b","2HLGcRpw1hc","NEGATIVE_CONTROL","dim.storytelling","80","heuristic dimension","66"
"c=6e2a670a1e2b","2HLGcRpw1hc","NEGATIVE_CONTROL","dim.standalone","46","heuristic dimension","66"
"c=6e2a670a1e2b","2HLGcRpw1hc","NEGATIVE_CONTROL","dim.shareability","54","heuristic dimension","66"
"c=6e2a670a1e2b","2HLGcRpw1hc","NEGATIVE_CONTROL","dim.clarity","75","heuristic dimension","66"
"c=6e2a670a1e2b","2HLGcRpw1hc","NEGATIVE_CONTROL","dim.controversy","30","heuristic dimension","66"
"c=6e2a670a1e2b","2HLGcRpw1hc","NEGATIVE_CONTROL","dim.teachingValue","46","heuristic dimension","66"
"c=6e2a670a1e2b","2HLGcRpw1hc","NEGATIVE_CONTROL","dim.entertainment","59","heuristic dimension","66"
"c=6e2a670a1e2b","2HLGcRpw1hc","NEGATIVE_CONTROL","base_score","65.7","0.55*drivers + 0.45*gates","66"
"c=6e2a670a1e2b","2HLGcRpw1hc","NEGATIVE_CONTROL","duration_multiplier","1","piecewise duration curve","66"
"c=1d3f657a5854","2HLGcRpw1hc","NEGATIVE_CONTROL","dim.hook","20","heuristic dimension","67"
"c=1d3f657a5854","2HLGcRpw1hc","NEGATIVE_CONTROL","dim.curiosity","50","heuristic dimension","67"
"c=1d3f657a5854","2HLGcRpw1hc","NEGATIVE_CONTROL","dim.emotion","76","heuristic dimension","67"
"c=1d3f657a5854","2HLGcRpw1hc","NEGATIVE_CONTROL","dim.storytelling","84","heuristic dimension","67"
"c=1d3f657a5854","2HLGcRpw1hc","NEGATIVE_CONTROL","dim.standalone","86","heuristic dimension","67"
"c=1d3f657a5854","2HLGcRpw1hc","NEGATIVE_CONTROL","dim.shareability","54","heuristic dimension","67"
"c=1d3f657a5854","2HLGcRpw1hc","NEGATIVE_CONTROL","dim.clarity","44","heuristic dimension","67"
"c=1d3f657a5854","2HLGcRpw1hc","NEGATIVE_CONTROL","dim.controversy","30","heuristic dimension","67"
"c=1d3f657a5854","2HLGcRpw1hc","NEGATIVE_CONTROL","dim.teachingValue","46","heuristic dimension","67"
"c=1d3f657a5854","2HLGcRpw1hc","NEGATIVE_CONTROL","dim.entertainment","40","heuristic dimension","67"
"c=1d3f657a5854","2HLGcRpw1hc","NEGATIVE_CONTROL","base_score","68.1","0.55*drivers + 0.45*gates","67"
"c=1d3f657a5854","2HLGcRpw1hc","NEGATIVE_CONTROL","duration_multiplier","0.99","piecewise duration curve","67"
"c=602b1b06cc12","2HLGcRpw1hc","NEGATIVE_CONTROL","dim.hook","20","heuristic dimension","52"
"c=602b1b06cc12","2HLGcRpw1hc","NEGATIVE_CONTROL","dim.curiosity","46","heuristic dimension","52"
"c=602b1b06cc12","2HLGcRpw1hc","NEGATIVE_CONTROL","dim.emotion","49","heuristic dimension","52"
"c=602b1b06cc12","2HLGcRpw1hc","NEGATIVE_CONTROL","dim.storytelling","58","heuristic dimension","52"
"c=602b1b06cc12","2HLGcRpw1hc","NEGATIVE_CONTROL","dim.standalone","66","heuristic dimension","52"
"c=602b1b06cc12","2HLGcRpw1hc","NEGATIVE_CONTROL","dim.shareability","48","heuristic dimension","52"
"c=602b1b06cc12","2HLGcRpw1hc","NEGATIVE_CONTROL","dim.clarity","62","heuristic dimension","52"
"c=602b1b06cc12","2HLGcRpw1hc","NEGATIVE_CONTROL","dim.controversy","49","heuristic dimension","52"
"c=602b1b06cc12","2HLGcRpw1hc","NEGATIVE_CONTROL","dim.teachingValue","46","heuristic dimension","52"
"c=602b1b06cc12","2HLGcRpw1hc","NEGATIVE_CONTROL","dim.entertainment","40","heuristic dimension","52"
"c=602b1b06cc12","2HLGcRpw1hc","NEGATIVE_CONTROL","base_score","52.4","0.55*drivers + 0.45*gates","52"
"c=602b1b06cc12","2HLGcRpw1hc","NEGATIVE_CONTROL","duration_multiplier","1","piecewise duration curve","52"
"c=0ddb01423bed","2HLGcRpw1hc","NEGATIVE_CONTROL","dim.hook","20","heuristic dimension","66"
"c=0ddb01423bed","2HLGcRpw1hc","NEGATIVE_CONTROL","dim.curiosity","46","heuristic dimension","66"
"c=0ddb01423bed","2HLGcRpw1hc","NEGATIVE_CONTROL","dim.emotion","87","heuristic dimension","66"
"c=0ddb01423bed","2HLGcRpw1hc","NEGATIVE_CONTROL","dim.storytelling","75","heuristic dimension","66"
"c=0ddb01423bed","2HLGcRpw1hc","NEGATIVE_CONTROL","dim.standalone","86","heuristic dimension","66"
"c=0ddb01423bed","2HLGcRpw1hc","NEGATIVE_CONTROL","dim.shareability","48","heuristic dimension","66"
"c=0ddb01423bed","2HLGcRpw1hc","NEGATIVE_CONTROL","dim.clarity","34","heuristic dimension","66"
"c=0ddb01423bed","2HLGcRpw1hc","NEGATIVE_CONTROL","dim.controversy","30","heuristic dimension","66"
"c=0ddb01423bed","2HLGcRpw1hc","NEGATIVE_CONTROL","dim.teachingValue","46","heuristic dimension","66"
"c=0ddb01423bed","2HLGcRpw1hc","NEGATIVE_CONTROL","dim.entertainment","40","heuristic dimension","66"
"c=0ddb01423bed","2HLGcRpw1hc","NEGATIVE_CONTROL","base_score","67.3","0.55*drivers + 0.45*gates","66"
"c=0ddb01423bed","2HLGcRpw1hc","NEGATIVE_CONTROL","duration_multiplier","0.978","piecewise duration curve","66"
"c=91a937486ae3","UZ1kCEGjYX0","NEGATIVE_CONTROL","dim.hook","20","heuristic dimension","55"
"c=91a937486ae3","UZ1kCEGjYX0","NEGATIVE_CONTROL","dim.curiosity","56","heuristic dimension","55"
"c=91a937486ae3","UZ1kCEGjYX0","NEGATIVE_CONTROL","dim.emotion","54","heuristic dimension","55"
"c=91a937486ae3","UZ1kCEGjYX0","NEGATIVE_CONTROL","dim.storytelling","42","heuristic dimension","55"
"c=91a937486ae3","UZ1kCEGjYX0","NEGATIVE_CONTROL","dim.standalone","86","heuristic dimension","55"
"c=91a937486ae3","UZ1kCEGjYX0","NEGATIVE_CONTROL","dim.shareability","48","heuristic dimension","55"
"c=91a937486ae3","UZ1kCEGjYX0","NEGATIVE_CONTROL","dim.clarity","50","heuristic dimension","55"
"c=91a937486ae3","UZ1kCEGjYX0","NEGATIVE_CONTROL","dim.controversy","49","heuristic dimension","55"
"c=91a937486ae3","UZ1kCEGjYX0","NEGATIVE_CONTROL","dim.teachingValue","46","heuristic dimension","55"
"c=91a937486ae3","UZ1kCEGjYX0","NEGATIVE_CONTROL","dim.entertainment","40","heuristic dimension","55"
"c=91a937486ae3","UZ1kCEGjYX0","NEGATIVE_CONTROL","base_score","55.2","0.55*drivers + 0.45*gates","55"
"c=91a937486ae3","UZ1kCEGjYX0","NEGATIVE_CONTROL","duration_multiplier","1","piecewise duration curve","55"
"c=211771226651","UZ1kCEGjYX0","NEGATIVE_CONTROL","dim.hook","33","heuristic dimension","63"
"c=211771226651","UZ1kCEGjYX0","NEGATIVE_CONTROL","dim.curiosity","69","heuristic dimension","63"
"c=211771226651","UZ1kCEGjYX0","NEGATIVE_CONTROL","dim.emotion","61","heuristic dimension","63"
"c=211771226651","UZ1kCEGjYX0","NEGATIVE_CONTROL","dim.storytelling","80","heuristic dimension","63"
"c=211771226651","UZ1kCEGjYX0","NEGATIVE_CONTROL","dim.standalone","70","heuristic dimension","63"
"c=211771226651","UZ1kCEGjYX0","NEGATIVE_CONTROL","dim.shareability","54","heuristic dimension","63"
"c=211771226651","UZ1kCEGjYX0","NEGATIVE_CONTROL","dim.clarity","47","heuristic dimension","63"
"c=211771226651","UZ1kCEGjYX0","NEGATIVE_CONTROL","dim.controversy","30","heuristic dimension","63"
"c=211771226651","UZ1kCEGjYX0","NEGATIVE_CONTROL","dim.teachingValue","46","heuristic dimension","63"
"c=211771226651","UZ1kCEGjYX0","NEGATIVE_CONTROL","dim.entertainment","59","heuristic dimension","63"
"c=211771226651","UZ1kCEGjYX0","NEGATIVE_CONTROL","base_score","64.4","0.55*drivers + 0.45*gates","63"
"c=211771226651","UZ1kCEGjYX0","NEGATIVE_CONTROL","duration_multiplier","0.974","piecewise duration curve","63"
"c=407d4ce69d2c","UZ1kCEGjYX0","NEGATIVE_CONTROL","dim.hook","9","heuristic dimension","58"
"c=407d4ce69d2c","UZ1kCEGjYX0","NEGATIVE_CONTROL","dim.curiosity","56","heuristic dimension","58"
"c=407d4ce69d2c","UZ1kCEGjYX0","NEGATIVE_CONTROL","dim.emotion","54","heuristic dimension","58"
"c=407d4ce69d2c","UZ1kCEGjYX0","NEGATIVE_CONTROL","dim.storytelling","80","heuristic dimension","58"
"c=407d4ce69d2c","UZ1kCEGjYX0","NEGATIVE_CONTROL","dim.standalone","62","heuristic dimension","58"
"c=407d4ce69d2c","UZ1kCEGjYX0","NEGATIVE_CONTROL","dim.shareability","48","heuristic dimension","58"
"c=407d4ce69d2c","UZ1kCEGjYX0","NEGATIVE_CONTROL","dim.clarity","56","heuristic dimension","58"
"c=407d4ce69d2c","UZ1kCEGjYX0","NEGATIVE_CONTROL","dim.controversy","30","heuristic dimension","58"
"c=407d4ce69d2c","UZ1kCEGjYX0","NEGATIVE_CONTROL","dim.teachingValue","46","heuristic dimension","58"
"c=407d4ce69d2c","UZ1kCEGjYX0","NEGATIVE_CONTROL","dim.entertainment","59","heuristic dimension","58"
"c=407d4ce69d2c","UZ1kCEGjYX0","NEGATIVE_CONTROL","base_score","58.2","0.55*drivers + 0.45*gates","58"
"c=407d4ce69d2c","UZ1kCEGjYX0","NEGATIVE_CONTROL","duration_multiplier","1","piecewise duration curve","58"
"c=6aa93bf835b8","UZ1kCEGjYX0","NEGATIVE_CONTROL","dim.hook","33","heuristic dimension","64"
"c=6aa93bf835b8","UZ1kCEGjYX0","NEGATIVE_CONTROL","dim.curiosity","56","heuristic dimension","64"
"c=6aa93bf835b8","UZ1kCEGjYX0","NEGATIVE_CONTROL","dim.emotion","54","heuristic dimension","64"
"c=6aa93bf835b8","UZ1kCEGjYX0","NEGATIVE_CONTROL","dim.storytelling","67","heuristic dimension","64"
"c=6aa93bf835b8","UZ1kCEGjYX0","NEGATIVE_CONTROL","dim.standalone","86","heuristic dimension","64"
"c=6aa93bf835b8","UZ1kCEGjYX0","NEGATIVE_CONTROL","dim.shareability","48","heuristic dimension","64"
"c=6aa93bf835b8","UZ1kCEGjYX0","NEGATIVE_CONTROL","dim.clarity","70","heuristic dimension","64"
"c=6aa93bf835b8","UZ1kCEGjYX0","NEGATIVE_CONTROL","dim.controversy","30","heuristic dimension","64"
"c=6aa93bf835b8","UZ1kCEGjYX0","NEGATIVE_CONTROL","dim.teachingValue","46","heuristic dimension","64"
"c=6aa93bf835b8","UZ1kCEGjYX0","NEGATIVE_CONTROL","dim.entertainment","59","heuristic dimension","64"
"c=6aa93bf835b8","UZ1kCEGjYX0","NEGATIVE_CONTROL","base_score","64","0.55*drivers + 0.45*gates","64"
"c=6aa93bf835b8","UZ1kCEGjYX0","NEGATIVE_CONTROL","duration_multiplier","0.998","piecewise duration curve","64"
"c=e4ed462ee2d0","UZ1kCEGjYX0","NEGATIVE_CONTROL","dim.hook","33","heuristic dimension","61"
"c=e4ed462ee2d0","UZ1kCEGjYX0","NEGATIVE_CONTROL","dim.curiosity","56","heuristic dimension","61"
"c=e4ed462ee2d0","UZ1kCEGjYX0","NEGATIVE_CONTROL","dim.emotion","49","heuristic dimension","61"
"c=e4ed462ee2d0","UZ1kCEGjYX0","NEGATIVE_CONTROL","dim.storytelling","58","heuristic dimension","61"
"c=e4ed462ee2d0","UZ1kCEGjYX0","NEGATIVE_CONTROL","dim.standalone","86","heuristic dimension","61"
"c=e4ed462ee2d0","UZ1kCEGjYX0","NEGATIVE_CONTROL","dim.shareability","48","heuristic dimension","61"
"c=e4ed462ee2d0","UZ1kCEGjYX0","NEGATIVE_CONTROL","dim.clarity","68","heuristic dimension","61"
"c=e4ed462ee2d0","UZ1kCEGjYX0","NEGATIVE_CONTROL","dim.controversy","30","heuristic dimension","61"
"c=e4ed462ee2d0","UZ1kCEGjYX0","NEGATIVE_CONTROL","dim.teachingValue","51","heuristic dimension","61"
"c=e4ed462ee2d0","UZ1kCEGjYX0","NEGATIVE_CONTROL","dim.entertainment","59","heuristic dimension","61"
"c=e4ed462ee2d0","UZ1kCEGjYX0","NEGATIVE_CONTROL","base_score","61.3","0.55*drivers + 0.45*gates","61"
"c=e4ed462ee2d0","UZ1kCEGjYX0","NEGATIVE_CONTROL","duration_multiplier","1","piecewise duration curve","61"
"c=e9ca5e935dbc","UZ1kCEGjYX0","NEGATIVE_CONTROL","dim.hook","33","heuristic dimension","60"
"c=e9ca5e935dbc","UZ1kCEGjYX0","NEGATIVE_CONTROL","dim.curiosity","70","heuristic dimension","60"
"c=e9ca5e935dbc","UZ1kCEGjYX0","NEGATIVE_CONTROL","dim.emotion","54","heuristic dimension","60"
"c=e9ca5e935dbc","UZ1kCEGjYX0","NEGATIVE_CONTROL","dim.storytelling","42","heuristic dimension","60"
"c=e9ca5e935dbc","UZ1kCEGjYX0","NEGATIVE_CONTROL","dim.standalone","70","heuristic dimension","60"
"c=e9ca5e935dbc","UZ1kCEGjYX0","NEGATIVE_CONTROL","dim.shareability","48","heuristic dimension","60"
"c=e9ca5e935dbc","UZ1kCEGjYX0","NEGATIVE_CONTROL","dim.clarity","54","heuristic dimension","60"
"c=e9ca5e935dbc","UZ1kCEGjYX0","NEGATIVE_CONTROL","dim.controversy","49","heuristic dimension","60"
"c=e9ca5e935dbc","UZ1kCEGjYX0","NEGATIVE_CONTROL","dim.teachingValue","46","heuristic dimension","60"
"c=e9ca5e935dbc","UZ1kCEGjYX0","NEGATIVE_CONTROL","dim.entertainment","59","heuristic dimension","60"
"c=e9ca5e935dbc","UZ1kCEGjYX0","NEGATIVE_CONTROL","base_score","59.8","0.55*drivers + 0.45*gates","60"
"c=e9ca5e935dbc","UZ1kCEGjYX0","NEGATIVE_CONTROL","duration_multiplier","0.996","piecewise duration curve","60"
"c=b0a36c1aa6f7","UZ1kCEGjYX0","NEGATIVE_CONTROL","dim.hook","20","heuristic dimension","66"
"c=b0a36c1aa6f7","UZ1kCEGjYX0","NEGATIVE_CONTROL","dim.curiosity","69","heuristic dimension","66"
"c=b0a36c1aa6f7","UZ1kCEGjYX0","NEGATIVE_CONTROL","dim.emotion","77","heuristic dimension","66"
"c=b0a36c1aa6f7","UZ1kCEGjYX0","NEGATIVE_CONTROL","dim.storytelling","42","heuristic dimension","66"
"c=b0a36c1aa6f7","UZ1kCEGjYX0","NEGATIVE_CONTROL","dim.standalone","86","heuristic dimension","66"
"c=b0a36c1aa6f7","UZ1kCEGjYX0","NEGATIVE_CONTROL","dim.shareability","54","heuristic dimension","66"
"c=b0a36c1aa6f7","UZ1kCEGjYX0","NEGATIVE_CONTROL","dim.clarity","57","heuristic dimension","66"
"c=b0a36c1aa6f7","UZ1kCEGjYX0","NEGATIVE_CONTROL","dim.controversy","30","heuristic dimension","66"
"c=b0a36c1aa6f7","UZ1kCEGjYX0","NEGATIVE_CONTROL","dim.teachingValue","46","heuristic dimension","66"
"c=b0a36c1aa6f7","UZ1kCEGjYX0","NEGATIVE_CONTROL","dim.entertainment","59","heuristic dimension","66"
"c=b0a36c1aa6f7","UZ1kCEGjYX0","NEGATIVE_CONTROL","base_score","66","0.55*drivers + 0.45*gates","66"
"c=b0a36c1aa6f7","UZ1kCEGjYX0","NEGATIVE_CONTROL","duration_multiplier","1","piecewise duration curve","66"
"c=62ab2e18cd84","UZ1kCEGjYX0","NEGATIVE_CONTROL","dim.hook","46","heuristic dimension","72"
"c=62ab2e18cd84","UZ1kCEGjYX0","NEGATIVE_CONTROL","dim.curiosity","54","heuristic dimension","72"
"c=62ab2e18cd84","UZ1kCEGjYX0","NEGATIVE_CONTROL","dim.emotion","65","heuristic dimension","72"
"c=62ab2e18cd84","UZ1kCEGjYX0","NEGATIVE_CONTROL","dim.storytelling","77","heuristic dimension","72"
"c=62ab2e18cd84","UZ1kCEGjYX0","NEGATIVE_CONTROL","dim.standalone","86","heuristic dimension","72"
"c=62ab2e18cd84","UZ1kCEGjYX0","NEGATIVE_CONTROL","dim.shareability","48","heuristic dimension","72"
"c=62ab2e18cd84","UZ1kCEGjYX0","NEGATIVE_CONTROL","dim.clarity","84","heuristic dimension","72"
"c=62ab2e18cd84","UZ1kCEGjYX0","NEGATIVE_CONTROL","dim.controversy","30","heuristic dimension","72"
"c=62ab2e18cd84","UZ1kCEGjYX0","NEGATIVE_CONTROL","dim.teachingValue","46","heuristic dimension","72"
"c=62ab2e18cd84","UZ1kCEGjYX0","NEGATIVE_CONTROL","dim.entertainment","59","heuristic dimension","72"
"c=62ab2e18cd84","UZ1kCEGjYX0","NEGATIVE_CONTROL","base_score","72.1","0.55*drivers + 0.45*gates","72"
"c=62ab2e18cd84","UZ1kCEGjYX0","NEGATIVE_CONTROL","duration_multiplier","1","piecewise duration curve","72"
"c=686eb3873232","UZ1kCEGjYX0","NEGATIVE_CONTROL","dim.hook","33","heuristic dimension","71"
"c=686eb3873232","UZ1kCEGjYX0","NEGATIVE_CONTROL","dim.curiosity","54","heuristic dimension","71"
"c=686eb3873232","UZ1kCEGjYX0","NEGATIVE_CONTROL","dim.emotion","93","heuristic dimension","71"
"c=686eb3873232","UZ1kCEGjYX0","NEGATIVE_CONTROL","dim.storytelling","46","heuristic dimension","71"
"c=686eb3873232","UZ1kCEGjYX0","NEGATIVE_CONTROL","dim.standalone","86","heuristic dimension","71"
"c=686eb3873232","UZ1kCEGjYX0","NEGATIVE_CONTROL","dim.shareability","48","heuristic dimension","71"
"c=686eb3873232","UZ1kCEGjYX0","NEGATIVE_CONTROL","dim.clarity","68","heuristic dimension","71"
"c=686eb3873232","UZ1kCEGjYX0","NEGATIVE_CONTROL","dim.controversy","30","heuristic dimension","71"
"c=686eb3873232","UZ1kCEGjYX0","NEGATIVE_CONTROL","dim.teachingValue","46","heuristic dimension","71"
"c=686eb3873232","UZ1kCEGjYX0","NEGATIVE_CONTROL","dim.entertainment","59","heuristic dimension","71"
"c=686eb3873232","UZ1kCEGjYX0","NEGATIVE_CONTROL","base_score","70.9","0.55*drivers + 0.45*gates","71"
"c=686eb3873232","UZ1kCEGjYX0","NEGATIVE_CONTROL","duration_multiplier","1","piecewise duration curve","71"
"c=8c340cb61a7d","UZ1kCEGjYX0","NEGATIVE_CONTROL","dim.hook","33","heuristic dimension","60"
"c=8c340cb61a7d","UZ1kCEGjYX0","NEGATIVE_CONTROL","dim.curiosity","56","heuristic dimension","60"
"c=8c340cb61a7d","UZ1kCEGjYX0","NEGATIVE_CONTROL","dim.emotion","61","heuristic dimension","60"
"c=8c340cb61a7d","UZ1kCEGjYX0","NEGATIVE_CONTROL","dim.storytelling","68","heuristic dimension","60"
"c=8c340cb61a7d","UZ1kCEGjYX0","NEGATIVE_CONTROL","dim.standalone","86","heuristic dimension","60"
"c=8c340cb61a7d","UZ1kCEGjYX0","NEGATIVE_CONTROL","dim.shareability","54","heuristic dimension","60"
"c=8c340cb61a7d","UZ1kCEGjYX0","NEGATIVE_CONTROL","dim.clarity","48","heuristic dimension","60"
"c=8c340cb61a7d","UZ1kCEGjYX0","NEGATIVE_CONTROL","dim.controversy","30","heuristic dimension","60"
"c=8c340cb61a7d","UZ1kCEGjYX0","NEGATIVE_CONTROL","dim.teachingValue","61","heuristic dimension","60"
"c=8c340cb61a7d","UZ1kCEGjYX0","NEGATIVE_CONTROL","dim.entertainment","59","heuristic dimension","60"
"c=8c340cb61a7d","UZ1kCEGjYX0","NEGATIVE_CONTROL","base_score","61.9","0.55*drivers + 0.45*gates","60"
"c=8c340cb61a7d","UZ1kCEGjYX0","NEGATIVE_CONTROL","duration_multiplier","0.975","piecewise duration curve","60"
"c=19e3a9aca16c","UZ1kCEGjYX0","NEGATIVE_CONTROL","dim.hook","20","heuristic dimension","67"
"c=19e3a9aca16c","UZ1kCEGjYX0","NEGATIVE_CONTROL","dim.curiosity","67","heuristic dimension","67"
"c=19e3a9aca16c","UZ1kCEGjYX0","NEGATIVE_CONTROL","dim.emotion","51","heuristic dimension","67"
"c=19e3a9aca16c","UZ1kCEGjYX0","NEGATIVE_CONTROL","dim.storytelling","84","heuristic dimension","67"
"c=19e3a9aca16c","UZ1kCEGjYX0","NEGATIVE_CONTROL","dim.standalone","86","heuristic dimension","67"
"c=19e3a9aca16c","UZ1kCEGjYX0","NEGATIVE_CONTROL","dim.shareability","48","heuristic dimension","67"
"c=19e3a9aca16c","UZ1kCEGjYX0","NEGATIVE_CONTROL","dim.clarity","59","heuristic dimension","67"
"c=19e3a9aca16c","UZ1kCEGjYX0","NEGATIVE_CONTROL","dim.controversy","30","heuristic dimension","67"
"c=19e3a9aca16c","UZ1kCEGjYX0","NEGATIVE_CONTROL","dim.teachingValue","46","heuristic dimension","67"
"c=19e3a9aca16c","UZ1kCEGjYX0","NEGATIVE_CONTROL","dim.entertainment","59","heuristic dimension","67"
"c=19e3a9aca16c","UZ1kCEGjYX0","NEGATIVE_CONTROL","base_score","67.7","0.55*drivers + 0.45*gates","67"
"c=19e3a9aca16c","UZ1kCEGjYX0","NEGATIVE_CONTROL","duration_multiplier","0.985","piecewise duration curve","67"
"c=8583317c867a","UZ1kCEGjYX0","NEGATIVE_CONTROL","dim.hook","46","heuristic dimension","54"
"c=8583317c867a","UZ1kCEGjYX0","NEGATIVE_CONTROL","dim.curiosity","54","heuristic dimension","54"
"c=8583317c867a","UZ1kCEGjYX0","NEGATIVE_CONTROL","dim.emotion","70","heuristic dimension","54"
"c=8583317c867a","UZ1kCEGjYX0","NEGATIVE_CONTROL","dim.storytelling","46","heuristic dimension","54"
"c=8583317c867a","UZ1kCEGjYX0","NEGATIVE_CONTROL","dim.standalone","66","heuristic dimension","54"
"c=8583317c867a","UZ1kCEGjYX0","NEGATIVE_CONTROL","dim.shareability","48","heuristic dimension","54"
"c=8583317c867a","UZ1kCEGjYX0","NEGATIVE_CONTROL","dim.clarity","22","heuristic dimension","54"
"c=8583317c867a","UZ1kCEGjYX0","NEGATIVE_CONTROL","dim.controversy","30","heuristic dimension","54"
"c=8583317c867a","UZ1kCEGjYX0","NEGATIVE_CONTROL","dim.teachingValue","46","heuristic dimension","54"
"c=8583317c867a","UZ1kCEGjYX0","NEGATIVE_CONTROL","dim.entertainment","59","heuristic dimension","54"
"c=8583317c867a","UZ1kCEGjYX0","NEGATIVE_CONTROL","base_score","56.5","0.55*drivers + 0.45*gates","54"
"c=8583317c867a","UZ1kCEGjYX0","NEGATIVE_CONTROL","duration_multiplier","0.951","piecewise duration curve","54"
"c=339c47686d73","UZ1kCEGjYX0","NEGATIVE_CONTROL","dim.hook","20","heuristic dimension","52"
"c=339c47686d73","UZ1kCEGjYX0","NEGATIVE_CONTROL","dim.curiosity","54","heuristic dimension","52"
"c=339c47686d73","UZ1kCEGjYX0","NEGATIVE_CONTROL","dim.emotion","69","heuristic dimension","52"
"c=339c47686d73","UZ1kCEGjYX0","NEGATIVE_CONTROL","dim.storytelling","67","heuristic dimension","52"
"c=339c47686d73","UZ1kCEGjYX0","NEGATIVE_CONTROL","dim.standalone","54","heuristic dimension","52"
"c=339c47686d73","UZ1kCEGjYX0","NEGATIVE_CONTROL","dim.shareability","48","heuristic dimension","52"
"c=339c47686d73","UZ1kCEGjYX0","NEGATIVE_CONTROL","dim.clarity","24","heuristic dimension","52"
"c=339c47686d73","UZ1kCEGjYX0","NEGATIVE_CONTROL","dim.controversy","30","heuristic dimension","52"
"c=339c47686d73","UZ1kCEGjYX0","NEGATIVE_CONTROL","dim.teachingValue","46","heuristic dimension","52"
"c=339c47686d73","UZ1kCEGjYX0","NEGATIVE_CONTROL","dim.entertainment","59","heuristic dimension","52"
"c=339c47686d73","UZ1kCEGjYX0","NEGATIVE_CONTROL","base_score","53.1","0.55*drivers + 0.45*gates","52"
"c=339c47686d73","UZ1kCEGjYX0","NEGATIVE_CONTROL","duration_multiplier","0.987","piecewise duration curve","52"
"c=0f341df5a7fd","UZ1kCEGjYX0","NEGATIVE_CONTROL","dim.hook","20","heuristic dimension","61"
"c=0f341df5a7fd","UZ1kCEGjYX0","NEGATIVE_CONTROL","dim.curiosity","50","heuristic dimension","61"
"c=0f341df5a7fd","UZ1kCEGjYX0","NEGATIVE_CONTROL","dim.emotion","54","heuristic dimension","61"
"c=0f341df5a7fd","UZ1kCEGjYX0","NEGATIVE_CONTROL","dim.storytelling","96","heuristic dimension","61"
"c=0f341df5a7fd","UZ1kCEGjYX0","NEGATIVE_CONTROL","dim.standalone","66","heuristic dimension","61"
"c=0f341df5a7fd","UZ1kCEGjYX0","NEGATIVE_CONTROL","dim.shareability","48","heuristic dimension","61"
"c=0f341df5a7fd","UZ1kCEGjYX0","NEGATIVE_CONTROL","dim.clarity","31","heuristic dimension","61"
"c=0f341df5a7fd","UZ1kCEGjYX0","NEGATIVE_CONTROL","dim.controversy","30","heuristic dimension","61"
"c=0f341df5a7fd","UZ1kCEGjYX0","NEGATIVE_CONTROL","dim.teachingValue","51","heuristic dimension","61"
"c=0f341df5a7fd","UZ1kCEGjYX0","NEGATIVE_CONTROL","dim.entertainment","59","heuristic dimension","61"
"c=0f341df5a7fd","UZ1kCEGjYX0","NEGATIVE_CONTROL","base_score","61.4","0.55*drivers + 0.45*gates","61"
"c=0f341df5a7fd","UZ1kCEGjYX0","NEGATIVE_CONTROL","duration_multiplier","0.998","piecewise duration curve","61"
"c=1ffaaadc2d40","UZ1kCEGjYX0","NEGATIVE_CONTROL","dim.hook","20","heuristic dimension","52"
"c=1ffaaadc2d40","UZ1kCEGjYX0","NEGATIVE_CONTROL","dim.curiosity","56","heuristic dimension","52"
"c=1ffaaadc2d40","UZ1kCEGjYX0","NEGATIVE_CONTROL","dim.emotion","66","heuristic dimension","52"
"c=1ffaaadc2d40","UZ1kCEGjYX0","NEGATIVE_CONTROL","dim.storytelling","58","heuristic dimension","52"
"c=1ffaaadc2d40","UZ1kCEGjYX0","NEGATIVE_CONTROL","dim.standalone","66","heuristic dimension","52"
"c=1ffaaadc2d40","UZ1kCEGjYX0","NEGATIVE_CONTROL","dim.shareability","48","heuristic dimension","52"
"c=1ffaaadc2d40","UZ1kCEGjYX0","NEGATIVE_CONTROL","dim.clarity","24","heuristic dimension","52"
"c=1ffaaadc2d40","UZ1kCEGjYX0","NEGATIVE_CONTROL","dim.controversy","30","heuristic dimension","52"
"c=1ffaaadc2d40","UZ1kCEGjYX0","NEGATIVE_CONTROL","dim.teachingValue","56","heuristic dimension","52"
"c=1ffaaadc2d40","UZ1kCEGjYX0","NEGATIVE_CONTROL","dim.entertainment","59","heuristic dimension","52"
"c=1ffaaadc2d40","UZ1kCEGjYX0","NEGATIVE_CONTROL","base_score","52.2","0.55*drivers + 0.45*gates","52"
"c=1ffaaadc2d40","UZ1kCEGjYX0","NEGATIVE_CONTROL","duration_multiplier","1","piecewise duration curve","52"
"c=df3e918b0403","UZ1kCEGjYX0","NEGATIVE_CONTROL","dim.hook","33","heuristic dimension","70"
"c=df3e918b0403","UZ1kCEGjYX0","NEGATIVE_CONTROL","dim.curiosity","54","heuristic dimension","70"
"c=df3e918b0403","UZ1kCEGjYX0","NEGATIVE_CONTROL","dim.emotion","62","heuristic dimension","70"
"c=df3e918b0403","UZ1kCEGjYX0","NEGATIVE_CONTROL","dim.storytelling","92","heuristic dimension","70"
"c=df3e918b0403","UZ1kCEGjYX0","NEGATIVE_CONTROL","dim.standalone","86","heuristic dimension","70"
"c=df3e918b0403","UZ1kCEGjYX0","NEGATIVE_CONTROL","dim.shareability","48","heuristic dimension","70"
"c=df3e918b0403","UZ1kCEGjYX0","NEGATIVE_CONTROL","dim.clarity","55","heuristic dimension","70"
"c=df3e918b0403","UZ1kCEGjYX0","NEGATIVE_CONTROL","dim.controversy","30","heuristic dimension","70"
"c=df3e918b0403","UZ1kCEGjYX0","NEGATIVE_CONTROL","dim.teachingValue","46","heuristic dimension","70"
"c=df3e918b0403","UZ1kCEGjYX0","NEGATIVE_CONTROL","dim.entertainment","59","heuristic dimension","70"
"c=df3e918b0403","UZ1kCEGjYX0","NEGATIVE_CONTROL","base_score","69.7","0.55*drivers + 0.45*gates","70"
"c=df3e918b0403","UZ1kCEGjYX0","NEGATIVE_CONTROL","duration_multiplier","1","piecewise duration curve","70"
"c=88767cded5c8","UZ1kCEGjYX0","NEGATIVE_CONTROL","dim.hook","20","heuristic dimension","68"
"c=88767cded5c8","UZ1kCEGjYX0","NEGATIVE_CONTROL","dim.curiosity","76","heuristic dimension","68"
"c=88767cded5c8","UZ1kCEGjYX0","NEGATIVE_CONTROL","dim.emotion","54","heuristic dimension","68"
"c=88767cded5c8","UZ1kCEGjYX0","NEGATIVE_CONTROL","dim.storytelling","96","heuristic dimension","68"
"c=88767cded5c8","UZ1kCEGjYX0","NEGATIVE_CONTROL","dim.standalone","70","heuristic dimension","68"
"c=88767cded5c8","UZ1kCEGjYX0","NEGATIVE_CONTROL","dim.shareability","72","heuristic dimension","68"
"c=88767cded5c8","UZ1kCEGjYX0","NEGATIVE_CONTROL","dim.clarity","49","heuristic dimension","68"
"c=88767cded5c8","UZ1kCEGjYX0","NEGATIVE_CONTROL","dim.controversy","30","heuristic dimension","68"
"c=88767cded5c8","UZ1kCEGjYX0","NEGATIVE_CONTROL","dim.teachingValue","46","heuristic dimension","68"
"c=88767cded5c8","UZ1kCEGjYX0","NEGATIVE_CONTROL","dim.entertainment","59","heuristic dimension","68"
"c=88767cded5c8","UZ1kCEGjYX0","NEGATIVE_CONTROL","base_score","69.2","0.55*drivers + 0.45*gates","68"
"c=88767cded5c8","UZ1kCEGjYX0","NEGATIVE_CONTROL","duration_multiplier","0.983","piecewise duration curve","68"
"c=80e68aabcf35","UZ1kCEGjYX0","NEGATIVE_CONTROL","dim.hook","46","heuristic dimension","64"
"c=80e68aabcf35","UZ1kCEGjYX0","NEGATIVE_CONTROL","dim.curiosity","50","heuristic dimension","64"
"c=80e68aabcf35","UZ1kCEGjYX0","NEGATIVE_CONTROL","dim.emotion","54","heuristic dimension","64"
"c=80e68aabcf35","UZ1kCEGjYX0","NEGATIVE_CONTROL","dim.storytelling","46","heuristic dimension","64"
"c=80e68aabcf35","UZ1kCEGjYX0","NEGATIVE_CONTROL","dim.standalone","86","heuristic dimension","64"
"c=80e68aabcf35","UZ1kCEGjYX0","NEGATIVE_CONTROL","dim.shareability","48","heuristic dimension","64"
"c=80e68aabcf35","UZ1kCEGjYX0","NEGATIVE_CONTROL","dim.clarity","84","heuristic dimension","64"
"c=80e68aabcf35","UZ1kCEGjYX0","NEGATIVE_CONTROL","dim.controversy","30","heuristic dimension","64"
"c=80e68aabcf35","UZ1kCEGjYX0","NEGATIVE_CONTROL","dim.teachingValue","46","heuristic dimension","64"
"c=80e68aabcf35","UZ1kCEGjYX0","NEGATIVE_CONTROL","dim.entertainment","59","heuristic dimension","64"
"c=80e68aabcf35","UZ1kCEGjYX0","NEGATIVE_CONTROL","base_score","64.1","0.55*drivers + 0.45*gates","64"
"c=80e68aabcf35","UZ1kCEGjYX0","NEGATIVE_CONTROL","duration_multiplier","0.998","piecewise duration curve","64"
"c=193cd026d77d","UZ1kCEGjYX0","NEGATIVE_CONTROL","dim.hook","20","heuristic dimension","59"
"c=193cd026d77d","UZ1kCEGjYX0","NEGATIVE_CONTROL","dim.curiosity","46","heuristic dimension","59"
"c=193cd026d77d","UZ1kCEGjYX0","NEGATIVE_CONTROL","dim.emotion","51","heuristic dimension","59"
"c=193cd026d77d","UZ1kCEGjYX0","NEGATIVE_CONTROL","dim.storytelling","76","heuristic dimension","59"
"c=193cd026d77d","UZ1kCEGjYX0","NEGATIVE_CONTROL","dim.standalone","86","heuristic dimension","59"
"c=193cd026d77d","UZ1kCEGjYX0","NEGATIVE_CONTROL","dim.shareability","48","heuristic dimension","59"
"c=193cd026d77d","UZ1kCEGjYX0","NEGATIVE_CONTROL","dim.clarity","24","heuristic dimension","59"
"c=193cd026d77d","UZ1kCEGjYX0","NEGATIVE_CONTROL","dim.controversy","49","heuristic dimension","59"
"c=193cd026d77d","UZ1kCEGjYX0","NEGATIVE_CONTROL","dim.teachingValue","46","heuristic dimension","59"
"c=193cd026d77d","UZ1kCEGjYX0","NEGATIVE_CONTROL","dim.entertainment","59","heuristic dimension","59"
"c=193cd026d77d","UZ1kCEGjYX0","NEGATIVE_CONTROL","base_score","58.5","0.55*drivers + 0.45*gates","59"
"c=193cd026d77d","UZ1kCEGjYX0","NEGATIVE_CONTROL","duration_multiplier","1","piecewise duration curve","59"
"c=ee8850485cce","UZ1kCEGjYX0","NEGATIVE_CONTROL","dim.hook","12","heuristic dimension","57"
"c=ee8850485cce","UZ1kCEGjYX0","NEGATIVE_CONTROL","dim.curiosity","46","heuristic dimension","57"
"c=ee8850485cce","UZ1kCEGjYX0","NEGATIVE_CONTROL","dim.emotion","54","heuristic dimension","57"
"c=ee8850485cce","UZ1kCEGjYX0","NEGATIVE_CONTROL","dim.storytelling","68","heuristic dimension","57"
"c=ee8850485cce","UZ1kCEGjYX0","NEGATIVE_CONTROL","dim.standalone","66","heuristic dimension","57"
"c=ee8850485cce","UZ1kCEGjYX0","NEGATIVE_CONTROL","dim.shareability","48","heuristic dimension","57"
"c=ee8850485cce","UZ1kCEGjYX0","NEGATIVE_CONTROL","dim.clarity","24","heuristic dimension","57"
"c=ee8850485cce","UZ1kCEGjYX0","NEGATIVE_CONTROL","dim.controversy","30","heuristic dimension","57"
"c=ee8850485cce","UZ1kCEGjYX0","NEGATIVE_CONTROL","dim.teachingValue","46","heuristic dimension","57"
"c=ee8850485cce","UZ1kCEGjYX0","NEGATIVE_CONTROL","dim.entertainment","78","heuristic dimension","57"
"c=ee8850485cce","UZ1kCEGjYX0","NEGATIVE_CONTROL","base_score","56.9","0.55*drivers + 0.45*gates","57"
"c=ee8850485cce","UZ1kCEGjYX0","NEGATIVE_CONTROL","duration_multiplier","1","piecewise duration curve","57"
"c=0cc4b9bf6295","UZ1kCEGjYX0","NEGATIVE_CONTROL","dim.hook","12","heuristic dimension","62"
"c=0cc4b9bf6295","UZ1kCEGjYX0","NEGATIVE_CONTROL","dim.curiosity","46","heuristic dimension","62"
"c=0cc4b9bf6295","UZ1kCEGjYX0","NEGATIVE_CONTROL","dim.emotion","54","heuristic dimension","62"
"c=0cc4b9bf6295","UZ1kCEGjYX0","NEGATIVE_CONTROL","dim.storytelling","75","heuristic dimension","62"
"c=0cc4b9bf6295","UZ1kCEGjYX0","NEGATIVE_CONTROL","dim.standalone","66","heuristic dimension","62"
"c=0cc4b9bf6295","UZ1kCEGjYX0","NEGATIVE_CONTROL","dim.shareability","54","heuristic dimension","62"
"c=0cc4b9bf6295","UZ1kCEGjYX0","NEGATIVE_CONTROL","dim.clarity","44","heuristic dimension","62"
"c=0cc4b9bf6295","UZ1kCEGjYX0","NEGATIVE_CONTROL","dim.controversy","30","heuristic dimension","62"
"c=0cc4b9bf6295","UZ1kCEGjYX0","NEGATIVE_CONTROL","dim.teachingValue","81","heuristic dimension","62"
"c=0cc4b9bf6295","UZ1kCEGjYX0","NEGATIVE_CONTROL","dim.entertainment","59","heuristic dimension","62"
"c=0cc4b9bf6295","UZ1kCEGjYX0","NEGATIVE_CONTROL","base_score","62.3","0.55*drivers + 0.45*gates","62"
"c=0cc4b9bf6295","UZ1kCEGjYX0","NEGATIVE_CONTROL","duration_multiplier","0.996","piecewise duration curve","62"
"c=f33c9ba2ceab","UZ1kCEGjYX0","NEGATIVE_CONTROL","dim.hook","12","heuristic dimension","67"
"c=f33c9ba2ceab","UZ1kCEGjYX0","NEGATIVE_CONTROL","dim.curiosity","50","heuristic dimension","67"
"c=f33c9ba2ceab","UZ1kCEGjYX0","NEGATIVE_CONTROL","dim.emotion","100","heuristic dimension","67"
"c=f33c9ba2ceab","UZ1kCEGjYX0","NEGATIVE_CONTROL","dim.storytelling","80","heuristic dimension","67"
"c=f33c9ba2ceab","UZ1kCEGjYX0","NEGATIVE_CONTROL","dim.standalone","66","heuristic dimension","67"
"c=f33c9ba2ceab","UZ1kCEGjYX0","NEGATIVE_CONTROL","dim.shareability","48","heuristic dimension","67"
"c=f33c9ba2ceab","UZ1kCEGjYX0","NEGATIVE_CONTROL","dim.clarity","31","heuristic dimension","67"
"c=f33c9ba2ceab","UZ1kCEGjYX0","NEGATIVE_CONTROL","dim.controversy","30","heuristic dimension","67"
"c=f33c9ba2ceab","UZ1kCEGjYX0","NEGATIVE_CONTROL","dim.teachingValue","46","heuristic dimension","67"
"c=f33c9ba2ceab","UZ1kCEGjYX0","NEGATIVE_CONTROL","dim.entertainment","40","heuristic dimension","67"
"c=f33c9ba2ceab","UZ1kCEGjYX0","NEGATIVE_CONTROL","base_score","67.2","0.55*drivers + 0.45*gates","67"
"c=f33c9ba2ceab","UZ1kCEGjYX0","NEGATIVE_CONTROL","duration_multiplier","1","piecewise duration curve","67"
"c=6e2330173a98","UZ1kCEGjYX0","NEGATIVE_CONTROL","dim.hook","33","heuristic dimension","54"
"c=6e2330173a98","UZ1kCEGjYX0","NEGATIVE_CONTROL","dim.curiosity","46","heuristic dimension","54"
"c=6e2330173a98","UZ1kCEGjYX0","NEGATIVE_CONTROL","dim.emotion","64","heuristic dimension","54"
"c=6e2330173a98","UZ1kCEGjYX0","NEGATIVE_CONTROL","dim.storytelling","54","heuristic dimension","54"
"c=6e2330173a98","UZ1kCEGjYX0","NEGATIVE_CONTROL","dim.standalone","66","heuristic dimension","54"
"c=6e2330173a98","UZ1kCEGjYX0","NEGATIVE_CONTROL","dim.shareability","48","heuristic dimension","54"
"c=6e2330173a98","UZ1kCEGjYX0","NEGATIVE_CONTROL","dim.clarity","40","heuristic dimension","54"
"c=6e2330173a98","UZ1kCEGjYX0","NEGATIVE_CONTROL","dim.controversy","30","heuristic dimension","54"
"c=6e2330173a98","UZ1kCEGjYX0","NEGATIVE_CONTROL","dim.teachingValue","46","heuristic dimension","54"
"c=6e2330173a98","UZ1kCEGjYX0","NEGATIVE_CONTROL","dim.entertainment","40","heuristic dimension","54"
"c=6e2330173a98","UZ1kCEGjYX0","NEGATIVE_CONTROL","base_score","54.2","0.55*drivers + 0.45*gates","54"
"c=6e2330173a98","UZ1kCEGjYX0","NEGATIVE_CONTROL","duration_multiplier","0.998","piecewise duration curve","54"
"c=b61f744789d9","UZ1kCEGjYX0","NEGATIVE_CONTROL","dim.hook","20","heuristic dimension","60"
"c=b61f744789d9","UZ1kCEGjYX0","NEGATIVE_CONTROL","dim.curiosity","46","heuristic dimension","60"
"c=b61f744789d9","UZ1kCEGjYX0","NEGATIVE_CONTROL","dim.emotion","63","heuristic dimension","60"
"c=b61f744789d9","UZ1kCEGjYX0","NEGATIVE_CONTROL","dim.storytelling","71","heuristic dimension","60"
"c=b61f744789d9","UZ1kCEGjYX0","NEGATIVE_CONTROL","dim.standalone","86","heuristic dimension","60"
"c=b61f744789d9","UZ1kCEGjYX0","NEGATIVE_CONTROL","dim.shareability","48","heuristic dimension","60"
"c=b61f744789d9","UZ1kCEGjYX0","NEGATIVE_CONTROL","dim.clarity","35","heuristic dimension","60"
"c=b61f744789d9","UZ1kCEGjYX0","NEGATIVE_CONTROL","dim.controversy","30","heuristic dimension","60"
"c=b61f744789d9","UZ1kCEGjYX0","NEGATIVE_CONTROL","dim.teachingValue","46","heuristic dimension","60"
"c=b61f744789d9","UZ1kCEGjYX0","NEGATIVE_CONTROL","dim.entertainment","59","heuristic dimension","60"
"c=b61f744789d9","UZ1kCEGjYX0","NEGATIVE_CONTROL","base_score","59.8","0.55*drivers + 0.45*gates","60"
"c=b61f744789d9","UZ1kCEGjYX0","NEGATIVE_CONTROL","duration_multiplier","1","piecewise duration curve","60"
"c=e996af8e7116","UZ1kCEGjYX0","NEGATIVE_CONTROL","dim.hook","20","heuristic dimension","56"
"c=e996af8e7116","UZ1kCEGjYX0","NEGATIVE_CONTROL","dim.curiosity","46","heuristic dimension","56"
"c=e996af8e7116","UZ1kCEGjYX0","NEGATIVE_CONTROL","dim.emotion","72","heuristic dimension","56"
"c=e996af8e7116","UZ1kCEGjYX0","NEGATIVE_CONTROL","dim.storytelling","71","heuristic dimension","56"
"c=e996af8e7116","UZ1kCEGjYX0","NEGATIVE_CONTROL","dim.standalone","54","heuristic dimension","56"
"c=e996af8e7116","UZ1kCEGjYX0","NEGATIVE_CONTROL","dim.shareability","60","heuristic dimension","56"
"c=e996af8e7116","UZ1kCEGjYX0","NEGATIVE_CONTROL","dim.clarity","33","heuristic dimension","56"
"c=e996af8e7116","UZ1kCEGjYX0","NEGATIVE_CONTROL","dim.controversy","49","heuristic dimension","56"
"c=e996af8e7116","UZ1kCEGjYX0","NEGATIVE_CONTROL","dim.teachingValue","46","heuristic dimension","56"
"c=e996af8e7116","UZ1kCEGjYX0","NEGATIVE_CONTROL","dim.entertainment","59","heuristic dimension","56"
"c=e996af8e7116","UZ1kCEGjYX0","NEGATIVE_CONTROL","base_score","56.2","0.55*drivers + 0.45*gates","56"
"c=e996af8e7116","UZ1kCEGjYX0","NEGATIVE_CONTROL","duration_multiplier","1","piecewise duration curve","56"
"c=ef1b8926843f","UZ1kCEGjYX0","NEGATIVE_CONTROL","dim.hook","38","heuristic dimension","58"
"c=ef1b8926843f","UZ1kCEGjYX0","NEGATIVE_CONTROL","dim.curiosity","50","heuristic dimension","58"
"c=ef1b8926843f","UZ1kCEGjYX0","NEGATIVE_CONTROL","dim.emotion","70","heuristic dimension","58"
"c=ef1b8926843f","UZ1kCEGjYX0","NEGATIVE_CONTROL","dim.storytelling","75","heuristic dimension","58"
"c=ef1b8926843f","UZ1kCEGjYX0","NEGATIVE_CONTROL","dim.standalone","54","heuristic dimension","58"
"c=ef1b8926843f","UZ1kCEGjYX0","NEGATIVE_CONTROL","dim.shareability","54","heuristic dimension","58"
"c=ef1b8926843f","UZ1kCEGjYX0","NEGATIVE_CONTROL","dim.clarity","47","heuristic dimension","58"
"c=ef1b8926843f","UZ1kCEGjYX0","NEGATIVE_CONTROL","dim.controversy","49","heuristic dimension","58"
"c=ef1b8926843f","UZ1kCEGjYX0","NEGATIVE_CONTROL","dim.teachingValue","46","heuristic dimension","58"
"c=ef1b8926843f","UZ1kCEGjYX0","NEGATIVE_CONTROL","dim.entertainment","59","heuristic dimension","58"
"c=ef1b8926843f","UZ1kCEGjYX0","NEGATIVE_CONTROL","base_score","61.1","0.55*drivers + 0.45*gates","58"
"c=ef1b8926843f","UZ1kCEGjYX0","NEGATIVE_CONTROL","duration_multiplier","0.949","piecewise duration curve","58"
"c=2fae9d6556ea","UZ1kCEGjYX0","NEGATIVE_CONTROL","dim.hook","0","heuristic dimension","57"
"c=2fae9d6556ea","UZ1kCEGjYX0","NEGATIVE_CONTROL","dim.curiosity","54","heuristic dimension","57"
"c=2fae9d6556ea","UZ1kCEGjYX0","NEGATIVE_CONTROL","dim.emotion","54","heuristic dimension","57"
"c=2fae9d6556ea","UZ1kCEGjYX0","NEGATIVE_CONTROL","dim.storytelling","84","heuristic dimension","57"
"c=2fae9d6556ea","UZ1kCEGjYX0","NEGATIVE_CONTROL","dim.standalone","62","heuristic dimension","57"
"c=2fae9d6556ea","UZ1kCEGjYX0","NEGATIVE_CONTROL","dim.shareability","54","heuristic dimension","57"
"c=2fae9d6556ea","UZ1kCEGjYX0","NEGATIVE_CONTROL","dim.clarity","50","heuristic dimension","57"
"c=2fae9d6556ea","UZ1kCEGjYX0","NEGATIVE_CONTROL","dim.controversy","30","heuristic dimension","57"
"c=2fae9d6556ea","UZ1kCEGjYX0","NEGATIVE_CONTROL","dim.teachingValue","46","heuristic dimension","57"
"c=2fae9d6556ea","UZ1kCEGjYX0","NEGATIVE_CONTROL","dim.entertainment","59","heuristic dimension","57"
"c=2fae9d6556ea","UZ1kCEGjYX0","NEGATIVE_CONTROL","base_score","57.2","0.55*drivers + 0.45*gates","57"
"c=2fae9d6556ea","UZ1kCEGjYX0","NEGATIVE_CONTROL","duration_multiplier","0.99","piecewise duration curve","57"
"c=17966edf9841","UZ1kCEGjYX0","NEGATIVE_CONTROL","dim.hook","46","heuristic dimension","77"
"c=17966edf9841","UZ1kCEGjYX0","NEGATIVE_CONTROL","dim.curiosity","50","heuristic dimension","77"
"c=17966edf9841","UZ1kCEGjYX0","NEGATIVE_CONTROL","dim.emotion","89","heuristic dimension","77"
"c=17966edf9841","UZ1kCEGjYX0","NEGATIVE_CONTROL","dim.storytelling","59","heuristic dimension","77"
"c=17966edf9841","UZ1kCEGjYX0","NEGATIVE_CONTROL","dim.standalone","86","heuristic dimension","77"
"c=17966edf9841","UZ1kCEGjYX0","NEGATIVE_CONTROL","dim.shareability","48","heuristic dimension","77"
"c=17966edf9841","UZ1kCEGjYX0","NEGATIVE_CONTROL","dim.clarity","70","heuristic dimension","77"
"c=17966edf9841","UZ1kCEGjYX0","NEGATIVE_CONTROL","dim.controversy","30","heuristic dimension","77"
"c=17966edf9841","UZ1kCEGjYX0","NEGATIVE_CONTROL","dim.teachingValue","46","heuristic dimension","77"
"c=17966edf9841","UZ1kCEGjYX0","NEGATIVE_CONTROL","dim.entertainment","78","heuristic dimension","77"
"c=17966edf9841","UZ1kCEGjYX0","NEGATIVE_CONTROL","base_score","77.1","0.55*drivers + 0.45*gates","77"
"c=17966edf9841","UZ1kCEGjYX0","NEGATIVE_CONTROL","duration_multiplier","1","piecewise duration curve","77"
"c=9a772ef2b3ca","UZ1kCEGjYX0","NEGATIVE_CONTROL","dim.hook","0","heuristic dimension","52"
"c=9a772ef2b3ca","UZ1kCEGjYX0","NEGATIVE_CONTROL","dim.curiosity","46","heuristic dimension","52"
"c=9a772ef2b3ca","UZ1kCEGjYX0","NEGATIVE_CONTROL","dim.emotion","54","heuristic dimension","52"
"c=9a772ef2b3ca","UZ1kCEGjYX0","NEGATIVE_CONTROL","dim.storytelling","55","heuristic dimension","52"
"c=9a772ef2b3ca","UZ1kCEGjYX0","NEGATIVE_CONTROL","dim.standalone","62","heuristic dimension","52"
"c=9a772ef2b3ca","UZ1kCEGjYX0","NEGATIVE_CONTROL","dim.shareability","54","heuristic dimension","52"
"c=9a772ef2b3ca","UZ1kCEGjYX0","NEGATIVE_CONTROL","dim.clarity","69","heuristic dimension","52"
"c=9a772ef2b3ca","UZ1kCEGjYX0","NEGATIVE_CONTROL","dim.controversy","30","heuristic dimension","52"
"c=9a772ef2b3ca","UZ1kCEGjYX0","NEGATIVE_CONTROL","dim.teachingValue","46","heuristic dimension","52"
"c=9a772ef2b3ca","UZ1kCEGjYX0","NEGATIVE_CONTROL","dim.entertainment","59","heuristic dimension","52"
"c=9a772ef2b3ca","UZ1kCEGjYX0","NEGATIVE_CONTROL","base_score","51.8","0.55*drivers + 0.45*gates","52"
"c=9a772ef2b3ca","UZ1kCEGjYX0","NEGATIVE_CONTROL","duration_multiplier","1","piecewise duration curve","52"
"c=97bb57f1134d","UZ1kCEGjYX0","NEGATIVE_CONTROL","dim.hook","33","heuristic dimension","59"
"c=97bb57f1134d","UZ1kCEGjYX0","NEGATIVE_CONTROL","dim.curiosity","56","heuristic dimension","59"
"c=97bb57f1134d","UZ1kCEGjYX0","NEGATIVE_CONTROL","dim.emotion","65","heuristic dimension","59"
"c=97bb57f1134d","UZ1kCEGjYX0","NEGATIVE_CONTROL","dim.storytelling","72","heuristic dimension","59"
"c=97bb57f1134d","UZ1kCEGjYX0","NEGATIVE_CONTROL","dim.standalone","66","heuristic dimension","59"
"c=97bb57f1134d","UZ1kCEGjYX0","NEGATIVE_CONTROL","dim.shareability","48","heuristic dimension","59"
"c=97bb57f1134d","UZ1kCEGjYX0","NEGATIVE_CONTROL","dim.clarity","39","heuristic dimension","59"
"c=97bb57f1134d","UZ1kCEGjYX0","NEGATIVE_CONTROL","dim.controversy","30","heuristic dimension","59"
"c=97bb57f1134d","UZ1kCEGjYX0","NEGATIVE_CONTROL","dim.teachingValue","46","heuristic dimension","59"
"c=97bb57f1134d","UZ1kCEGjYX0","NEGATIVE_CONTROL","dim.entertainment","59","heuristic dimension","59"
"c=97bb57f1134d","UZ1kCEGjYX0","NEGATIVE_CONTROL","base_score","59.3","0.55*drivers + 0.45*gates","59"
"c=97bb57f1134d","UZ1kCEGjYX0","NEGATIVE_CONTROL","duration_multiplier","1","piecewise duration curve","59"
"c=1d647afd843c","UZ1kCEGjYX0","NEGATIVE_CONTROL","dim.hook","20","heuristic dimension","64"
"c=1d647afd843c","UZ1kCEGjYX0","NEGATIVE_CONTROL","dim.curiosity","46","heuristic dimension","64"
"c=1d647afd843c","UZ1kCEGjYX0","NEGATIVE_CONTROL","dim.emotion","54","heuristic dimension","64"
"c=1d647afd843c","UZ1kCEGjYX0","NEGATIVE_CONTROL","dim.storytelling","88","heuristic dimension","64"
"c=1d647afd843c","UZ1kCEGjYX0","NEGATIVE_CONTROL","dim.standalone","86","heuristic dimension","64"
"c=1d647afd843c","UZ1kCEGjYX0","NEGATIVE_CONTROL","dim.shareability","48","heuristic dimension","64"
"c=1d647afd843c","UZ1kCEGjYX0","NEGATIVE_CONTROL","dim.clarity","37","heuristic dimension","64"
"c=1d647afd843c","UZ1kCEGjYX0","NEGATIVE_CONTROL","dim.controversy","30","heuristic dimension","64"
"c=1d647afd843c","UZ1kCEGjYX0","NEGATIVE_CONTROL","dim.teachingValue","46","heuristic dimension","64"
"c=1d647afd843c","UZ1kCEGjYX0","NEGATIVE_CONTROL","dim.entertainment","59","heuristic dimension","64"
"c=1d647afd843c","UZ1kCEGjYX0","NEGATIVE_CONTROL","base_score","63.6","0.55*drivers + 0.45*gates","64"
"c=1d647afd843c","UZ1kCEGjYX0","NEGATIVE_CONTROL","duration_multiplier","1","piecewise duration curve","64"
"c=8293a0950af8","UZ1kCEGjYX0","NEGATIVE_CONTROL","dim.hook","33","heuristic dimension","61"
"c=8293a0950af8","UZ1kCEGjYX0","NEGATIVE_CONTROL","dim.curiosity","50","heuristic dimension","61"
"c=8293a0950af8","UZ1kCEGjYX0","NEGATIVE_CONTROL","dim.emotion","46","heuristic dimension","61"
"c=8293a0950af8","UZ1kCEGjYX0","NEGATIVE_CONTROL","dim.storytelling","58","heuristic dimension","61"
"c=8293a0950af8","UZ1kCEGjYX0","NEGATIVE_CONTROL","dim.standalone","86","heuristic dimension","61"
"c=8293a0950af8","UZ1kCEGjYX0","NEGATIVE_CONTROL","dim.shareability","48","heuristic dimension","61"
"c=8293a0950af8","UZ1kCEGjYX0","NEGATIVE_CONTROL","dim.clarity","71","heuristic dimension","61"
"c=8293a0950af8","UZ1kCEGjYX0","NEGATIVE_CONTROL","dim.controversy","30","heuristic dimension","61"
"c=8293a0950af8","UZ1kCEGjYX0","NEGATIVE_CONTROL","dim.teachingValue","46","heuristic dimension","61"
"c=8293a0950af8","UZ1kCEGjYX0","NEGATIVE_CONTROL","dim.entertainment","59","heuristic dimension","61"
"c=8293a0950af8","UZ1kCEGjYX0","NEGATIVE_CONTROL","base_score","61.7","0.55*drivers + 0.45*gates","61"
"c=8293a0950af8","UZ1kCEGjYX0","NEGATIVE_CONTROL","duration_multiplier","0.994","piecewise duration curve","61"
"c=118e79831011","UZ1kCEGjYX0","NEGATIVE_CONTROL","dim.hook","20","heuristic dimension","59"
"c=118e79831011","UZ1kCEGjYX0","NEGATIVE_CONTROL","dim.curiosity","63","heuristic dimension","59"
"c=118e79831011","UZ1kCEGjYX0","NEGATIVE_CONTROL","dim.emotion","63","heuristic dimension","59"
"c=118e79831011","UZ1kCEGjYX0","NEGATIVE_CONTROL","dim.storytelling","84","heuristic dimension","59"
"c=118e79831011","UZ1kCEGjYX0","NEGATIVE_CONTROL","dim.standalone","66","heuristic dimension","59"
"c=118e79831011","UZ1kCEGjYX0","NEGATIVE_CONTROL","dim.shareability","48","heuristic dimension","59"
"c=118e79831011","UZ1kCEGjYX0","NEGATIVE_CONTROL","dim.clarity","32","heuristic dimension","59"
"c=118e79831011","UZ1kCEGjYX0","NEGATIVE_CONTROL","dim.controversy","30","heuristic dimension","59"
"c=118e79831011","UZ1kCEGjYX0","NEGATIVE_CONTROL","dim.teachingValue","46","heuristic dimension","59"
"c=118e79831011","UZ1kCEGjYX0","NEGATIVE_CONTROL","dim.entertainment","59","heuristic dimension","59"
"c=118e79831011","UZ1kCEGjYX0","NEGATIVE_CONTROL","base_score","59.3","0.55*drivers + 0.45*gates","59"
"c=118e79831011","UZ1kCEGjYX0","NEGATIVE_CONTROL","duration_multiplier","1","piecewise duration curve","59"
"c=4298428c2062","UZ1kCEGjYX0","NEGATIVE_CONTROL","dim.hook","29","heuristic dimension","67"
"c=4298428c2062","UZ1kCEGjYX0","NEGATIVE_CONTROL","dim.curiosity","56","heuristic dimension","67"
"c=4298428c2062","UZ1kCEGjYX0","NEGATIVE_CONTROL","dim.emotion","100","heuristic dimension","67"
"c=4298428c2062","UZ1kCEGjYX0","NEGATIVE_CONTROL","dim.storytelling","50","heuristic dimension","67"
"c=4298428c2062","UZ1kCEGjYX0","NEGATIVE_CONTROL","dim.standalone","86","heuristic dimension","67"
"c=4298428c2062","UZ1kCEGjYX0","NEGATIVE_CONTROL","dim.shareability","48","heuristic dimension","67"
"c=4298428c2062","UZ1kCEGjYX0","NEGATIVE_CONTROL","dim.clarity","32","heuristic dimension","67"
"c=4298428c2062","UZ1kCEGjYX0","NEGATIVE_CONTROL","dim.controversy","30","heuristic dimension","67"
"c=4298428c2062","UZ1kCEGjYX0","NEGATIVE_CONTROL","dim.teachingValue","46","heuristic dimension","67"
"c=4298428c2062","UZ1kCEGjYX0","NEGATIVE_CONTROL","dim.entertainment","59","heuristic dimension","67"
"c=4298428c2062","UZ1kCEGjYX0","NEGATIVE_CONTROL","base_score","67.4","0.55*drivers + 0.45*gates","67"
"c=4298428c2062","UZ1kCEGjYX0","NEGATIVE_CONTROL","duration_multiplier","1","piecewise duration curve","67"
"c=934df5c89124","UZ1kCEGjYX0","NEGATIVE_CONTROL","dim.hook","20","heuristic dimension","56"
"c=934df5c89124","UZ1kCEGjYX0","NEGATIVE_CONTROL","dim.curiosity","68","heuristic dimension","56"
"c=934df5c89124","UZ1kCEGjYX0","NEGATIVE_CONTROL","dim.emotion","54","heuristic dimension","56"
"c=934df5c89124","UZ1kCEGjYX0","NEGATIVE_CONTROL","dim.storytelling","46","heuristic dimension","56"
"c=934df5c89124","UZ1kCEGjYX0","NEGATIVE_CONTROL","dim.standalone","70","heuristic dimension","56"
"c=934df5c89124","UZ1kCEGjYX0","NEGATIVE_CONTROL","dim.shareability","48","heuristic dimension","56"
"c=934df5c89124","UZ1kCEGjYX0","NEGATIVE_CONTROL","dim.clarity","49","heuristic dimension","56"
"c=934df5c89124","UZ1kCEGjYX0","NEGATIVE_CONTROL","dim.controversy","30","heuristic dimension","56"
"c=934df5c89124","UZ1kCEGjYX0","NEGATIVE_CONTROL","dim.teachingValue","46","heuristic dimension","56"
"c=934df5c89124","UZ1kCEGjYX0","NEGATIVE_CONTROL","dim.entertainment","59","heuristic dimension","56"
"c=934df5c89124","UZ1kCEGjYX0","NEGATIVE_CONTROL","base_score","56.8","0.55*drivers + 0.45*gates","56"
"c=934df5c89124","UZ1kCEGjYX0","NEGATIVE_CONTROL","duration_multiplier","0.993","piecewise duration curve","56"
"c=db867b4124ae","UZ1kCEGjYX0","NEGATIVE_CONTROL","dim.hook","20","heuristic dimension","65"
"c=db867b4124ae","UZ1kCEGjYX0","NEGATIVE_CONTROL","dim.curiosity","50","heuristic dimension","65"
"c=db867b4124ae","UZ1kCEGjYX0","NEGATIVE_CONTROL","dim.emotion","63","heuristic dimension","65"
"c=db867b4124ae","UZ1kCEGjYX0","NEGATIVE_CONTROL","dim.storytelling","92","heuristic dimension","65"
"c=db867b4124ae","UZ1kCEGjYX0","NEGATIVE_CONTROL","dim.standalone","86","heuristic dimension","65"
"c=db867b4124ae","UZ1kCEGjYX0","NEGATIVE_CONTROL","dim.shareability","48","heuristic dimension","65"
"c=db867b4124ae","UZ1kCEGjYX0","NEGATIVE_CONTROL","dim.clarity","32","heuristic dimension","65"
"c=db867b4124ae","UZ1kCEGjYX0","NEGATIVE_CONTROL","dim.controversy","30","heuristic dimension","65"
"c=db867b4124ae","UZ1kCEGjYX0","NEGATIVE_CONTROL","dim.teachingValue","66","heuristic dimension","65"
"c=db867b4124ae","UZ1kCEGjYX0","NEGATIVE_CONTROL","dim.entertainment","40","heuristic dimension","65"
"c=db867b4124ae","UZ1kCEGjYX0","NEGATIVE_CONTROL","base_score","66","0.55*drivers + 0.45*gates","65"
"c=db867b4124ae","UZ1kCEGjYX0","NEGATIVE_CONTROL","duration_multiplier","0.991","piecewise duration curve","65"
"c=59d1a5729434","UZ1kCEGjYX0","NEGATIVE_CONTROL","dim.hook","46","heuristic dimension","70"
"c=59d1a5729434","UZ1kCEGjYX0","NEGATIVE_CONTROL","dim.curiosity","46","heuristic dimension","70"
"c=59d1a5729434","UZ1kCEGjYX0","NEGATIVE_CONTROL","dim.emotion","55","heuristic dimension","70"
"c=59d1a5729434","UZ1kCEGjYX0","NEGATIVE_CONTROL","dim.storytelling","71","heuristic dimension","70"
"c=59d1a5729434","UZ1kCEGjYX0","NEGATIVE_CONTROL","dim.standalone","86","heuristic dimension","70"
"c=59d1a5729434","UZ1kCEGjYX0","NEGATIVE_CONTROL","dim.shareability","48","heuristic dimension","70"
"c=59d1a5729434","UZ1kCEGjYX0","NEGATIVE_CONTROL","dim.clarity","64","heuristic dimension","70"
"c=59d1a5729434","UZ1kCEGjYX0","NEGATIVE_CONTROL","dim.controversy","30","heuristic dimension","70"
"c=59d1a5729434","UZ1kCEGjYX0","NEGATIVE_CONTROL","dim.teachingValue","46","heuristic dimension","70"
"c=59d1a5729434","UZ1kCEGjYX0","NEGATIVE_CONTROL","dim.entertainment","78","heuristic dimension","70"
"c=59d1a5729434","UZ1kCEGjYX0","NEGATIVE_CONTROL","base_score","71.3","0.55*drivers + 0.45*gates","70"
"c=59d1a5729434","UZ1kCEGjYX0","NEGATIVE_CONTROL","duration_multiplier","0.979","piecewise duration curve","70"
"c=abf3ba28a4a0","UZ1kCEGjYX0","NEGATIVE_CONTROL","dim.hook","46","heuristic dimension","78"
"c=abf3ba28a4a0","UZ1kCEGjYX0","NEGATIVE_CONTROL","dim.curiosity","50","heuristic dimension","78"
"c=abf3ba28a4a0","UZ1kCEGjYX0","NEGATIVE_CONTROL","dim.emotion","77","heuristic dimension","78"
"c=abf3ba28a4a0","UZ1kCEGjYX0","NEGATIVE_CONTROL","dim.storytelling","96","heuristic dimension","78"
"c=abf3ba28a4a0","UZ1kCEGjYX0","NEGATIVE_CONTROL","dim.standalone","86","heuristic dimension","78"
"c=abf3ba28a4a0","UZ1kCEGjYX0","NEGATIVE_CONTROL","dim.shareability","48","heuristic dimension","78"
"c=abf3ba28a4a0","UZ1kCEGjYX0","NEGATIVE_CONTROL","dim.clarity","63","heuristic dimension","78"
"c=abf3ba28a4a0","UZ1kCEGjYX0","NEGATIVE_CONTROL","dim.controversy","30","heuristic dimension","78"
"c=abf3ba28a4a0","UZ1kCEGjYX0","NEGATIVE_CONTROL","dim.teachingValue","46","heuristic dimension","78"
"c=abf3ba28a4a0","UZ1kCEGjYX0","NEGATIVE_CONTROL","dim.entertainment","59","heuristic dimension","78"
"c=abf3ba28a4a0","UZ1kCEGjYX0","NEGATIVE_CONTROL","base_score","77.8","0.55*drivers + 0.45*gates","78"
"c=abf3ba28a4a0","UZ1kCEGjYX0","NEGATIVE_CONTROL","duration_multiplier","1","piecewise duration curve","78"
"c=d1aa8efdcce1","UZ1kCEGjYX0","NEGATIVE_CONTROL","dim.hook","33","heuristic dimension","61"
"c=d1aa8efdcce1","UZ1kCEGjYX0","NEGATIVE_CONTROL","dim.curiosity","46","heuristic dimension","61"
"c=d1aa8efdcce1","UZ1kCEGjYX0","NEGATIVE_CONTROL","dim.emotion","46","heuristic dimension","61"
"c=d1aa8efdcce1","UZ1kCEGjYX0","NEGATIVE_CONTROL","dim.storytelling","54","heuristic dimension","61"
"c=d1aa8efdcce1","UZ1kCEGjYX0","NEGATIVE_CONTROL","dim.standalone","86","heuristic dimension","61"
"c=d1aa8efdcce1","UZ1kCEGjYX0","NEGATIVE_CONTROL","dim.shareability","54","heuristic dimension","61"
"c=d1aa8efdcce1","UZ1kCEGjYX0","NEGATIVE_CONTROL","dim.clarity","76","heuristic dimension","61"
"c=d1aa8efdcce1","UZ1kCEGjYX0","NEGATIVE_CONTROL","dim.controversy","30","heuristic dimension","61"
"c=d1aa8efdcce1","UZ1kCEGjYX0","NEGATIVE_CONTROL","dim.teachingValue","46","heuristic dimension","61"
"c=d1aa8efdcce1","UZ1kCEGjYX0","NEGATIVE_CONTROL","dim.entertainment","59","heuristic dimension","61"
"c=d1aa8efdcce1","UZ1kCEGjYX0","NEGATIVE_CONTROL","base_score","61.3","0.55*drivers + 0.45*gates","61"
"c=d1aa8efdcce1","UZ1kCEGjYX0","NEGATIVE_CONTROL","duration_multiplier","1","piecewise duration curve","61"
"c=420db388eb4b","Hb2rKGfIOrM","NEGATIVE_CONTROL","dim.hook","79","heuristic dimension","66"
"c=420db388eb4b","Hb2rKGfIOrM","NEGATIVE_CONTROL","dim.curiosity","72","heuristic dimension","66"
"c=420db388eb4b","Hb2rKGfIOrM","NEGATIVE_CONTROL","dim.emotion","48","heuristic dimension","66"
"c=420db388eb4b","Hb2rKGfIOrM","NEGATIVE_CONTROL","dim.storytelling","42","heuristic dimension","66"
"c=420db388eb4b","Hb2rKGfIOrM","NEGATIVE_CONTROL","dim.standalone","70","heuristic dimension","66"
"c=420db388eb4b","Hb2rKGfIOrM","NEGATIVE_CONTROL","dim.shareability","48","heuristic dimension","66"
"c=420db388eb4b","Hb2rKGfIOrM","NEGATIVE_CONTROL","dim.clarity","45","heuristic dimension","66"
"c=420db388eb4b","Hb2rKGfIOrM","NEGATIVE_CONTROL","dim.controversy","30","heuristic dimension","66"
"c=420db388eb4b","Hb2rKGfIOrM","NEGATIVE_CONTROL","dim.teachingValue","46","heuristic dimension","66"
"c=420db388eb4b","Hb2rKGfIOrM","NEGATIVE_CONTROL","dim.entertainment","40","heuristic dimension","66"
"c=420db388eb4b","Hb2rKGfIOrM","NEGATIVE_CONTROL","base_score","70.9","0.55*drivers + 0.45*gates","66"
"c=420db388eb4b","Hb2rKGfIOrM","NEGATIVE_CONTROL","duration_multiplier","0.925","piecewise duration curve","66"
"c=641d9229f4e8","Hb2rKGfIOrM","NEGATIVE_CONTROL","dim.hook","29","heuristic dimension","67"
"c=641d9229f4e8","Hb2rKGfIOrM","NEGATIVE_CONTROL","dim.curiosity","50","heuristic dimension","67"
"c=641d9229f4e8","Hb2rKGfIOrM","NEGATIVE_CONTROL","dim.emotion","91","heuristic dimension","67"
"c=641d9229f4e8","Hb2rKGfIOrM","NEGATIVE_CONTROL","dim.storytelling","55","heuristic dimension","67"
"c=641d9229f4e8","Hb2rKGfIOrM","NEGATIVE_CONTROL","dim.standalone","86","heuristic dimension","67"
"c=641d9229f4e8","Hb2rKGfIOrM","NEGATIVE_CONTROL","dim.shareability","54","heuristic dimension","67"
"c=641d9229f4e8","Hb2rKGfIOrM","NEGATIVE_CONTROL","dim.clarity","47","heuristic dimension","67"
"c=641d9229f4e8","Hb2rKGfIOrM","NEGATIVE_CONTROL","dim.controversy","30","heuristic dimension","67"
"c=641d9229f4e8","Hb2rKGfIOrM","NEGATIVE_CONTROL","dim.teachingValue","46","heuristic dimension","67"
"c=641d9229f4e8","Hb2rKGfIOrM","NEGATIVE_CONTROL","dim.entertainment","59","heuristic dimension","67"
"c=641d9229f4e8","Hb2rKGfIOrM","NEGATIVE_CONTROL","base_score","67","0.55*drivers + 0.45*gates","67"
"c=641d9229f4e8","Hb2rKGfIOrM","NEGATIVE_CONTROL","duration_multiplier","1","piecewise duration curve","67"
"c=a3109cc0afc5","Hb2rKGfIOrM","NEGATIVE_CONTROL","dim.hook","9","heuristic dimension","55"
"c=a3109cc0afc5","Hb2rKGfIOrM","NEGATIVE_CONTROL","dim.curiosity","50","heuristic dimension","55"
"c=a3109cc0afc5","Hb2rKGfIOrM","NEGATIVE_CONTROL","dim.emotion","54","heuristic dimension","55"
"c=a3109cc0afc5","Hb2rKGfIOrM","NEGATIVE_CONTROL","dim.storytelling","67","heuristic dimension","55"
"c=a3109cc0afc5","Hb2rKGfIOrM","NEGATIVE_CONTROL","dim.standalone","62","heuristic dimension","55"
"c=a3109cc0afc5","Hb2rKGfIOrM","NEGATIVE_CONTROL","dim.shareability","54","heuristic dimension","55"
"c=a3109cc0afc5","Hb2rKGfIOrM","NEGATIVE_CONTROL","dim.clarity","67","heuristic dimension","55"
"c=a3109cc0afc5","Hb2rKGfIOrM","NEGATIVE_CONTROL","dim.controversy","30","heuristic dimension","55"
"c=a3109cc0afc5","Hb2rKGfIOrM","NEGATIVE_CONTROL","dim.teachingValue","51","heuristic dimension","55"
"c=a3109cc0afc5","Hb2rKGfIOrM","NEGATIVE_CONTROL","dim.entertainment","40","heuristic dimension","55"
"c=a3109cc0afc5","Hb2rKGfIOrM","NEGATIVE_CONTROL","base_score","54.7","0.55*drivers + 0.45*gates","55"
"c=a3109cc0afc5","Hb2rKGfIOrM","NEGATIVE_CONTROL","duration_multiplier","1","piecewise duration curve","55"
"c=0331d2e45170","Hb2rKGfIOrM","NEGATIVE_CONTROL","dim.hook","0","heuristic dimension","45"
"c=0331d2e45170","Hb2rKGfIOrM","NEGATIVE_CONTROL","dim.curiosity","68","heuristic dimension","45"
"c=0331d2e45170","Hb2rKGfIOrM","NEGATIVE_CONTROL","dim.emotion","46","heuristic dimension","45"
"c=0331d2e45170","Hb2rKGfIOrM","NEGATIVE_CONTROL","dim.storytelling","46","heuristic dimension","45"
"c=0331d2e45170","Hb2rKGfIOrM","NEGATIVE_CONTROL","dim.standalone","46","heuristic dimension","45"
"c=0331d2e45170","Hb2rKGfIOrM","NEGATIVE_CONTROL","dim.shareability","48","heuristic dimension","45"
"c=0331d2e45170","Hb2rKGfIOrM","NEGATIVE_CONTROL","dim.clarity","32","heuristic dimension","45"
"c=0331d2e45170","Hb2rKGfIOrM","NEGATIVE_CONTROL","dim.controversy","30","heuristic dimension","45"
"c=0331d2e45170","Hb2rKGfIOrM","NEGATIVE_CONTROL","dim.teachingValue","46","heuristic dimension","45"
"c=0331d2e45170","Hb2rKGfIOrM","NEGATIVE_CONTROL","dim.entertainment","40","heuristic dimension","45"
"c=0331d2e45170","Hb2rKGfIOrM","NEGATIVE_CONTROL","base_score","44.5","0.55*drivers + 0.45*gates","45"
"c=0331d2e45170","Hb2rKGfIOrM","NEGATIVE_CONTROL","duration_multiplier","1","piecewise duration curve","45"
"c=d1eafe8fd471","Hb2rKGfIOrM","NEGATIVE_CONTROL","dim.hook","33","heuristic dimension","59"
"c=d1eafe8fd471","Hb2rKGfIOrM","NEGATIVE_CONTROL","dim.curiosity","59","heuristic dimension","59"
"c=d1eafe8fd471","Hb2rKGfIOrM","NEGATIVE_CONTROL","dim.emotion","51","heuristic dimension","59"
"c=d1eafe8fd471","Hb2rKGfIOrM","NEGATIVE_CONTROL","dim.storytelling","71","heuristic dimension","59"
"c=d1eafe8fd471","Hb2rKGfIOrM","NEGATIVE_CONTROL","dim.standalone","66","heuristic dimension","59"
"c=d1eafe8fd471","Hb2rKGfIOrM","NEGATIVE_CONTROL","dim.shareability","72","heuristic dimension","59"
"c=d1eafe8fd471","Hb2rKGfIOrM","NEGATIVE_CONTROL","dim.clarity","32","heuristic dimension","59"
"c=d1eafe8fd471","Hb2rKGfIOrM","NEGATIVE_CONTROL","dim.controversy","30","heuristic dimension","59"
"c=d1eafe8fd471","Hb2rKGfIOrM","NEGATIVE_CONTROL","dim.teachingValue","46","heuristic dimension","59"
"c=d1eafe8fd471","Hb2rKGfIOrM","NEGATIVE_CONTROL","dim.entertainment","40","heuristic dimension","59"
"c=d1eafe8fd471","Hb2rKGfIOrM","NEGATIVE_CONTROL","base_score","60","0.55*drivers + 0.45*gates","59"
"c=d1eafe8fd471","Hb2rKGfIOrM","NEGATIVE_CONTROL","duration_multiplier","0.987","piecewise duration curve","59"
"c=7ab5199bccef","Hb2rKGfIOrM","NEGATIVE_CONTROL","dim.hook","0","heuristic dimension","50"
"c=7ab5199bccef","Hb2rKGfIOrM","NEGATIVE_CONTROL","dim.curiosity","68","heuristic dimension","50"
"c=7ab5199bccef","Hb2rKGfIOrM","NEGATIVE_CONTROL","dim.emotion","69","heuristic dimension","50"
"c=7ab5199bccef","Hb2rKGfIOrM","NEGATIVE_CONTROL","dim.storytelling","42","heuristic dimension","50"
"c=7ab5199bccef","Hb2rKGfIOrM","NEGATIVE_CONTROL","dim.standalone","46","heuristic dimension","50"
"c=7ab5199bccef","Hb2rKGfIOrM","NEGATIVE_CONTROL","dim.shareability","48","heuristic dimension","50"
"c=7ab5199bccef","Hb2rKGfIOrM","NEGATIVE_CONTROL","dim.clarity","34","heuristic dimension","50"
"c=7ab5199bccef","Hb2rKGfIOrM","NEGATIVE_CONTROL","dim.controversy","30","heuristic dimension","50"
"c=7ab5199bccef","Hb2rKGfIOrM","NEGATIVE_CONTROL","dim.teachingValue","46","heuristic dimension","50"
"c=7ab5199bccef","Hb2rKGfIOrM","NEGATIVE_CONTROL","dim.entertainment","40","heuristic dimension","50"
"c=7ab5199bccef","Hb2rKGfIOrM","NEGATIVE_CONTROL","base_score","50.5","0.55*drivers + 0.45*gates","50"
"c=7ab5199bccef","Hb2rKGfIOrM","NEGATIVE_CONTROL","duration_multiplier","0.998","piecewise duration curve","50"
"c=96135d88b859","Hb2rKGfIOrM","NEGATIVE_CONTROL","dim.hook","20","heuristic dimension","62"
"c=96135d88b859","Hb2rKGfIOrM","NEGATIVE_CONTROL","dim.curiosity","67","heuristic dimension","62"
"c=96135d88b859","Hb2rKGfIOrM","NEGATIVE_CONTROL","dim.emotion","80","heuristic dimension","62"
"c=96135d88b859","Hb2rKGfIOrM","NEGATIVE_CONTROL","dim.storytelling","58","heuristic dimension","62"
"c=96135d88b859","Hb2rKGfIOrM","NEGATIVE_CONTROL","dim.standalone","70","heuristic dimension","62"
"c=96135d88b859","Hb2rKGfIOrM","NEGATIVE_CONTROL","dim.shareability","48","heuristic dimension","62"
"c=96135d88b859","Hb2rKGfIOrM","NEGATIVE_CONTROL","dim.clarity","50","heuristic dimension","62"
"c=96135d88b859","Hb2rKGfIOrM","NEGATIVE_CONTROL","dim.controversy","30","heuristic dimension","62"
"c=96135d88b859","Hb2rKGfIOrM","NEGATIVE_CONTROL","dim.teachingValue","46","heuristic dimension","62"
"c=96135d88b859","Hb2rKGfIOrM","NEGATIVE_CONTROL","dim.entertainment","59","heuristic dimension","62"
"c=96135d88b859","Hb2rKGfIOrM","NEGATIVE_CONTROL","base_score","62.5","0.55*drivers + 0.45*gates","62"
"c=96135d88b859","Hb2rKGfIOrM","NEGATIVE_CONTROL","duration_multiplier","0.994","piecewise duration curve","62"
"c=661957b07cac","Hb2rKGfIOrM","NEGATIVE_CONTROL","dim.hook","20","heuristic dimension","51"
"c=661957b07cac","Hb2rKGfIOrM","NEGATIVE_CONTROL","dim.curiosity","54","heuristic dimension","51"
"c=661957b07cac","Hb2rKGfIOrM","NEGATIVE_CONTROL","dim.emotion","48","heuristic dimension","51"
"c=661957b07cac","Hb2rKGfIOrM","NEGATIVE_CONTROL","dim.storytelling","42","heuristic dimension","51"
"c=661957b07cac","Hb2rKGfIOrM","NEGATIVE_CONTROL","dim.standalone","86","heuristic dimension","51"
"c=661957b07cac","Hb2rKGfIOrM","NEGATIVE_CONTROL","dim.shareability","48","heuristic dimension","51"
"c=661957b07cac","Hb2rKGfIOrM","NEGATIVE_CONTROL","dim.clarity","35","heuristic dimension","51"
"c=661957b07cac","Hb2rKGfIOrM","NEGATIVE_CONTROL","dim.controversy","30","heuristic dimension","51"
"c=661957b07cac","Hb2rKGfIOrM","NEGATIVE_CONTROL","dim.teachingValue","46","heuristic dimension","51"
"c=661957b07cac","Hb2rKGfIOrM","NEGATIVE_CONTROL","dim.entertainment","40","heuristic dimension","51"
"c=661957b07cac","Hb2rKGfIOrM","NEGATIVE_CONTROL","base_score","51","0.55*drivers + 0.45*gates","51"
"c=661957b07cac","Hb2rKGfIOrM","NEGATIVE_CONTROL","duration_multiplier","1","piecewise duration curve","51"
"c=4a5abdaf18ee","Hb2rKGfIOrM","NEGATIVE_CONTROL","dim.hook","20","heuristic dimension","59"
"c=4a5abdaf18ee","Hb2rKGfIOrM","NEGATIVE_CONTROL","dim.curiosity","50","heuristic dimension","59"
"c=4a5abdaf18ee","Hb2rKGfIOrM","NEGATIVE_CONTROL","dim.emotion","46","heuristic dimension","59"
"c=4a5abdaf18ee","Hb2rKGfIOrM","NEGATIVE_CONTROL","dim.storytelling","42","heuristic dimension","59"
"c=4a5abdaf18ee","Hb2rKGfIOrM","NEGATIVE_CONTROL","dim.standalone","86","heuristic dimension","59"
"c=4a5abdaf18ee","Hb2rKGfIOrM","NEGATIVE_CONTROL","dim.shareability","48","heuristic dimension","59"
"c=4a5abdaf18ee","Hb2rKGfIOrM","NEGATIVE_CONTROL","dim.clarity","40","heuristic dimension","59"
"c=4a5abdaf18ee","Hb2rKGfIOrM","NEGATIVE_CONTROL","dim.controversy","30","heuristic dimension","59"
"c=4a5abdaf18ee","Hb2rKGfIOrM","NEGATIVE_CONTROL","dim.teachingValue","77","heuristic dimension","59"
"c=4a5abdaf18ee","Hb2rKGfIOrM","NEGATIVE_CONTROL","dim.entertainment","40","heuristic dimension","59"
"c=4a5abdaf18ee","Hb2rKGfIOrM","NEGATIVE_CONTROL","base_score","58.5","0.55*drivers + 0.45*gates","59"
"c=4a5abdaf18ee","Hb2rKGfIOrM","NEGATIVE_CONTROL","duration_multiplier","1","piecewise duration curve","59"
"c=9844f4aaa141","Hb2rKGfIOrM","NEGATIVE_CONTROL","dim.hook","44","heuristic dimension","54"
"c=9844f4aaa141","Hb2rKGfIOrM","NEGATIVE_CONTROL","dim.curiosity","50","heuristic dimension","54"
"c=9844f4aaa141","Hb2rKGfIOrM","NEGATIVE_CONTROL","dim.emotion","65","heuristic dimension","54"
"c=9844f4aaa141","Hb2rKGfIOrM","NEGATIVE_CONTROL","dim.storytelling","46","heuristic dimension","54"
"c=9844f4aaa141","Hb2rKGfIOrM","NEGATIVE_CONTROL","dim.standalone","66","heuristic dimension","54"
"c=9844f4aaa141","Hb2rKGfIOrM","NEGATIVE_CONTROL","dim.shareability","48","heuristic dimension","54"
"c=9844f4aaa141","Hb2rKGfIOrM","NEGATIVE_CONTROL","dim.clarity","35","heuristic dimension","54"
"c=9844f4aaa141","Hb2rKGfIOrM","NEGATIVE_CONTROL","dim.controversy","30","heuristic dimension","54"
"c=9844f4aaa141","Hb2rKGfIOrM","NEGATIVE_CONTROL","dim.teachingValue","46","heuristic dimension","54"
"c=9844f4aaa141","Hb2rKGfIOrM","NEGATIVE_CONTROL","dim.entertainment","40","heuristic dimension","54"
"c=9844f4aaa141","Hb2rKGfIOrM","NEGATIVE_CONTROL","base_score","54.2","0.55*drivers + 0.45*gates","54"
"c=9844f4aaa141","Hb2rKGfIOrM","NEGATIVE_CONTROL","duration_multiplier","1","piecewise duration curve","54"
"c=844e021c42a1","Hb2rKGfIOrM","NEGATIVE_CONTROL","dim.hook","12","heuristic dimension","51"
"c=844e021c42a1","Hb2rKGfIOrM","NEGATIVE_CONTROL","dim.curiosity","60","heuristic dimension","51"
"c=844e021c42a1","Hb2rKGfIOrM","NEGATIVE_CONTROL","dim.emotion","51","heuristic dimension","51"
"c=844e021c42a1","Hb2rKGfIOrM","NEGATIVE_CONTROL","dim.storytelling","50","heuristic dimension","51"
"c=844e021c42a1","Hb2rKGfIOrM","NEGATIVE_CONTROL","dim.standalone","86","heuristic dimension","51"
"c=844e021c42a1","Hb2rKGfIOrM","NEGATIVE_CONTROL","dim.shareability","48","heuristic dimension","51"
"c=844e021c42a1","Hb2rKGfIOrM","NEGATIVE_CONTROL","dim.clarity","22","heuristic dimension","51"
"c=844e021c42a1","Hb2rKGfIOrM","NEGATIVE_CONTROL","dim.controversy","30","heuristic dimension","51"
"c=844e021c42a1","Hb2rKGfIOrM","NEGATIVE_CONTROL","dim.teachingValue","46","heuristic dimension","51"
"c=844e021c42a1","Hb2rKGfIOrM","NEGATIVE_CONTROL","dim.entertainment","40","heuristic dimension","51"
"c=844e021c42a1","Hb2rKGfIOrM","NEGATIVE_CONTROL","base_score","50.6","0.55*drivers + 0.45*gates","51"
"c=844e021c42a1","Hb2rKGfIOrM","NEGATIVE_CONTROL","duration_multiplier","1","piecewise duration curve","51"
"c=17754a36d226","Hb2rKGfIOrM","NEGATIVE_CONTROL","dim.hook","33","heuristic dimension","69"
"c=17754a36d226","Hb2rKGfIOrM","NEGATIVE_CONTROL","dim.curiosity","84","heuristic dimension","69"
"c=17754a36d226","Hb2rKGfIOrM","NEGATIVE_CONTROL","dim.emotion","86","heuristic dimension","69"
"c=17754a36d226","Hb2rKGfIOrM","NEGATIVE_CONTROL","dim.storytelling","50","heuristic dimension","69"
"c=17754a36d226","Hb2rKGfIOrM","NEGATIVE_CONTROL","dim.standalone","70","heuristic dimension","69"
"c=17754a36d226","Hb2rKGfIOrM","NEGATIVE_CONTROL","dim.shareability","48","heuristic dimension","69"
"c=17754a36d226","Hb2rKGfIOrM","NEGATIVE_CONTROL","dim.clarity","36","heuristic dimension","69"
"c=17754a36d226","Hb2rKGfIOrM","NEGATIVE_CONTROL","dim.controversy","30","heuristic dimension","69"
"c=17754a36d226","Hb2rKGfIOrM","NEGATIVE_CONTROL","dim.teachingValue","46","heuristic dimension","69"
"c=17754a36d226","Hb2rKGfIOrM","NEGATIVE_CONTROL","dim.entertainment","40","heuristic dimension","69"
"c=17754a36d226","Hb2rKGfIOrM","NEGATIVE_CONTROL","base_score","68.7","0.55*drivers + 0.45*gates","69"
"c=17754a36d226","Hb2rKGfIOrM","NEGATIVE_CONTROL","duration_multiplier","1","piecewise duration curve","69"
"c=7be2bb6bbc80","Hb2rKGfIOrM","NEGATIVE_CONTROL","dim.hook","33","heuristic dimension","64"
"c=7be2bb6bbc80","Hb2rKGfIOrM","NEGATIVE_CONTROL","dim.curiosity","56","heuristic dimension","64"
"c=7be2bb6bbc80","Hb2rKGfIOrM","NEGATIVE_CONTROL","dim.emotion","76","heuristic dimension","64"
"c=7be2bb6bbc80","Hb2rKGfIOrM","NEGATIVE_CONTROL","dim.storytelling","46","heuristic dimension","64"
"c=7be2bb6bbc80","Hb2rKGfIOrM","NEGATIVE_CONTROL","dim.standalone","86","heuristic dimension","64"
"c=7be2bb6bbc80","Hb2rKGfIOrM","NEGATIVE_CONTROL","dim.shareability","48","heuristic dimension","64"
"c=7be2bb6bbc80","Hb2rKGfIOrM","NEGATIVE_CONTROL","dim.clarity","59","heuristic dimension","64"
"c=7be2bb6bbc80","Hb2rKGfIOrM","NEGATIVE_CONTROL","dim.controversy","30","heuristic dimension","64"
"c=7be2bb6bbc80","Hb2rKGfIOrM","NEGATIVE_CONTROL","dim.teachingValue","46","heuristic dimension","64"
"c=7be2bb6bbc80","Hb2rKGfIOrM","NEGATIVE_CONTROL","dim.entertainment","40","heuristic dimension","64"
"c=7be2bb6bbc80","Hb2rKGfIOrM","NEGATIVE_CONTROL","base_score","64.2","0.55*drivers + 0.45*gates","64"
"c=7be2bb6bbc80","Hb2rKGfIOrM","NEGATIVE_CONTROL","duration_multiplier","1","piecewise duration curve","64"
"c=c6d1569a55bb","Hb2rKGfIOrM","NEGATIVE_CONTROL","dim.hook","42","heuristic dimension","64"
"c=c6d1569a55bb","Hb2rKGfIOrM","NEGATIVE_CONTROL","dim.curiosity","50","heuristic dimension","64"
"c=c6d1569a55bb","Hb2rKGfIOrM","NEGATIVE_CONTROL","dim.emotion","66","heuristic dimension","64"
"c=c6d1569a55bb","Hb2rKGfIOrM","NEGATIVE_CONTROL","dim.storytelling","67","heuristic dimension","64"
"c=c6d1569a55bb","Hb2rKGfIOrM","NEGATIVE_CONTROL","dim.standalone","86","heuristic dimension","64"
"c=c6d1569a55bb","Hb2rKGfIOrM","NEGATIVE_CONTROL","dim.shareability","48","heuristic dimension","64"
"c=c6d1569a55bb","Hb2rKGfIOrM","NEGATIVE_CONTROL","dim.clarity","47","heuristic dimension","64"
"c=c6d1569a55bb","Hb2rKGfIOrM","NEGATIVE_CONTROL","dim.controversy","30","heuristic dimension","64"
"c=c6d1569a55bb","Hb2rKGfIOrM","NEGATIVE_CONTROL","dim.teachingValue","51","heuristic dimension","64"
"c=c6d1569a55bb","Hb2rKGfIOrM","NEGATIVE_CONTROL","dim.entertainment","40","heuristic dimension","64"
"c=c6d1569a55bb","Hb2rKGfIOrM","NEGATIVE_CONTROL","base_score","64.1","0.55*drivers + 0.45*gates","64"
"c=c6d1569a55bb","Hb2rKGfIOrM","NEGATIVE_CONTROL","duration_multiplier","1","piecewise duration curve","64"
"c=181a21d55be6","g2cQ2kD6lzs","NEGATIVE_CONTROL","dim.hook","33","heuristic dimension","65"
"c=181a21d55be6","g2cQ2kD6lzs","NEGATIVE_CONTROL","dim.curiosity","64","heuristic dimension","65"
"c=181a21d55be6","g2cQ2kD6lzs","NEGATIVE_CONTROL","dim.emotion","69","heuristic dimension","65"
"c=181a21d55be6","g2cQ2kD6lzs","NEGATIVE_CONTROL","dim.storytelling","67","heuristic dimension","65"
"c=181a21d55be6","g2cQ2kD6lzs","NEGATIVE_CONTROL","dim.standalone","70","heuristic dimension","65"
"c=181a21d55be6","g2cQ2kD6lzs","NEGATIVE_CONTROL","dim.shareability","48","heuristic dimension","65"
"c=181a21d55be6","g2cQ2kD6lzs","NEGATIVE_CONTROL","dim.clarity","75","heuristic dimension","65"
"c=181a21d55be6","g2cQ2kD6lzs","NEGATIVE_CONTROL","dim.controversy","30","heuristic dimension","65"
"c=181a21d55be6","g2cQ2kD6lzs","NEGATIVE_CONTROL","dim.teachingValue","51","heuristic dimension","65"
"c=181a21d55be6","g2cQ2kD6lzs","NEGATIVE_CONTROL","dim.entertainment","40","heuristic dimension","65"
"c=181a21d55be6","g2cQ2kD6lzs","NEGATIVE_CONTROL","base_score","64.6","0.55*drivers + 0.45*gates","65"
"c=181a21d55be6","g2cQ2kD6lzs","NEGATIVE_CONTROL","duration_multiplier","1","piecewise duration curve","65"
"c=325c3b998344","g2cQ2kD6lzs","NEGATIVE_CONTROL","dim.hook","12","heuristic dimension","58"
"c=325c3b998344","g2cQ2kD6lzs","NEGATIVE_CONTROL","dim.curiosity","67","heuristic dimension","58"
"c=325c3b998344","g2cQ2kD6lzs","NEGATIVE_CONTROL","dim.emotion","70","heuristic dimension","58"
"c=325c3b998344","g2cQ2kD6lzs","NEGATIVE_CONTROL","dim.storytelling","46","heuristic dimension","58"
"c=325c3b998344","g2cQ2kD6lzs","NEGATIVE_CONTROL","dim.standalone","70","heuristic dimension","58"
"c=325c3b998344","g2cQ2kD6lzs","NEGATIVE_CONTROL","dim.shareability","54","heuristic dimension","58"
"c=325c3b998344","g2cQ2kD6lzs","NEGATIVE_CONTROL","dim.clarity","45","heuristic dimension","58"
"c=325c3b998344","g2cQ2kD6lzs","NEGATIVE_CONTROL","dim.controversy","30","heuristic dimension","58"
"c=325c3b998344","g2cQ2kD6lzs","NEGATIVE_CONTROL","dim.teachingValue","46","heuristic dimension","58"
"c=325c3b998344","g2cQ2kD6lzs","NEGATIVE_CONTROL","dim.entertainment","40","heuristic dimension","58"
"c=325c3b998344","g2cQ2kD6lzs","NEGATIVE_CONTROL","base_score","58","0.55*drivers + 0.45*gates","58"
"c=325c3b998344","g2cQ2kD6lzs","NEGATIVE_CONTROL","duration_multiplier","1","piecewise duration curve","58"
"c=3607586cf74f","g2cQ2kD6lzs","NEGATIVE_CONTROL","dim.hook","9","heuristic dimension","61"
"c=3607586cf74f","g2cQ2kD6lzs","NEGATIVE_CONTROL","dim.curiosity","56","heuristic dimension","61"
"c=3607586cf74f","g2cQ2kD6lzs","NEGATIVE_CONTROL","dim.emotion","100","heuristic dimension","61"
"c=3607586cf74f","g2cQ2kD6lzs","NEGATIVE_CONTROL","dim.storytelling","75","heuristic dimension","61"
"c=3607586cf74f","g2cQ2kD6lzs","NEGATIVE_CONTROL","dim.standalone","42","heuristic dimension","61"
"c=3607586cf74f","g2cQ2kD6lzs","NEGATIVE_CONTROL","dim.shareability","48","heuristic dimension","61"
"c=3607586cf74f","g2cQ2kD6lzs","NEGATIVE_CONTROL","dim.clarity","36","heuristic dimension","61"
"c=3607586cf74f","g2cQ2kD6lzs","NEGATIVE_CONTROL","dim.controversy","30","heuristic dimension","61"
"c=3607586cf74f","g2cQ2kD6lzs","NEGATIVE_CONTROL","dim.teachingValue","46","heuristic dimension","61"
"c=3607586cf74f","g2cQ2kD6lzs","NEGATIVE_CONTROL","dim.entertainment","40","heuristic dimension","61"
"c=3607586cf74f","g2cQ2kD6lzs","NEGATIVE_CONTROL","base_score","61.8","0.55*drivers + 0.45*gates","61"
"c=3607586cf74f","g2cQ2kD6lzs","NEGATIVE_CONTROL","duration_multiplier","0.993","piecewise duration curve","61"
"c=f52eaf666cb1","g2cQ2kD6lzs","NEGATIVE_CONTROL","dim.hook","0","heuristic dimension","60"
"c=f52eaf666cb1","g2cQ2kD6lzs","NEGATIVE_CONTROL","dim.curiosity","81","heuristic dimension","60"
"c=f52eaf666cb1","g2cQ2kD6lzs","NEGATIVE_CONTROL","dim.emotion","81","heuristic dimension","60"
"c=f52eaf666cb1","g2cQ2kD6lzs","NEGATIVE_CONTROL","dim.storytelling","63","heuristic dimension","60"
"c=f52eaf666cb1","g2cQ2kD6lzs","NEGATIVE_CONTROL","dim.standalone","50","heuristic dimension","60"
"c=f52eaf666cb1","g2cQ2kD6lzs","NEGATIVE_CONTROL","dim.shareability","48","heuristic dimension","60"
"c=f52eaf666cb1","g2cQ2kD6lzs","NEGATIVE_CONTROL","dim.clarity","51","heuristic dimension","60"
"c=f52eaf666cb1","g2cQ2kD6lzs","NEGATIVE_CONTROL","dim.controversy","30","heuristic dimension","60"
"c=f52eaf666cb1","g2cQ2kD6lzs","NEGATIVE_CONTROL","dim.teachingValue","46","heuristic dimension","60"
"c=f52eaf666cb1","g2cQ2kD6lzs","NEGATIVE_CONTROL","dim.entertainment","40","heuristic dimension","60"
"c=f52eaf666cb1","g2cQ2kD6lzs","NEGATIVE_CONTROL","base_score","60.4","0.55*drivers + 0.45*gates","60"
"c=f52eaf666cb1","g2cQ2kD6lzs","NEGATIVE_CONTROL","duration_multiplier","1","piecewise duration curve","60"
"c=56ec02aa52d8","g2cQ2kD6lzs","NEGATIVE_CONTROL","dim.hook","33","heuristic dimension","67"
"c=56ec02aa52d8","g2cQ2kD6lzs","NEGATIVE_CONTROL","dim.curiosity","59","heuristic dimension","67"
"c=56ec02aa52d8","g2cQ2kD6lzs","NEGATIVE_CONTROL","dim.emotion","74","heuristic dimension","67"
"c=56ec02aa52d8","g2cQ2kD6lzs","NEGATIVE_CONTROL","dim.storytelling","54","heuristic dimension","67"
"c=56ec02aa52d8","g2cQ2kD6lzs","NEGATIVE_CONTROL","dim.standalone","86","heuristic dimension","67"
"c=56ec02aa52d8","g2cQ2kD6lzs","NEGATIVE_CONTROL","dim.shareability","54","heuristic dimension","67"
"c=56ec02aa52d8","g2cQ2kD6lzs","NEGATIVE_CONTROL","dim.clarity","79","heuristic dimension","67"
"c=56ec02aa52d8","g2cQ2kD6lzs","NEGATIVE_CONTROL","dim.controversy","30","heuristic dimension","67"
"c=56ec02aa52d8","g2cQ2kD6lzs","NEGATIVE_CONTROL","dim.teachingValue","46","heuristic dimension","67"
"c=56ec02aa52d8","g2cQ2kD6lzs","NEGATIVE_CONTROL","dim.entertainment","40","heuristic dimension","67"
"c=56ec02aa52d8","g2cQ2kD6lzs","NEGATIVE_CONTROL","base_score","67.2","0.55*drivers + 0.45*gates","67"
"c=56ec02aa52d8","g2cQ2kD6lzs","NEGATIVE_CONTROL","duration_multiplier","0.997","piecewise duration curve","67"
"c=6ceb32b3834a","g2cQ2kD6lzs","NEGATIVE_CONTROL","dim.hook","29","heuristic dimension","63"
"c=6ceb32b3834a","g2cQ2kD6lzs","NEGATIVE_CONTROL","dim.curiosity","82","heuristic dimension","63"
"c=6ceb32b3834a","g2cQ2kD6lzs","NEGATIVE_CONTROL","dim.emotion","76","heuristic dimension","63"
"c=6ceb32b3834a","g2cQ2kD6lzs","NEGATIVE_CONTROL","dim.storytelling","46","heuristic dimension","63"
"c=6ceb32b3834a","g2cQ2kD6lzs","NEGATIVE_CONTROL","dim.standalone","58","heuristic dimension","63"
"c=6ceb32b3834a","g2cQ2kD6lzs","NEGATIVE_CONTROL","dim.shareability","54","heuristic dimension","63"
"c=6ceb32b3834a","g2cQ2kD6lzs","NEGATIVE_CONTROL","dim.clarity","44","heuristic dimension","63"
"c=6ceb32b3834a","g2cQ2kD6lzs","NEGATIVE_CONTROL","dim.controversy","30","heuristic dimension","63"
"c=6ceb32b3834a","g2cQ2kD6lzs","NEGATIVE_CONTROL","dim.teachingValue","46","heuristic dimension","63"
"c=6ceb32b3834a","g2cQ2kD6lzs","NEGATIVE_CONTROL","dim.entertainment","40","heuristic dimension","63"
"c=6ceb32b3834a","g2cQ2kD6lzs","NEGATIVE_CONTROL","base_score","63.7","0.55*drivers + 0.45*gates","63"
"c=6ceb32b3834a","g2cQ2kD6lzs","NEGATIVE_CONTROL","duration_multiplier","0.994","piecewise duration curve","63"
"c=b0b734b3b5b2","g2cQ2kD6lzs","NEGATIVE_CONTROL","dim.hook","33","heuristic dimension","68"
"c=b0b734b3b5b2","g2cQ2kD6lzs","NEGATIVE_CONTROL","dim.curiosity","54","heuristic dimension","68"
"c=b0b734b3b5b2","g2cQ2kD6lzs","NEGATIVE_CONTROL","dim.emotion","100","heuristic dimension","68"
"c=b0b734b3b5b2","g2cQ2kD6lzs","NEGATIVE_CONTROL","dim.storytelling","55","heuristic dimension","68"
"c=b0b734b3b5b2","g2cQ2kD6lzs","NEGATIVE_CONTROL","dim.standalone","86","heuristic dimension","68"
"c=b0b734b3b5b2","g2cQ2kD6lzs","NEGATIVE_CONTROL","dim.shareability","48","heuristic dimension","68"
"c=b0b734b3b5b2","g2cQ2kD6lzs","NEGATIVE_CONTROL","dim.clarity","43","heuristic dimension","68"
"c=b0b734b3b5b2","g2cQ2kD6lzs","NEGATIVE_CONTROL","dim.controversy","30","heuristic dimension","68"
"c=b0b734b3b5b2","g2cQ2kD6lzs","NEGATIVE_CONTROL","dim.teachingValue","46","heuristic dimension","68"
"c=b0b734b3b5b2","g2cQ2kD6lzs","NEGATIVE_CONTROL","dim.entertainment","40","heuristic dimension","68"
"c=b0b734b3b5b2","g2cQ2kD6lzs","NEGATIVE_CONTROL","base_score","68.4","0.55*drivers + 0.45*gates","68"
"c=b0b734b3b5b2","g2cQ2kD6lzs","NEGATIVE_CONTROL","duration_multiplier","1","piecewise duration curve","68"
"c=cf319752a204","g2cQ2kD6lzs","NEGATIVE_CONTROL","dim.hook","42","heuristic dimension","64"
"c=cf319752a204","g2cQ2kD6lzs","NEGATIVE_CONTROL","dim.curiosity","69","heuristic dimension","64"
"c=cf319752a204","g2cQ2kD6lzs","NEGATIVE_CONTROL","dim.emotion","69","heuristic dimension","64"
"c=cf319752a204","g2cQ2kD6lzs","NEGATIVE_CONTROL","dim.storytelling","63","heuristic dimension","64"
"c=cf319752a204","g2cQ2kD6lzs","NEGATIVE_CONTROL","dim.standalone","86","heuristic dimension","64"
"c=cf319752a204","g2cQ2kD6lzs","NEGATIVE_CONTROL","dim.shareability","48","heuristic dimension","64"
"c=cf319752a204","g2cQ2kD6lzs","NEGATIVE_CONTROL","dim.clarity","35","heuristic dimension","64"
"c=cf319752a204","g2cQ2kD6lzs","NEGATIVE_CONTROL","dim.controversy","30","heuristic dimension","64"
"c=cf319752a204","g2cQ2kD6lzs","NEGATIVE_CONTROL","dim.teachingValue","46","heuristic dimension","64"
"c=cf319752a204","g2cQ2kD6lzs","NEGATIVE_CONTROL","dim.entertainment","40","heuristic dimension","64"
"c=cf319752a204","g2cQ2kD6lzs","NEGATIVE_CONTROL","base_score","63.8","0.55*drivers + 0.45*gates","64"
"c=cf319752a204","g2cQ2kD6lzs","NEGATIVE_CONTROL","duration_multiplier","1","piecewise duration curve","64"
"c=3068d327dfa7","g2cQ2kD6lzs","NEGATIVE_CONTROL","dim.hook","29","heuristic dimension","47"
"c=3068d327dfa7","g2cQ2kD6lzs","NEGATIVE_CONTROL","dim.curiosity","56","heuristic dimension","47"
"c=3068d327dfa7","g2cQ2kD6lzs","NEGATIVE_CONTROL","dim.emotion","52","heuristic dimension","47"
"c=3068d327dfa7","g2cQ2kD6lzs","NEGATIVE_CONTROL","dim.storytelling","50","heuristic dimension","47"
"c=3068d327dfa7","g2cQ2kD6lzs","NEGATIVE_CONTROL","dim.standalone","50","heuristic dimension","47"
"c=3068d327dfa7","g2cQ2kD6lzs","NEGATIVE_CONTROL","dim.shareability","54","heuristic dimension","47"
"c=3068d327dfa7","g2cQ2kD6lzs","NEGATIVE_CONTROL","dim.clarity","32","heuristic dimension","47"
"c=3068d327dfa7","g2cQ2kD6lzs","NEGATIVE_CONTROL","dim.controversy","30","heuristic dimension","47"
"c=3068d327dfa7","g2cQ2kD6lzs","NEGATIVE_CONTROL","dim.teachingValue","46","heuristic dimension","47"
"c=3068d327dfa7","g2cQ2kD6lzs","NEGATIVE_CONTROL","dim.entertainment","40","heuristic dimension","47"
"c=3068d327dfa7","g2cQ2kD6lzs","NEGATIVE_CONTROL","base_score","47.5","0.55*drivers + 0.45*gates","47"
"c=3068d327dfa7","g2cQ2kD6lzs","NEGATIVE_CONTROL","duration_multiplier","1","piecewise duration curve","47"
"c=e783bacc435d","g2cQ2kD6lzs","NEGATIVE_CONTROL","dim.hook","20","heuristic dimension","58"
"c=e783bacc435d","g2cQ2kD6lzs","NEGATIVE_CONTROL","dim.curiosity","67","heuristic dimension","58"
"c=e783bacc435d","g2cQ2kD6lzs","NEGATIVE_CONTROL","dim.emotion","56","heuristic dimension","58"
"c=e783bacc435d","g2cQ2kD6lzs","NEGATIVE_CONTROL","dim.storytelling","54","heuristic dimension","58"
"c=e783bacc435d","g2cQ2kD6lzs","NEGATIVE_CONTROL","dim.standalone","86","heuristic dimension","58"
"c=e783bacc435d","g2cQ2kD6lzs","NEGATIVE_CONTROL","dim.shareability","48","heuristic dimension","58"
"c=e783bacc435d","g2cQ2kD6lzs","NEGATIVE_CONTROL","dim.clarity","42","heuristic dimension","58"
"c=e783bacc435d","g2cQ2kD6lzs","NEGATIVE_CONTROL","dim.controversy","30","heuristic dimension","58"
"c=e783bacc435d","g2cQ2kD6lzs","NEGATIVE_CONTROL","dim.teachingValue","46","heuristic dimension","58"
"c=e783bacc435d","g2cQ2kD6lzs","NEGATIVE_CONTROL","dim.entertainment","40","heuristic dimension","58"
"c=e783bacc435d","g2cQ2kD6lzs","NEGATIVE_CONTROL","base_score","57.7","0.55*drivers + 0.45*gates","58"
"c=e783bacc435d","g2cQ2kD6lzs","NEGATIVE_CONTROL","duration_multiplier","1","piecewise duration curve","58"
"c=6723b7bdf8dc","g2cQ2kD6lzs","NEGATIVE_CONTROL","dim.hook","20","heuristic dimension","64"
"c=6723b7bdf8dc","g2cQ2kD6lzs","NEGATIVE_CONTROL","dim.curiosity","63","heuristic dimension","64"
"c=6723b7bdf8dc","g2cQ2kD6lzs","NEGATIVE_CONTROL","dim.emotion","87","heuristic dimension","64"
"c=6723b7bdf8dc","g2cQ2kD6lzs","NEGATIVE_CONTROL","dim.storytelling","56","heuristic dimension","64"
"c=6723b7bdf8dc","g2cQ2kD6lzs","NEGATIVE_CONTROL","dim.standalone","70","heuristic dimension","64"
"c=6723b7bdf8dc","g2cQ2kD6lzs","NEGATIVE_CONTROL","dim.shareability","48","heuristic dimension","64"
"c=6723b7bdf8dc","g2cQ2kD6lzs","NEGATIVE_CONTROL","dim.clarity","55","heuristic dimension","64"
"c=6723b7bdf8dc","g2cQ2kD6lzs","NEGATIVE_CONTROL","dim.controversy","30","heuristic dimension","64"
"c=6723b7bdf8dc","g2cQ2kD6lzs","NEGATIVE_CONTROL","dim.teachingValue","46","heuristic dimension","64"
"c=6723b7bdf8dc","g2cQ2kD6lzs","NEGATIVE_CONTROL","dim.entertainment","40","heuristic dimension","64"
"c=6723b7bdf8dc","g2cQ2kD6lzs","NEGATIVE_CONTROL","base_score","64","0.55*drivers + 0.45*gates","64"
"c=6723b7bdf8dc","g2cQ2kD6lzs","NEGATIVE_CONTROL","duration_multiplier","1","piecewise duration curve","64"
"c=3459e4222cde","g2cQ2kD6lzs","NEGATIVE_CONTROL","dim.hook","22","heuristic dimension","51"
"c=3459e4222cde","g2cQ2kD6lzs","NEGATIVE_CONTROL","dim.curiosity","56","heuristic dimension","51"
"c=3459e4222cde","g2cQ2kD6lzs","NEGATIVE_CONTROL","dim.emotion","72","heuristic dimension","51"
"c=3459e4222cde","g2cQ2kD6lzs","NEGATIVE_CONTROL","dim.storytelling","58","heuristic dimension","51"
"c=3459e4222cde","g2cQ2kD6lzs","NEGATIVE_CONTROL","dim.standalone","42","heuristic dimension","51"
"c=3459e4222cde","g2cQ2kD6lzs","NEGATIVE_CONTROL","dim.shareability","48","heuristic dimension","51"
"c=3459e4222cde","g2cQ2kD6lzs","NEGATIVE_CONTROL","dim.clarity","55","heuristic dimension","51"
"c=3459e4222cde","g2cQ2kD6lzs","NEGATIVE_CONTROL","dim.controversy","30","heuristic dimension","51"
"c=3459e4222cde","g2cQ2kD6lzs","NEGATIVE_CONTROL","dim.teachingValue","56","heuristic dimension","51"
"c=3459e4222cde","g2cQ2kD6lzs","NEGATIVE_CONTROL","dim.entertainment","40","heuristic dimension","51"
"c=3459e4222cde","g2cQ2kD6lzs","NEGATIVE_CONTROL","base_score","53.7","0.55*drivers + 0.45*gates","51"
"c=3459e4222cde","g2cQ2kD6lzs","NEGATIVE_CONTROL","duration_multiplier","0.956","piecewise duration curve","51"
"c=9b1950ff34af","g2cQ2kD6lzs","NEGATIVE_CONTROL","dim.hook","33","heuristic dimension","65"
"c=9b1950ff34af","g2cQ2kD6lzs","NEGATIVE_CONTROL","dim.curiosity","65","heuristic dimension","65"
"c=9b1950ff34af","g2cQ2kD6lzs","NEGATIVE_CONTROL","dim.emotion","78","heuristic dimension","65"
"c=9b1950ff34af","g2cQ2kD6lzs","NEGATIVE_CONTROL","dim.storytelling","42","heuristic dimension","65"
"c=9b1950ff34af","g2cQ2kD6lzs","NEGATIVE_CONTROL","dim.standalone","70","heuristic dimension","65"
"c=9b1950ff34af","g2cQ2kD6lzs","NEGATIVE_CONTROL","dim.shareability","48","heuristic dimension","65"
"c=9b1950ff34af","g2cQ2kD6lzs","NEGATIVE_CONTROL","dim.clarity","69","heuristic dimension","65"
"c=9b1950ff34af","g2cQ2kD6lzs","NEGATIVE_CONTROL","dim.controversy","30","heuristic dimension","65"
"c=9b1950ff34af","g2cQ2kD6lzs","NEGATIVE_CONTROL","dim.teachingValue","46","heuristic dimension","65"
"c=9b1950ff34af","g2cQ2kD6lzs","NEGATIVE_CONTROL","dim.entertainment","40","heuristic dimension","65"
"c=9b1950ff34af","g2cQ2kD6lzs","NEGATIVE_CONTROL","base_score","65.7","0.55*drivers + 0.45*gates","65"
"c=9b1950ff34af","g2cQ2kD6lzs","NEGATIVE_CONTROL","duration_multiplier","0.99","piecewise duration curve","65"
"c=cfd84744cbe9","g2cQ2kD6lzs","NEGATIVE_CONTROL","dim.hook","20","heuristic dimension","63"
"c=cfd84744cbe9","g2cQ2kD6lzs","NEGATIVE_CONTROL","dim.curiosity","69","heuristic dimension","63"
"c=cfd84744cbe9","g2cQ2kD6lzs","NEGATIVE_CONTROL","dim.emotion","51","heuristic dimension","63"
"c=cfd84744cbe9","g2cQ2kD6lzs","NEGATIVE_CONTROL","dim.storytelling","54","heuristic dimension","63"
"c=cfd84744cbe9","g2cQ2kD6lzs","NEGATIVE_CONTROL","dim.standalone","70","heuristic dimension","63"
"c=cfd84744cbe9","g2cQ2kD6lzs","NEGATIVE_CONTROL","dim.shareability","48","heuristic dimension","63"
"c=cfd84744cbe9","g2cQ2kD6lzs","NEGATIVE_CONTROL","dim.clarity","60","heuristic dimension","63"
"c=cfd84744cbe9","g2cQ2kD6lzs","NEGATIVE_CONTROL","dim.controversy","30","heuristic dimension","63"
"c=cfd84744cbe9","g2cQ2kD6lzs","NEGATIVE_CONTROL","dim.teachingValue","76","heuristic dimension","63"
"c=cfd84744cbe9","g2cQ2kD6lzs","NEGATIVE_CONTROL","dim.entertainment","40","heuristic dimension","63"
"c=cfd84744cbe9","g2cQ2kD6lzs","NEGATIVE_CONTROL","base_score","63.3","0.55*drivers + 0.45*gates","63"
"c=cfd84744cbe9","g2cQ2kD6lzs","NEGATIVE_CONTROL","duration_multiplier","1","piecewise duration curve","63"
"c=7701843ac826","g2cQ2kD6lzs","NEGATIVE_CONTROL","dim.hook","5","heuristic dimension","51"
"c=7701843ac826","g2cQ2kD6lzs","NEGATIVE_CONTROL","dim.curiosity","56","heuristic dimension","51"
"c=7701843ac826","g2cQ2kD6lzs","NEGATIVE_CONTROL","dim.emotion","60","heuristic dimension","51"
"c=7701843ac826","g2cQ2kD6lzs","NEGATIVE_CONTROL","dim.storytelling","62","heuristic dimension","51"
"c=7701843ac826","g2cQ2kD6lzs","NEGATIVE_CONTROL","dim.standalone","62","heuristic dimension","51"
"c=7701843ac826","g2cQ2kD6lzs","NEGATIVE_CONTROL","dim.shareability","54","heuristic dimension","51"
"c=7701843ac826","g2cQ2kD6lzs","NEGATIVE_CONTROL","dim.clarity","41","heuristic dimension","51"
"c=7701843ac826","g2cQ2kD6lzs","NEGATIVE_CONTROL","dim.controversy","30","heuristic dimension","51"
"c=7701843ac826","g2cQ2kD6lzs","NEGATIVE_CONTROL","dim.teachingValue","46","heuristic dimension","51"
"c=7701843ac826","g2cQ2kD6lzs","NEGATIVE_CONTROL","dim.entertainment","40","heuristic dimension","51"
"c=7701843ac826","g2cQ2kD6lzs","NEGATIVE_CONTROL","base_score","50.9","0.55*drivers + 0.45*gates","51"
"c=7701843ac826","g2cQ2kD6lzs","NEGATIVE_CONTROL","duration_multiplier","1","piecewise duration curve","51"
"c=01cc16e7bdef","g2cQ2kD6lzs","NEGATIVE_CONTROL","dim.hook","33","heuristic dimension","62"
"c=01cc16e7bdef","g2cQ2kD6lzs","NEGATIVE_CONTROL","dim.curiosity","56","heuristic dimension","62"
"c=01cc16e7bdef","g2cQ2kD6lzs","NEGATIVE_CONTROL","dim.emotion","56","heuristic dimension","62"
"c=01cc16e7bdef","g2cQ2kD6lzs","NEGATIVE_CONTROL","dim.storytelling","84","heuristic dimension","62"
"c=01cc16e7bdef","g2cQ2kD6lzs","NEGATIVE_CONTROL","dim.standalone","86","heuristic dimension","62"
"c=01cc16e7bdef","g2cQ2kD6lzs","NEGATIVE_CONTROL","dim.shareability","48","heuristic dimension","62"
"c=01cc16e7bdef","g2cQ2kD6lzs","NEGATIVE_CONTROL","dim.clarity","39","heuristic dimension","62"
"c=01cc16e7bdef","g2cQ2kD6lzs","NEGATIVE_CONTROL","dim.controversy","30","heuristic dimension","62"
"c=01cc16e7bdef","g2cQ2kD6lzs","NEGATIVE_CONTROL","dim.teachingValue","46","heuristic dimension","62"
"c=01cc16e7bdef","g2cQ2kD6lzs","NEGATIVE_CONTROL","dim.entertainment","59","heuristic dimension","62"
"c=01cc16e7bdef","g2cQ2kD6lzs","NEGATIVE_CONTROL","base_score","64.5","0.55*drivers + 0.45*gates","62"
"c=01cc16e7bdef","g2cQ2kD6lzs","NEGATIVE_CONTROL","duration_multiplier","0.956","piecewise duration curve","62"
"c=9bfcef88df7e","g2cQ2kD6lzs","NEGATIVE_CONTROL","dim.hook","20","heuristic dimension","53"
"c=9bfcef88df7e","g2cQ2kD6lzs","NEGATIVE_CONTROL","dim.curiosity","67","heuristic dimension","53"
"c=9bfcef88df7e","g2cQ2kD6lzs","NEGATIVE_CONTROL","dim.emotion","54","heuristic dimension","53"
"c=9bfcef88df7e","g2cQ2kD6lzs","NEGATIVE_CONTROL","dim.storytelling","55","heuristic dimension","53"
"c=9bfcef88df7e","g2cQ2kD6lzs","NEGATIVE_CONTROL","dim.standalone","70","heuristic dimension","53"
"c=9bfcef88df7e","g2cQ2kD6lzs","NEGATIVE_CONTROL","dim.shareability","48","heuristic dimension","53"
"c=9bfcef88df7e","g2cQ2kD6lzs","NEGATIVE_CONTROL","dim.clarity","32","heuristic dimension","53"
"c=9bfcef88df7e","g2cQ2kD6lzs","NEGATIVE_CONTROL","dim.controversy","30","heuristic dimension","53"
"c=9bfcef88df7e","g2cQ2kD6lzs","NEGATIVE_CONTROL","dim.teachingValue","46","heuristic dimension","53"
"c=9bfcef88df7e","g2cQ2kD6lzs","NEGATIVE_CONTROL","dim.entertainment","40","heuristic dimension","53"
"c=9bfcef88df7e","g2cQ2kD6lzs","NEGATIVE_CONTROL","base_score","53.2","0.55*drivers + 0.45*gates","53"
"c=9bfcef88df7e","g2cQ2kD6lzs","NEGATIVE_CONTROL","duration_multiplier","1","piecewise duration curve","53"
"c=8de3144cf943","g2cQ2kD6lzs","NEGATIVE_CONTROL","dim.hook","22","heuristic dimension","58"
"c=8de3144cf943","g2cQ2kD6lzs","NEGATIVE_CONTROL","dim.curiosity","56","heuristic dimension","58"
"c=8de3144cf943","g2cQ2kD6lzs","NEGATIVE_CONTROL","dim.emotion","48","heuristic dimension","58"
"c=8de3144cf943","g2cQ2kD6lzs","NEGATIVE_CONTROL","dim.storytelling","75","heuristic dimension","58"
"c=8de3144cf943","g2cQ2kD6lzs","NEGATIVE_CONTROL","dim.standalone","62","heuristic dimension","58"
"c=8de3144cf943","g2cQ2kD6lzs","NEGATIVE_CONTROL","dim.shareability","54","heuristic dimension","58"
"c=8de3144cf943","g2cQ2kD6lzs","NEGATIVE_CONTROL","dim.clarity","57","heuristic dimension","58"
"c=8de3144cf943","g2cQ2kD6lzs","NEGATIVE_CONTROL","dim.controversy","30","heuristic dimension","58"
"c=8de3144cf943","g2cQ2kD6lzs","NEGATIVE_CONTROL","dim.teachingValue","51","heuristic dimension","58"
"c=8de3144cf943","g2cQ2kD6lzs","NEGATIVE_CONTROL","dim.entertainment","40","heuristic dimension","58"
"c=8de3144cf943","g2cQ2kD6lzs","NEGATIVE_CONTROL","base_score","57.9","0.55*drivers + 0.45*gates","58"
"c=8de3144cf943","g2cQ2kD6lzs","NEGATIVE_CONTROL","duration_multiplier","1","piecewise duration curve","58"
"c=cf899a0a5269","g2cQ2kD6lzs","NEGATIVE_CONTROL","dim.hook","33","heuristic dimension","60"
"c=cf899a0a5269","g2cQ2kD6lzs","NEGATIVE_CONTROL","dim.curiosity","69","heuristic dimension","60"
"c=cf899a0a5269","g2cQ2kD6lzs","NEGATIVE_CONTROL","dim.emotion","50","heuristic dimension","60"
"c=cf899a0a5269","g2cQ2kD6lzs","NEGATIVE_CONTROL","dim.storytelling","42","heuristic dimension","60"
"c=cf899a0a5269","g2cQ2kD6lzs","NEGATIVE_CONTROL","dim.standalone","86","heuristic dimension","60"
"c=cf899a0a5269","g2cQ2kD6lzs","NEGATIVE_CONTROL","dim.shareability","48","heuristic dimension","60"
"c=cf899a0a5269","g2cQ2kD6lzs","NEGATIVE_CONTROL","dim.clarity","54","heuristic dimension","60"
"c=cf899a0a5269","g2cQ2kD6lzs","NEGATIVE_CONTROL","dim.controversy","30","heuristic dimension","60"
"c=cf899a0a5269","g2cQ2kD6lzs","NEGATIVE_CONTROL","dim.teachingValue","46","heuristic dimension","60"
"c=cf899a0a5269","g2cQ2kD6lzs","NEGATIVE_CONTROL","dim.entertainment","40","heuristic dimension","60"
"c=cf899a0a5269","g2cQ2kD6lzs","NEGATIVE_CONTROL","base_score","60","0.55*drivers + 0.45*gates","60"
"c=cf899a0a5269","g2cQ2kD6lzs","NEGATIVE_CONTROL","duration_multiplier","1","piecewise duration curve","60"
"c=68f0f52434be","g2cQ2kD6lzs","NEGATIVE_CONTROL","dim.hook","22","heuristic dimension","55"
"c=68f0f52434be","g2cQ2kD6lzs","NEGATIVE_CONTROL","dim.curiosity","50","heuristic dimension","55"
"c=68f0f52434be","g2cQ2kD6lzs","NEGATIVE_CONTROL","dim.emotion","80","heuristic dimension","55"
"c=68f0f52434be","g2cQ2kD6lzs","NEGATIVE_CONTROL","dim.storytelling","42","heuristic dimension","55"
"c=68f0f52434be","g2cQ2kD6lzs","NEGATIVE_CONTROL","dim.standalone","62","heuristic dimension","55"
"c=68f0f52434be","g2cQ2kD6lzs","NEGATIVE_CONTROL","dim.shareability","48","heuristic dimension","55"
"c=68f0f52434be","g2cQ2kD6lzs","NEGATIVE_CONTROL","dim.clarity","41","heuristic dimension","55"
"c=68f0f52434be","g2cQ2kD6lzs","NEGATIVE_CONTROL","dim.controversy","49","heuristic dimension","55"
"c=68f0f52434be","g2cQ2kD6lzs","NEGATIVE_CONTROL","dim.teachingValue","46","heuristic dimension","55"
"c=68f0f52434be","g2cQ2kD6lzs","NEGATIVE_CONTROL","dim.entertainment","40","heuristic dimension","55"
"c=68f0f52434be","g2cQ2kD6lzs","NEGATIVE_CONTROL","base_score","55.4","0.55*drivers + 0.45*gates","55"
"c=68f0f52434be","g2cQ2kD6lzs","NEGATIVE_CONTROL","duration_multiplier","1","piecewise duration curve","55"
"c=fa978ff5ed06","g2cQ2kD6lzs","NEGATIVE_CONTROL","dim.hook","42","heuristic dimension","71"
"c=fa978ff5ed06","g2cQ2kD6lzs","NEGATIVE_CONTROL","dim.curiosity","50","heuristic dimension","71"
"c=fa978ff5ed06","g2cQ2kD6lzs","NEGATIVE_CONTROL","dim.emotion","63","heuristic dimension","71"
"c=fa978ff5ed06","g2cQ2kD6lzs","NEGATIVE_CONTROL","dim.storytelling","84","heuristic dimension","71"
"c=fa978ff5ed06","g2cQ2kD6lzs","NEGATIVE_CONTROL","dim.standalone","86","heuristic dimension","71"
"c=fa978ff5ed06","g2cQ2kD6lzs","NEGATIVE_CONTROL","dim.shareability","48","heuristic dimension","71"
"c=fa978ff5ed06","g2cQ2kD6lzs","NEGATIVE_CONTROL","dim.clarity","70","heuristic dimension","71"
"c=fa978ff5ed06","g2cQ2kD6lzs","NEGATIVE_CONTROL","dim.controversy","30","heuristic dimension","71"
"c=fa978ff5ed06","g2cQ2kD6lzs","NEGATIVE_CONTROL","dim.teachingValue","46","heuristic dimension","71"
"c=fa978ff5ed06","g2cQ2kD6lzs","NEGATIVE_CONTROL","dim.entertainment","40","heuristic dimension","71"
"c=fa978ff5ed06","g2cQ2kD6lzs","NEGATIVE_CONTROL","base_score","71","0.55*drivers + 0.45*gates","71"
"c=fa978ff5ed06","g2cQ2kD6lzs","NEGATIVE_CONTROL","duration_multiplier","1","piecewise duration curve","71"
"c=229d91405599","g2cQ2kD6lzs","NEGATIVE_CONTROL","dim.hook","9","heuristic dimension","62"
"c=229d91405599","g2cQ2kD6lzs","NEGATIVE_CONTROL","dim.curiosity","67","heuristic dimension","62"
"c=229d91405599","g2cQ2kD6lzs","NEGATIVE_CONTROL","dim.emotion","52","heuristic dimension","62"
"c=229d91405599","g2cQ2kD6lzs","NEGATIVE_CONTROL","dim.storytelling","88","heuristic dimension","62"
"c=229d91405599","g2cQ2kD6lzs","NEGATIVE_CONTROL","dim.standalone","62","heuristic dimension","62"
"c=229d91405599","g2cQ2kD6lzs","NEGATIVE_CONTROL","dim.shareability","48","heuristic dimension","62"
"c=229d91405599","g2cQ2kD6lzs","NEGATIVE_CONTROL","dim.clarity","54","heuristic dimension","62"
"c=229d91405599","g2cQ2kD6lzs","NEGATIVE_CONTROL","dim.controversy","30","heuristic dimension","62"
"c=229d91405599","g2cQ2kD6lzs","NEGATIVE_CONTROL","dim.teachingValue","51","heuristic dimension","62"
"c=229d91405599","g2cQ2kD6lzs","NEGATIVE_CONTROL","dim.entertainment","40","heuristic dimension","62"
"c=229d91405599","g2cQ2kD6lzs","NEGATIVE_CONTROL","base_score","62.3","0.55*drivers + 0.45*gates","62"
"c=229d91405599","g2cQ2kD6lzs","NEGATIVE_CONTROL","duration_multiplier","0.998","piecewise duration curve","62"
"c=61196f3a5922","g2cQ2kD6lzs","NEGATIVE_CONTROL","dim.hook","20","heuristic dimension","58"
"c=61196f3a5922","g2cQ2kD6lzs","NEGATIVE_CONTROL","dim.curiosity","69","heuristic dimension","58"
"c=61196f3a5922","g2cQ2kD6lzs","NEGATIVE_CONTROL","dim.emotion","59","heuristic dimension","58"
"c=61196f3a5922","g2cQ2kD6lzs","NEGATIVE_CONTROL","dim.storytelling","50","heuristic dimension","58"
"c=61196f3a5922","g2cQ2kD6lzs","NEGATIVE_CONTROL","dim.standalone","70","heuristic dimension","58"
"c=61196f3a5922","g2cQ2kD6lzs","NEGATIVE_CONTROL","dim.shareability","48","heuristic dimension","58"
"c=61196f3a5922","g2cQ2kD6lzs","NEGATIVE_CONTROL","dim.clarity","59","heuristic dimension","58"
"c=61196f3a5922","g2cQ2kD6lzs","NEGATIVE_CONTROL","dim.controversy","30","heuristic dimension","58"
"c=61196f3a5922","g2cQ2kD6lzs","NEGATIVE_CONTROL","dim.teachingValue","46","heuristic dimension","58"
"c=61196f3a5922","g2cQ2kD6lzs","NEGATIVE_CONTROL","dim.entertainment","40","heuristic dimension","58"
"c=61196f3a5922","g2cQ2kD6lzs","NEGATIVE_CONTROL","base_score","58.5","0.55*drivers + 0.45*gates","58"
"c=61196f3a5922","g2cQ2kD6lzs","NEGATIVE_CONTROL","duration_multiplier","1","piecewise duration curve","58"
"c=d5c53cc0f5ac","g2cQ2kD6lzs","NEGATIVE_CONTROL","dim.hook","20","heuristic dimension","67"
"c=d5c53cc0f5ac","g2cQ2kD6lzs","NEGATIVE_CONTROL","dim.curiosity","69","heuristic dimension","67"
"c=d5c53cc0f5ac","g2cQ2kD6lzs","NEGATIVE_CONTROL","dim.emotion","57","heuristic dimension","67"
"c=d5c53cc0f5ac","g2cQ2kD6lzs","NEGATIVE_CONTROL","dim.storytelling","58","heuristic dimension","67"
"c=d5c53cc0f5ac","g2cQ2kD6lzs","NEGATIVE_CONTROL","dim.standalone","70","heuristic dimension","67"
"c=d5c53cc0f5ac","g2cQ2kD6lzs","NEGATIVE_CONTROL","dim.shareability","48","heuristic dimension","67"
"c=d5c53cc0f5ac","g2cQ2kD6lzs","NEGATIVE_CONTROL","dim.clarity","63","heuristic dimension","67"
"c=d5c53cc0f5ac","g2cQ2kD6lzs","NEGATIVE_CONTROL","dim.controversy","30","heuristic dimension","67"
"c=d5c53cc0f5ac","g2cQ2kD6lzs","NEGATIVE_CONTROL","dim.teachingValue","87","heuristic dimension","67"
"c=d5c53cc0f5ac","g2cQ2kD6lzs","NEGATIVE_CONTROL","dim.entertainment","40","heuristic dimension","67"
"c=d5c53cc0f5ac","g2cQ2kD6lzs","NEGATIVE_CONTROL","base_score","66.7","0.55*drivers + 0.45*gates","67"
"c=d5c53cc0f5ac","g2cQ2kD6lzs","NEGATIVE_CONTROL","duration_multiplier","1","piecewise duration curve","67"
"c=7a67586b3612","g2cQ2kD6lzs","NEGATIVE_CONTROL","dim.hook","16","heuristic dimension","54"
"c=7a67586b3612","g2cQ2kD6lzs","NEGATIVE_CONTROL","dim.curiosity","38","heuristic dimension","54"
"c=7a67586b3612","g2cQ2kD6lzs","NEGATIVE_CONTROL","dim.emotion","44","heuristic dimension","54"
"c=7a67586b3612","g2cQ2kD6lzs","NEGATIVE_CONTROL","dim.storytelling","46","heuristic dimension","54"
"c=7a67586b3612","g2cQ2kD6lzs","NEGATIVE_CONTROL","dim.standalone","71","heuristic dimension","54"
"c=7a67586b3612","g2cQ2kD6lzs","NEGATIVE_CONTROL","dim.shareability","57","heuristic dimension","54"
"c=7a67586b3612","g2cQ2kD6lzs","NEGATIVE_CONTROL","dim.clarity","78","heuristic dimension","54"
"c=7a67586b3612","g2cQ2kD6lzs","NEGATIVE_CONTROL","dim.controversy","30","heuristic dimension","54"
"c=7a67586b3612","g2cQ2kD6lzs","NEGATIVE_CONTROL","dim.teachingValue","34","heuristic dimension","54"
"c=7a67586b3612","g2cQ2kD6lzs","NEGATIVE_CONTROL","dim.entertainment","40","heuristic dimension","54"
"c=7a67586b3612","g2cQ2kD6lzs","NEGATIVE_CONTROL","base_score","53.8","0.55*drivers + 0.45*gates","54"
"c=7a67586b3612","g2cQ2kD6lzs","NEGATIVE_CONTROL","duration_multiplier","1","piecewise duration curve","54"
"c=f07e6a244da9","Ive926sC6mc","NEGATIVE_CONTROL","dim.hook","22","heuristic dimension","69"
"c=f07e6a244da9","Ive926sC6mc","NEGATIVE_CONTROL","dim.curiosity","82","heuristic dimension","69"
"c=f07e6a244da9","Ive926sC6mc","NEGATIVE_CONTROL","dim.emotion","54","heuristic dimension","69"
"c=f07e6a244da9","Ive926sC6mc","NEGATIVE_CONTROL","dim.storytelling","88","heuristic dimension","69"
"c=f07e6a244da9","Ive926sC6mc","NEGATIVE_CONTROL","dim.standalone","46","heuristic dimension","69"
"c=f07e6a244da9","Ive926sC6mc","NEGATIVE_CONTROL","dim.shareability","48","heuristic dimension","69"
"c=f07e6a244da9","Ive926sC6mc","NEGATIVE_CONTROL","dim.clarity","84","heuristic dimension","69"
"c=f07e6a244da9","Ive926sC6mc","NEGATIVE_CONTROL","dim.controversy","30","heuristic dimension","69"
"c=f07e6a244da9","Ive926sC6mc","NEGATIVE_CONTROL","dim.teachingValue","51","heuristic dimension","69"
"c=f07e6a244da9","Ive926sC6mc","NEGATIVE_CONTROL","dim.entertainment","59","heuristic dimension","69"
"c=f07e6a244da9","Ive926sC6mc","NEGATIVE_CONTROL","base_score","69.3","0.55*drivers + 0.45*gates","69"
"c=f07e6a244da9","Ive926sC6mc","NEGATIVE_CONTROL","duration_multiplier","0.996","piecewise duration curve","69"
"c=004125b3d651","Ive926sC6mc","NEGATIVE_CONTROL","dim.hook","42","heuristic dimension","68"
"c=004125b3d651","Ive926sC6mc","NEGATIVE_CONTROL","dim.curiosity","71","heuristic dimension","68"
"c=004125b3d651","Ive926sC6mc","NEGATIVE_CONTROL","dim.emotion","52","heuristic dimension","68"
"c=004125b3d651","Ive926sC6mc","NEGATIVE_CONTROL","dim.storytelling","68","heuristic dimension","68"
"c=004125b3d651","Ive926sC6mc","NEGATIVE_CONTROL","dim.standalone","86","heuristic dimension","68"
"c=004125b3d651","Ive926sC6mc","NEGATIVE_CONTROL","dim.shareability","48","heuristic dimension","68"
"c=004125b3d651","Ive926sC6mc","NEGATIVE_CONTROL","dim.clarity","69","heuristic dimension","68"
"c=004125b3d651","Ive926sC6mc","NEGATIVE_CONTROL","dim.controversy","30","heuristic dimension","68"
"c=004125b3d651","Ive926sC6mc","NEGATIVE_CONTROL","dim.teachingValue","46","heuristic dimension","68"
"c=004125b3d651","Ive926sC6mc","NEGATIVE_CONTROL","dim.entertainment","40","heuristic dimension","68"
"c=004125b3d651","Ive926sC6mc","NEGATIVE_CONTROL","base_score","68.7","0.55*drivers + 0.45*gates","68"
"c=004125b3d651","Ive926sC6mc","NEGATIVE_CONTROL","duration_multiplier","0.989","piecewise duration curve","68"
"c=3d68f9336412","Ive926sC6mc","NEGATIVE_CONTROL","dim.hook","46","heuristic dimension","69"
"c=3d68f9336412","Ive926sC6mc","NEGATIVE_CONTROL","dim.curiosity","56","heuristic dimension","69"
"c=3d68f9336412","Ive926sC6mc","NEGATIVE_CONTROL","dim.emotion","54","heuristic dimension","69"
"c=3d68f9336412","Ive926sC6mc","NEGATIVE_CONTROL","dim.storytelling","84","heuristic dimension","69"
"c=3d68f9336412","Ive926sC6mc","NEGATIVE_CONTROL","dim.standalone","74","heuristic dimension","69"
"c=3d68f9336412","Ive926sC6mc","NEGATIVE_CONTROL","dim.shareability","48","heuristic dimension","69"
"c=3d68f9336412","Ive926sC6mc","NEGATIVE_CONTROL","dim.clarity","72","heuristic dimension","69"
"c=3d68f9336412","Ive926sC6mc","NEGATIVE_CONTROL","dim.controversy","30","heuristic dimension","69"
"c=3d68f9336412","Ive926sC6mc","NEGATIVE_CONTROL","dim.teachingValue","61","heuristic dimension","69"
"c=3d68f9336412","Ive926sC6mc","NEGATIVE_CONTROL","dim.entertainment","59","heuristic dimension","69"
"c=3d68f9336412","Ive926sC6mc","NEGATIVE_CONTROL","base_score","69.1","0.55*drivers + 0.45*gates","69"
"c=3d68f9336412","Ive926sC6mc","NEGATIVE_CONTROL","duration_multiplier","0.999","piecewise duration curve","69"
"c=86144e9f6d7c","Ive926sC6mc","NEGATIVE_CONTROL","dim.hook","79","heuristic dimension","78"
"c=86144e9f6d7c","Ive926sC6mc","NEGATIVE_CONTROL","dim.curiosity","82","heuristic dimension","78"
"c=86144e9f6d7c","Ive926sC6mc","NEGATIVE_CONTROL","dim.emotion","49","heuristic dimension","78"
"c=86144e9f6d7c","Ive926sC6mc","NEGATIVE_CONTROL","dim.storytelling","58","heuristic dimension","78"
"c=86144e9f6d7c","Ive926sC6mc","NEGATIVE_CONTROL","dim.standalone","70","heuristic dimension","78"
"c=86144e9f6d7c","Ive926sC6mc","NEGATIVE_CONTROL","dim.shareability","48","heuristic dimension","78"
"c=86144e9f6d7c","Ive926sC6mc","NEGATIVE_CONTROL","dim.clarity","84","heuristic dimension","78"
"c=86144e9f6d7c","Ive926sC6mc","NEGATIVE_CONTROL","dim.controversy","30","heuristic dimension","78"
"c=86144e9f6d7c","Ive926sC6mc","NEGATIVE_CONTROL","dim.teachingValue","46","heuristic dimension","78"
"c=86144e9f6d7c","Ive926sC6mc","NEGATIVE_CONTROL","dim.entertainment","59","heuristic dimension","78"
"c=86144e9f6d7c","Ive926sC6mc","NEGATIVE_CONTROL","base_score","78.9","0.55*drivers + 0.45*gates","78"
"c=86144e9f6d7c","Ive926sC6mc","NEGATIVE_CONTROL","duration_multiplier","0.991","piecewise duration curve","78"
"c=fa4b940ebea8","Ive926sC6mc","NEGATIVE_CONTROL","dim.hook","46","heuristic dimension","73"
"c=fa4b940ebea8","Ive926sC6mc","NEGATIVE_CONTROL","dim.curiosity","69","heuristic dimension","73"
"c=fa4b940ebea8","Ive926sC6mc","NEGATIVE_CONTROL","dim.emotion","49","heuristic dimension","73"
"c=fa4b940ebea8","Ive926sC6mc","NEGATIVE_CONTROL","dim.storytelling","59","heuristic dimension","73"
"c=fa4b940ebea8","Ive926sC6mc","NEGATIVE_CONTROL","dim.standalone","86","heuristic dimension","73"
"c=fa4b940ebea8","Ive926sC6mc","NEGATIVE_CONTROL","dim.shareability","48","heuristic dimension","73"
"c=fa4b940ebea8","Ive926sC6mc","NEGATIVE_CONTROL","dim.clarity","77","heuristic dimension","73"
"c=fa4b940ebea8","Ive926sC6mc","NEGATIVE_CONTROL","dim.controversy","30","heuristic dimension","73"
"c=fa4b940ebea8","Ive926sC6mc","NEGATIVE_CONTROL","dim.teachingValue","46","heuristic dimension","73"
"c=fa4b940ebea8","Ive926sC6mc","NEGATIVE_CONTROL","dim.entertainment","78","heuristic dimension","73"
"c=fa4b940ebea8","Ive926sC6mc","NEGATIVE_CONTROL","base_score","72.5","0.55*drivers + 0.45*gates","73"
"c=fa4b940ebea8","Ive926sC6mc","NEGATIVE_CONTROL","duration_multiplier","1","piecewise duration curve","73"
"c=64020c313d04","Ive926sC6mc","NEGATIVE_CONTROL","dim.hook","46","heuristic dimension","66"
"c=64020c313d04","Ive926sC6mc","NEGATIVE_CONTROL","dim.curiosity","70","heuristic dimension","66"
"c=64020c313d04","Ive926sC6mc","NEGATIVE_CONTROL","dim.emotion","48","heuristic dimension","66"
"c=64020c313d04","Ive926sC6mc","NEGATIVE_CONTROL","dim.storytelling","42","heuristic dimension","66"
"c=64020c313d04","Ive926sC6mc","NEGATIVE_CONTROL","dim.standalone","70","heuristic dimension","66"
"c=64020c313d04","Ive926sC6mc","NEGATIVE_CONTROL","dim.shareability","48","heuristic dimension","66"
"c=64020c313d04","Ive926sC6mc","NEGATIVE_CONTROL","dim.clarity","84","heuristic dimension","66"
"c=64020c313d04","Ive926sC6mc","NEGATIVE_CONTROL","dim.controversy","49","heuristic dimension","66"
"c=64020c313d04","Ive926sC6mc","NEGATIVE_CONTROL","dim.teachingValue","62","heuristic dimension","66"
"c=64020c313d04","Ive926sC6mc","NEGATIVE_CONTROL","dim.entertainment","59","heuristic dimension","66"
"c=64020c313d04","Ive926sC6mc","NEGATIVE_CONTROL","base_score","66.5","0.55*drivers + 0.45*gates","66"
"c=64020c313d04","Ive926sC6mc","NEGATIVE_CONTROL","duration_multiplier","1","piecewise duration curve","66"
"c=3de206aea8a7","Ive926sC6mc","NEGATIVE_CONTROL","dim.hook","46","heuristic dimension","67"
"c=3de206aea8a7","Ive926sC6mc","NEGATIVE_CONTROL","dim.curiosity","69","heuristic dimension","67"
"c=3de206aea8a7","Ive926sC6mc","NEGATIVE_CONTROL","dim.emotion","49","heuristic dimension","67"
"c=3de206aea8a7","Ive926sC6mc","NEGATIVE_CONTROL","dim.storytelling","54","heuristic dimension","67"
"c=3de206aea8a7","Ive926sC6mc","NEGATIVE_CONTROL","dim.standalone","70","heuristic dimension","67"
"c=3de206aea8a7","Ive926sC6mc","NEGATIVE_CONTROL","dim.shareability","48","heuristic dimension","67"
"c=3de206aea8a7","Ive926sC6mc","NEGATIVE_CONTROL","dim.clarity","84","heuristic dimension","67"
"c=3de206aea8a7","Ive926sC6mc","NEGATIVE_CONTROL","dim.controversy","30","heuristic dimension","67"
"c=3de206aea8a7","Ive926sC6mc","NEGATIVE_CONTROL","dim.teachingValue","66","heuristic dimension","67"
"c=3de206aea8a7","Ive926sC6mc","NEGATIVE_CONTROL","dim.entertainment","59","heuristic dimension","67"
"c=3de206aea8a7","Ive926sC6mc","NEGATIVE_CONTROL","base_score","67.3","0.55*drivers + 0.45*gates","67"
"c=3de206aea8a7","Ive926sC6mc","NEGATIVE_CONTROL","duration_multiplier","1","piecewise duration curve","67"
"c=df9089cafca9","Ive926sC6mc","NEGATIVE_CONTROL","dim.hook","9","heuristic dimension","50"
"c=df9089cafca9","Ive926sC6mc","NEGATIVE_CONTROL","dim.curiosity","56","heuristic dimension","50"
"c=df9089cafca9","Ive926sC6mc","NEGATIVE_CONTROL","dim.emotion","45","heuristic dimension","50"
"c=df9089cafca9","Ive926sC6mc","NEGATIVE_CONTROL","dim.storytelling","50","heuristic dimension","50"
"c=df9089cafca9","Ive926sC6mc","NEGATIVE_CONTROL","dim.standalone","50","heuristic dimension","50"
"c=df9089cafca9","Ive926sC6mc","NEGATIVE_CONTROL","dim.shareability","48","heuristic dimension","50"
"c=df9089cafca9","Ive926sC6mc","NEGATIVE_CONTROL","dim.clarity","76","heuristic dimension","50"
"c=df9089cafca9","Ive926sC6mc","NEGATIVE_CONTROL","dim.controversy","30","heuristic dimension","50"
"c=df9089cafca9","Ive926sC6mc","NEGATIVE_CONTROL","dim.teachingValue","51","heuristic dimension","50"
"c=df9089cafca9","Ive926sC6mc","NEGATIVE_CONTROL","dim.entertainment","40","heuristic dimension","50"
"c=df9089cafca9","Ive926sC6mc","NEGATIVE_CONTROL","base_score","49.9","0.55*drivers + 0.45*gates","50"
"c=df9089cafca9","Ive926sC6mc","NEGATIVE_CONTROL","duration_multiplier","1","piecewise duration curve","50"
"c=2c2570029319","Ive926sC6mc","NEGATIVE_CONTROL","dim.hook","42","heuristic dimension","68"
"c=2c2570029319","Ive926sC6mc","NEGATIVE_CONTROL","dim.curiosity","56","heuristic dimension","68"
"c=2c2570029319","Ive926sC6mc","NEGATIVE_CONTROL","dim.emotion","66","heuristic dimension","68"
"c=2c2570029319","Ive926sC6mc","NEGATIVE_CONTROL","dim.storytelling","58","heuristic dimension","68"
"c=2c2570029319","Ive926sC6mc","NEGATIVE_CONTROL","dim.standalone","86","heuristic dimension","68"
"c=2c2570029319","Ive926sC6mc","NEGATIVE_CONTROL","dim.shareability","48","heuristic dimension","68"
"c=2c2570029319","Ive926sC6mc","NEGATIVE_CONTROL","dim.clarity","79","heuristic dimension","68"
"c=2c2570029319","Ive926sC6mc","NEGATIVE_CONTROL","dim.controversy","49","heuristic dimension","68"
"c=2c2570029319","Ive926sC6mc","NEGATIVE_CONTROL","dim.teachingValue","66","heuristic dimension","68"
"c=2c2570029319","Ive926sC6mc","NEGATIVE_CONTROL","dim.entertainment","59","heuristic dimension","68"
"c=2c2570029319","Ive926sC6mc","NEGATIVE_CONTROL","base_score","68.1","0.55*drivers + 0.45*gates","68"
"c=2c2570029319","Ive926sC6mc","NEGATIVE_CONTROL","duration_multiplier","0.991","piecewise duration curve","68"
"c=522a46ef783d","Ive926sC6mc","NEGATIVE_CONTROL","dim.hook","20","heuristic dimension","57"
"c=522a46ef783d","Ive926sC6mc","NEGATIVE_CONTROL","dim.curiosity","56","heuristic dimension","57"
"c=522a46ef783d","Ive926sC6mc","NEGATIVE_CONTROL","dim.emotion","47","heuristic dimension","57"
"c=522a46ef783d","Ive926sC6mc","NEGATIVE_CONTROL","dim.storytelling","58","heuristic dimension","57"
"c=522a46ef783d","Ive926sC6mc","NEGATIVE_CONTROL","dim.standalone","74","heuristic dimension","57"
"c=522a46ef783d","Ive926sC6mc","NEGATIVE_CONTROL","dim.shareability","48","heuristic dimension","57"
"c=522a46ef783d","Ive926sC6mc","NEGATIVE_CONTROL","dim.clarity","60","heuristic dimension","57"
"c=522a46ef783d","Ive926sC6mc","NEGATIVE_CONTROL","dim.controversy","30","heuristic dimension","57"
"c=522a46ef783d","Ive926sC6mc","NEGATIVE_CONTROL","dim.teachingValue","61","heuristic dimension","57"
"c=522a46ef783d","Ive926sC6mc","NEGATIVE_CONTROL","dim.entertainment","40","heuristic dimension","57"
"c=522a46ef783d","Ive926sC6mc","NEGATIVE_CONTROL","base_score","56.8","0.55*drivers + 0.45*gates","57"
"c=522a46ef783d","Ive926sC6mc","NEGATIVE_CONTROL","duration_multiplier","1","piecewise duration curve","57"
"c=d08b5d5f0afc","Ive926sC6mc","NEGATIVE_CONTROL","dim.hook","46","heuristic dimension","74"
"c=d08b5d5f0afc","Ive926sC6mc","NEGATIVE_CONTROL","dim.curiosity","69","heuristic dimension","74"
"c=d08b5d5f0afc","Ive926sC6mc","NEGATIVE_CONTROL","dim.emotion","54","heuristic dimension","74"
"c=d08b5d5f0afc","Ive926sC6mc","NEGATIVE_CONTROL","dim.storytelling","80","heuristic dimension","74"
"c=d08b5d5f0afc","Ive926sC6mc","NEGATIVE_CONTROL","dim.standalone","70","heuristic dimension","74"
"c=d08b5d5f0afc","Ive926sC6mc","NEGATIVE_CONTROL","dim.shareability","48","heuristic dimension","74"
"c=d08b5d5f0afc","Ive926sC6mc","NEGATIVE_CONTROL","dim.clarity","84","heuristic dimension","74"
"c=d08b5d5f0afc","Ive926sC6mc","NEGATIVE_CONTROL","dim.controversy","30","heuristic dimension","74"
"c=d08b5d5f0afc","Ive926sC6mc","NEGATIVE_CONTROL","dim.teachingValue","81","heuristic dimension","74"
"c=d08b5d5f0afc","Ive926sC6mc","NEGATIVE_CONTROL","dim.entertainment","40","heuristic dimension","74"
"c=d08b5d5f0afc","Ive926sC6mc","NEGATIVE_CONTROL","base_score","74.4","0.55*drivers + 0.45*gates","74"
"c=d08b5d5f0afc","Ive926sC6mc","NEGATIVE_CONTROL","duration_multiplier","1","piecewise duration curve","74"
"c=badf9c1ab163","Ive926sC6mc","NEGATIVE_CONTROL","dim.hook","33","heuristic dimension","68"
"c=badf9c1ab163","Ive926sC6mc","NEGATIVE_CONTROL","dim.curiosity","88","heuristic dimension","68"
"c=badf9c1ab163","Ive926sC6mc","NEGATIVE_CONTROL","dim.emotion","51","heuristic dimension","68"
"c=badf9c1ab163","Ive926sC6mc","NEGATIVE_CONTROL","dim.storytelling","71","heuristic dimension","68"
"c=badf9c1ab163","Ive926sC6mc","NEGATIVE_CONTROL","dim.standalone","70","heuristic dimension","68"
"c=badf9c1ab163","Ive926sC6mc","NEGATIVE_CONTROL","dim.shareability","48","heuristic dimension","68"
"c=badf9c1ab163","Ive926sC6mc","NEGATIVE_CONTROL","dim.clarity","57","heuristic dimension","68"
"c=badf9c1ab163","Ive926sC6mc","NEGATIVE_CONTROL","dim.controversy","30","heuristic dimension","68"
"c=badf9c1ab163","Ive926sC6mc","NEGATIVE_CONTROL","dim.teachingValue","51","heuristic dimension","68"
"c=badf9c1ab163","Ive926sC6mc","NEGATIVE_CONTROL","dim.entertainment","40","heuristic dimension","68"
"c=badf9c1ab163","Ive926sC6mc","NEGATIVE_CONTROL","base_score","68.5","0.55*drivers + 0.45*gates","68"
"c=badf9c1ab163","Ive926sC6mc","NEGATIVE_CONTROL","duration_multiplier","0.996","piecewise duration curve","68"
"c=eefacc554f3b","Ive926sC6mc","NEGATIVE_CONTROL","dim.hook","22","heuristic dimension","66"
"c=eefacc554f3b","Ive926sC6mc","NEGATIVE_CONTROL","dim.curiosity","67","heuristic dimension","66"
"c=eefacc554f3b","Ive926sC6mc","NEGATIVE_CONTROL","dim.emotion","54","heuristic dimension","66"
"c=eefacc554f3b","Ive926sC6mc","NEGATIVE_CONTROL","dim.storytelling","92","heuristic dimension","66"
"c=eefacc554f3b","Ive926sC6mc","NEGATIVE_CONTROL","dim.standalone","62","heuristic dimension","66"
"c=eefacc554f3b","Ive926sC6mc","NEGATIVE_CONTROL","dim.shareability","48","heuristic dimension","66"
"c=eefacc554f3b","Ive926sC6mc","NEGATIVE_CONTROL","dim.clarity","74","heuristic dimension","66"
"c=eefacc554f3b","Ive926sC6mc","NEGATIVE_CONTROL","dim.controversy","30","heuristic dimension","66"
"c=eefacc554f3b","Ive926sC6mc","NEGATIVE_CONTROL","dim.teachingValue","51","heuristic dimension","66"
"c=eefacc554f3b","Ive926sC6mc","NEGATIVE_CONTROL","dim.entertainment","59","heuristic dimension","66"
"c=eefacc554f3b","Ive926sC6mc","NEGATIVE_CONTROL","base_score","67.8","0.55*drivers + 0.45*gates","66"
"c=eefacc554f3b","Ive926sC6mc","NEGATIVE_CONTROL","duration_multiplier","0.979","piecewise duration curve","66"
"c=fb3445576f0c","Ive926sC6mc","NEGATIVE_CONTROL","dim.hook","9","heuristic dimension","56"
"c=fb3445576f0c","Ive926sC6mc","NEGATIVE_CONTROL","dim.curiosity","67","heuristic dimension","56"
"c=fb3445576f0c","Ive926sC6mc","NEGATIVE_CONTROL","dim.emotion","51","heuristic dimension","56"
"c=fb3445576f0c","Ive926sC6mc","NEGATIVE_CONTROL","dim.storytelling","71","heuristic dimension","56"
"c=fb3445576f0c","Ive926sC6mc","NEGATIVE_CONTROL","dim.standalone","46","heuristic dimension","56"
"c=fb3445576f0c","Ive926sC6mc","NEGATIVE_CONTROL","dim.shareability","48","heuristic dimension","56"
"c=fb3445576f0c","Ive926sC6mc","NEGATIVE_CONTROL","dim.clarity","62","heuristic dimension","56"
"c=fb3445576f0c","Ive926sC6mc","NEGATIVE_CONTROL","dim.controversy","30","heuristic dimension","56"
"c=fb3445576f0c","Ive926sC6mc","NEGATIVE_CONTROL","dim.teachingValue","46","heuristic dimension","56"
"c=fb3445576f0c","Ive926sC6mc","NEGATIVE_CONTROL","dim.entertainment","40","heuristic dimension","56"
"c=fb3445576f0c","Ive926sC6mc","NEGATIVE_CONTROL","base_score","55.8","0.55*drivers + 0.45*gates","56"
"c=fb3445576f0c","Ive926sC6mc","NEGATIVE_CONTROL","duration_multiplier","1","piecewise duration curve","56"
"c=f36aee07fbca","Ive926sC6mc","NEGATIVE_CONTROL","dim.hook","46","heuristic dimension","69"
"c=f36aee07fbca","Ive926sC6mc","NEGATIVE_CONTROL","dim.curiosity","83","heuristic dimension","69"
"c=f36aee07fbca","Ive926sC6mc","NEGATIVE_CONTROL","dim.emotion","50","heuristic dimension","69"
"c=f36aee07fbca","Ive926sC6mc","NEGATIVE_CONTROL","dim.storytelling","58","heuristic dimension","69"
"c=f36aee07fbca","Ive926sC6mc","NEGATIVE_CONTROL","dim.standalone","70","heuristic dimension","69"
"c=f36aee07fbca","Ive926sC6mc","NEGATIVE_CONTROL","dim.shareability","48","heuristic dimension","69"
"c=f36aee07fbca","Ive926sC6mc","NEGATIVE_CONTROL","dim.clarity","84","heuristic dimension","69"
"c=f36aee07fbca","Ive926sC6mc","NEGATIVE_CONTROL","dim.controversy","30","heuristic dimension","69"
"c=f36aee07fbca","Ive926sC6mc","NEGATIVE_CONTROL","dim.teachingValue","51","heuristic dimension","69"
"c=f36aee07fbca","Ive926sC6mc","NEGATIVE_CONTROL","dim.entertainment","59","heuristic dimension","69"
"c=f36aee07fbca","Ive926sC6mc","NEGATIVE_CONTROL","base_score","69.2","0.55*drivers + 0.45*gates","69"
"c=f36aee07fbca","Ive926sC6mc","NEGATIVE_CONTROL","duration_multiplier","1","piecewise duration curve","69"
"c=15bc4db7c71c","Ive926sC6mc","NEGATIVE_CONTROL","dim.hook","55","heuristic dimension","68"
"c=15bc4db7c71c","Ive926sC6mc","NEGATIVE_CONTROL","dim.curiosity","68","heuristic dimension","68"
"c=15bc4db7c71c","Ive926sC6mc","NEGATIVE_CONTROL","dim.emotion","46","heuristic dimension","68"
"c=15bc4db7c71c","Ive926sC6mc","NEGATIVE_CONTROL","dim.storytelling","42","heuristic dimension","68"
"c=15bc4db7c71c","Ive926sC6mc","NEGATIVE_CONTROL","dim.standalone","86","heuristic dimension","68"
"c=15bc4db7c71c","Ive926sC6mc","NEGATIVE_CONTROL","dim.shareability","48","heuristic dimension","68"
"c=15bc4db7c71c","Ive926sC6mc","NEGATIVE_CONTROL","dim.clarity","84","heuristic dimension","68"
"c=15bc4db7c71c","Ive926sC6mc","NEGATIVE_CONTROL","dim.controversy","30","heuristic dimension","68"
"c=15bc4db7c71c","Ive926sC6mc","NEGATIVE_CONTROL","dim.teachingValue","46","heuristic dimension","68"
"c=15bc4db7c71c","Ive926sC6mc","NEGATIVE_CONTROL","dim.entertainment","40","heuristic dimension","68"
"c=15bc4db7c71c","Ive926sC6mc","NEGATIVE_CONTROL","base_score","68.1","0.55*drivers + 0.45*gates","68"
"c=15bc4db7c71c","Ive926sC6mc","NEGATIVE_CONTROL","duration_multiplier","1","piecewise duration curve","68"
"c=d20e78763052","Ive926sC6mc","NEGATIVE_CONTROL","dim.hook","46","heuristic dimension","76"
"c=d20e78763052","Ive926sC6mc","NEGATIVE_CONTROL","dim.curiosity","82","heuristic dimension","76"
"c=d20e78763052","Ive926sC6mc","NEGATIVE_CONTROL","dim.emotion","53","heuristic dimension","76"
"c=d20e78763052","Ive926sC6mc","NEGATIVE_CONTROL","dim.storytelling","92","heuristic dimension","76"
"c=d20e78763052","Ive926sC6mc","NEGATIVE_CONTROL","dim.standalone","70","heuristic dimension","76"
"c=d20e78763052","Ive926sC6mc","NEGATIVE_CONTROL","dim.shareability","60","heuristic dimension","76"
"c=d20e78763052","Ive926sC6mc","NEGATIVE_CONTROL","dim.clarity","74","heuristic dimension","76"
"c=d20e78763052","Ive926sC6mc","NEGATIVE_CONTROL","dim.controversy","30","heuristic dimension","76"
"c=d20e78763052","Ive926sC6mc","NEGATIVE_CONTROL","dim.teachingValue","46","heuristic dimension","76"
"c=d20e78763052","Ive926sC6mc","NEGATIVE_CONTROL","dim.entertainment","59","heuristic dimension","76"
"c=d20e78763052","Ive926sC6mc","NEGATIVE_CONTROL","base_score","76.7","0.55*drivers + 0.45*gates","76"
"c=d20e78763052","Ive926sC6mc","NEGATIVE_CONTROL","duration_multiplier","0.993","piecewise duration curve","76"
"c=790da887f28a","Ive926sC6mc","NEGATIVE_CONTROL","dim.hook","46","heuristic dimension","67"
"c=790da887f28a","Ive926sC6mc","NEGATIVE_CONTROL","dim.curiosity","76","heuristic dimension","67"
"c=790da887f28a","Ive926sC6mc","NEGATIVE_CONTROL","dim.emotion","71","heuristic dimension","67"
"c=790da887f28a","Ive926sC6mc","NEGATIVE_CONTROL","dim.storytelling","68","heuristic dimension","67"
"c=790da887f28a","Ive926sC6mc","NEGATIVE_CONTROL","dim.standalone","66","heuristic dimension","67"
"c=790da887f28a","Ive926sC6mc","NEGATIVE_CONTROL","dim.shareability","48","heuristic dimension","67"
"c=790da887f28a","Ive926sC6mc","NEGATIVE_CONTROL","dim.clarity","68","heuristic dimension","67"
"c=790da887f28a","Ive926sC6mc","NEGATIVE_CONTROL","dim.controversy","30","heuristic dimension","67"
"c=790da887f28a","Ive926sC6mc","NEGATIVE_CONTROL","dim.teachingValue","61","heuristic dimension","67"
"c=790da887f28a","Ive926sC6mc","NEGATIVE_CONTROL","dim.entertainment","59","heuristic dimension","67"
"c=790da887f28a","Ive926sC6mc","NEGATIVE_CONTROL","base_score","67.7","0.55*drivers + 0.45*gates","67"
"c=790da887f28a","Ive926sC6mc","NEGATIVE_CONTROL","duration_multiplier","0.992","piecewise duration curve","67"
"c=64904eef664a","Ive926sC6mc","NEGATIVE_CONTROL","dim.hook","46","heuristic dimension","62"
"c=64904eef664a","Ive926sC6mc","NEGATIVE_CONTROL","dim.curiosity","69","heuristic dimension","62"
"c=64904eef664a","Ive926sC6mc","NEGATIVE_CONTROL","dim.emotion","53","heuristic dimension","62"
"c=64904eef664a","Ive926sC6mc","NEGATIVE_CONTROL","dim.storytelling","59","heuristic dimension","62"
"c=64904eef664a","Ive926sC6mc","NEGATIVE_CONTROL","dim.standalone","46","heuristic dimension","62"
"c=64904eef664a","Ive926sC6mc","NEGATIVE_CONTROL","dim.shareability","48","heuristic dimension","62"
"c=64904eef664a","Ive926sC6mc","NEGATIVE_CONTROL","dim.clarity","52","heuristic dimension","62"
"c=64904eef664a","Ive926sC6mc","NEGATIVE_CONTROL","dim.controversy","68","heuristic dimension","62"
"c=64904eef664a","Ive926sC6mc","NEGATIVE_CONTROL","dim.teachingValue","46","heuristic dimension","62"
"c=64904eef664a","Ive926sC6mc","NEGATIVE_CONTROL","dim.entertainment","78","heuristic dimension","62"
"c=64904eef664a","Ive926sC6mc","NEGATIVE_CONTROL","base_score","61.9","0.55*drivers + 0.45*gates","62"
"c=64904eef664a","Ive926sC6mc","NEGATIVE_CONTROL","duration_multiplier","1","piecewise duration curve","62"
"c=e227de47511f","Ive926sC6mc","NEGATIVE_CONTROL","dim.hook","46","heuristic dimension","67"
"c=e227de47511f","Ive926sC6mc","NEGATIVE_CONTROL","dim.curiosity","63","heuristic dimension","67"
"c=e227de47511f","Ive926sC6mc","NEGATIVE_CONTROL","dim.emotion","45","heuristic dimension","67"
"c=e227de47511f","Ive926sC6mc","NEGATIVE_CONTROL","dim.storytelling","55","heuristic dimension","67"
"c=e227de47511f","Ive926sC6mc","NEGATIVE_CONTROL","dim.standalone","86","heuristic dimension","67"
"c=e227de47511f","Ive926sC6mc","NEGATIVE_CONTROL","dim.shareability","54","heuristic dimension","67"
"c=e227de47511f","Ive926sC6mc","NEGATIVE_CONTROL","dim.clarity","84","heuristic dimension","67"
"c=e227de47511f","Ive926sC6mc","NEGATIVE_CONTROL","dim.controversy","30","heuristic dimension","67"
"c=e227de47511f","Ive926sC6mc","NEGATIVE_CONTROL","dim.teachingValue","46","heuristic dimension","67"
"c=e227de47511f","Ive926sC6mc","NEGATIVE_CONTROL","dim.entertainment","59","heuristic dimension","67"
"c=e227de47511f","Ive926sC6mc","NEGATIVE_CONTROL","base_score","66.6","0.55*drivers + 0.45*gates","67"
"c=e227de47511f","Ive926sC6mc","NEGATIVE_CONTROL","duration_multiplier","1","piecewise duration curve","67"
"c=29afaa193e22","Ive926sC6mc","NEGATIVE_CONTROL","dim.hook","42","heuristic dimension","66"
"c=29afaa193e22","Ive926sC6mc","NEGATIVE_CONTROL","dim.curiosity","67","heuristic dimension","66"
"c=29afaa193e22","Ive926sC6mc","NEGATIVE_CONTROL","dim.emotion","71","heuristic dimension","66"
"c=29afaa193e22","Ive926sC6mc","NEGATIVE_CONTROL","dim.storytelling","67","heuristic dimension","66"
"c=29afaa193e22","Ive926sC6mc","NEGATIVE_CONTROL","dim.standalone","74","heuristic dimension","66"
"c=29afaa193e22","Ive926sC6mc","NEGATIVE_CONTROL","dim.shareability","48","heuristic dimension","66"
"c=29afaa193e22","Ive926sC6mc","NEGATIVE_CONTROL","dim.clarity","72","heuristic dimension","66"
"c=29afaa193e22","Ive926sC6mc","NEGATIVE_CONTROL","dim.controversy","30","heuristic dimension","66"
"c=29afaa193e22","Ive926sC6mc","NEGATIVE_CONTROL","dim.teachingValue","66","heuristic dimension","66"
"c=29afaa193e22","Ive926sC6mc","NEGATIVE_CONTROL","dim.entertainment","59","heuristic dimension","66"
"c=29afaa193e22","Ive926sC6mc","NEGATIVE_CONTROL","base_score","66.7","0.55*drivers + 0.45*gates","66"
"c=29afaa193e22","Ive926sC6mc","NEGATIVE_CONTROL","duration_multiplier","0.995","piecewise duration curve","66"
"c=3b416b15c9b5","Ive926sC6mc","NEGATIVE_CONTROL","dim.hook","79","heuristic dimension","80"
"c=3b416b15c9b5","Ive926sC6mc","NEGATIVE_CONTROL","dim.curiosity","69","heuristic dimension","80"
"c=3b416b15c9b5","Ive926sC6mc","NEGATIVE_CONTROL","dim.emotion","100","heuristic dimension","80"
"c=3b416b15c9b5","Ive926sC6mc","NEGATIVE_CONTROL","dim.storytelling","46","heuristic dimension","80"
"c=3b416b15c9b5","Ive926sC6mc","NEGATIVE_CONTROL","dim.standalone","66","heuristic dimension","80"
"c=3b416b15c9b5","Ive926sC6mc","NEGATIVE_CONTROL","dim.shareability","48","heuristic dimension","80"
"c=3b416b15c9b5","Ive926sC6mc","NEGATIVE_CONTROL","dim.clarity","62","heuristic dimension","80"
"c=3b416b15c9b5","Ive926sC6mc","NEGATIVE_CONTROL","dim.controversy","30","heuristic dimension","80"
"c=3b416b15c9b5","Ive926sC6mc","NEGATIVE_CONTROL","dim.teachingValue","51","heuristic dimension","80"
"c=3b416b15c9b5","Ive926sC6mc","NEGATIVE_CONTROL","dim.entertainment","59","heuristic dimension","80"
"c=3b416b15c9b5","Ive926sC6mc","NEGATIVE_CONTROL","base_score","80.1","0.55*drivers + 0.45*gates","80"
"c=3b416b15c9b5","Ive926sC6mc","NEGATIVE_CONTROL","duration_multiplier","1","piecewise duration curve","80"
"c=62635bce5e7d","Ive926sC6mc","NEGATIVE_CONTROL","dim.hook","46","heuristic dimension","68"
"c=62635bce5e7d","Ive926sC6mc","NEGATIVE_CONTROL","dim.curiosity","56","heuristic dimension","68"
"c=62635bce5e7d","Ive926sC6mc","NEGATIVE_CONTROL","dim.emotion","54","heuristic dimension","68"
"c=62635bce5e7d","Ive926sC6mc","NEGATIVE_CONTROL","dim.storytelling","88","heuristic dimension","68"
"c=62635bce5e7d","Ive926sC6mc","NEGATIVE_CONTROL","dim.standalone","66","heuristic dimension","68"
"c=62635bce5e7d","Ive926sC6mc","NEGATIVE_CONTROL","dim.shareability","54","heuristic dimension","68"
"c=62635bce5e7d","Ive926sC6mc","NEGATIVE_CONTROL","dim.clarity","58","heuristic dimension","68"
"c=62635bce5e7d","Ive926sC6mc","NEGATIVE_CONTROL","dim.controversy","49","heuristic dimension","68"
"c=62635bce5e7d","Ive926sC6mc","NEGATIVE_CONTROL","dim.teachingValue","66","heuristic dimension","68"
"c=62635bce5e7d","Ive926sC6mc","NEGATIVE_CONTROL","dim.entertainment","59","heuristic dimension","68"
"c=62635bce5e7d","Ive926sC6mc","NEGATIVE_CONTROL","base_score","68.3","0.55*drivers + 0.45*gates","68"
"c=62635bce5e7d","Ive926sC6mc","NEGATIVE_CONTROL","duration_multiplier","0.996","piecewise duration curve","68"
"c=9ce745240bd3","Ive926sC6mc","NEGATIVE_CONTROL","dim.hook","0","heuristic dimension","57"
"c=9ce745240bd3","Ive926sC6mc","NEGATIVE_CONTROL","dim.curiosity","69","heuristic dimension","57"
"c=9ce745240bd3","Ive926sC6mc","NEGATIVE_CONTROL","dim.emotion","54","heuristic dimension","57"
"c=9ce745240bd3","Ive926sC6mc","NEGATIVE_CONTROL","dim.storytelling","63","heuristic dimension","57"
"c=9ce745240bd3","Ive926sC6mc","NEGATIVE_CONTROL","dim.standalone","46","heuristic dimension","57"
"c=9ce745240bd3","Ive926sC6mc","NEGATIVE_CONTROL","dim.shareability","48","heuristic dimension","57"
"c=9ce745240bd3","Ive926sC6mc","NEGATIVE_CONTROL","dim.clarity","69","heuristic dimension","57"
"c=9ce745240bd3","Ive926sC6mc","NEGATIVE_CONTROL","dim.controversy","30","heuristic dimension","57"
"c=9ce745240bd3","Ive926sC6mc","NEGATIVE_CONTROL","dim.teachingValue","61","heuristic dimension","57"
"c=9ce745240bd3","Ive926sC6mc","NEGATIVE_CONTROL","dim.entertainment","78","heuristic dimension","57"
"c=9ce745240bd3","Ive926sC6mc","NEGATIVE_CONTROL","base_score","58","0.55*drivers + 0.45*gates","57"
"c=9ce745240bd3","Ive926sC6mc","NEGATIVE_CONTROL","duration_multiplier","0.989","piecewise duration curve","57"
"c=22249d26020b","Ive926sC6mc","NEGATIVE_CONTROL","dim.hook","33","heuristic dimension","61"
"c=22249d26020b","Ive926sC6mc","NEGATIVE_CONTROL","dim.curiosity","63","heuristic dimension","61"
"c=22249d26020b","Ive926sC6mc","NEGATIVE_CONTROL","dim.emotion","53","heuristic dimension","61"
"c=22249d26020b","Ive926sC6mc","NEGATIVE_CONTROL","dim.storytelling","63","heuristic dimension","61"
"c=22249d26020b","Ive926sC6mc","NEGATIVE_CONTROL","dim.standalone","70","heuristic dimension","61"
"c=22249d26020b","Ive926sC6mc","NEGATIVE_CONTROL","dim.shareability","48","heuristic dimension","61"
"c=22249d26020b","Ive926sC6mc","NEGATIVE_CONTROL","dim.clarity","68","heuristic dimension","61"
"c=22249d26020b","Ive926sC6mc","NEGATIVE_CONTROL","dim.controversy","30","heuristic dimension","61"
"c=22249d26020b","Ive926sC6mc","NEGATIVE_CONTROL","dim.teachingValue","61","heuristic dimension","61"
"c=22249d26020b","Ive926sC6mc","NEGATIVE_CONTROL","dim.entertainment","40","heuristic dimension","61"
"c=22249d26020b","Ive926sC6mc","NEGATIVE_CONTROL","base_score","60.9","0.55*drivers + 0.45*gates","61"
"c=22249d26020b","Ive926sC6mc","NEGATIVE_CONTROL","duration_multiplier","1","piecewise duration curve","61"
"c=0715279202c9","Ive926sC6mc","NEGATIVE_CONTROL","dim.hook","46","heuristic dimension","70"
"c=0715279202c9","Ive926sC6mc","NEGATIVE_CONTROL","dim.curiosity","63","heuristic dimension","70"
"c=0715279202c9","Ive926sC6mc","NEGATIVE_CONTROL","dim.emotion","63","heuristic dimension","70"
"c=0715279202c9","Ive926sC6mc","NEGATIVE_CONTROL","dim.storytelling","71","heuristic dimension","70"
"c=0715279202c9","Ive926sC6mc","NEGATIVE_CONTROL","dim.standalone","86","heuristic dimension","70"
"c=0715279202c9","Ive926sC6mc","NEGATIVE_CONTROL","dim.shareability","48","heuristic dimension","70"
"c=0715279202c9","Ive926sC6mc","NEGATIVE_CONTROL","dim.clarity","84","heuristic dimension","70"
"c=0715279202c9","Ive926sC6mc","NEGATIVE_CONTROL","dim.controversy","30","heuristic dimension","70"
"c=0715279202c9","Ive926sC6mc","NEGATIVE_CONTROL","dim.teachingValue","46","heuristic dimension","70"
"c=0715279202c9","Ive926sC6mc","NEGATIVE_CONTROL","dim.entertainment","59","heuristic dimension","70"
"c=0715279202c9","Ive926sC6mc","NEGATIVE_CONTROL","base_score","69.9","0.55*drivers + 0.45*gates","70"
"c=0715279202c9","Ive926sC6mc","NEGATIVE_CONTROL","duration_multiplier","1","piecewise duration curve","70"
"c=0eefa9fa69ca","Ive926sC6mc","NEGATIVE_CONTROL","dim.hook","20","heuristic dimension","61"
"c=0eefa9fa69ca","Ive926sC6mc","NEGATIVE_CONTROL","dim.curiosity","83","heuristic dimension","61"
"c=0eefa9fa69ca","Ive926sC6mc","NEGATIVE_CONTROL","dim.emotion","54","heuristic dimension","61"
"c=0eefa9fa69ca","Ive926sC6mc","NEGATIVE_CONTROL","dim.storytelling","54","heuristic dimension","61"
"c=0eefa9fa69ca","Ive926sC6mc","NEGATIVE_CONTROL","dim.standalone","74","heuristic dimension","61"
"c=0eefa9fa69ca","Ive926sC6mc","NEGATIVE_CONTROL","dim.shareability","48","heuristic dimension","61"
"c=0eefa9fa69ca","Ive926sC6mc","NEGATIVE_CONTROL","dim.clarity","41","heuristic dimension","61"
"c=0eefa9fa69ca","Ive926sC6mc","NEGATIVE_CONTROL","dim.controversy","30","heuristic dimension","61"
"c=0eefa9fa69ca","Ive926sC6mc","NEGATIVE_CONTROL","dim.teachingValue","61","heuristic dimension","61"
"c=0eefa9fa69ca","Ive926sC6mc","NEGATIVE_CONTROL","dim.entertainment","40","heuristic dimension","61"
"c=0eefa9fa69ca","Ive926sC6mc","NEGATIVE_CONTROL","base_score","61.2","0.55*drivers + 0.45*gates","61"
"c=0eefa9fa69ca","Ive926sC6mc","NEGATIVE_CONTROL","duration_multiplier","1","piecewise duration curve","61"
"c=732e4ad5f7ef","Ive926sC6mc","NEGATIVE_CONTROL","dim.hook","22","heuristic dimension","65"
"c=732e4ad5f7ef","Ive926sC6mc","NEGATIVE_CONTROL","dim.curiosity","82","heuristic dimension","65"
"c=732e4ad5f7ef","Ive926sC6mc","NEGATIVE_CONTROL","dim.emotion","87","heuristic dimension","65"
"c=732e4ad5f7ef","Ive926sC6mc","NEGATIVE_CONTROL","dim.storytelling","54","heuristic dimension","65"
"c=732e4ad5f7ef","Ive926sC6mc","NEGATIVE_CONTROL","dim.standalone","38","heuristic dimension","65"
"c=732e4ad5f7ef","Ive926sC6mc","NEGATIVE_CONTROL","dim.shareability","48","heuristic dimension","65"
"c=732e4ad5f7ef","Ive926sC6mc","NEGATIVE_CONTROL","dim.clarity","69","heuristic dimension","65"
"c=732e4ad5f7ef","Ive926sC6mc","NEGATIVE_CONTROL","dim.controversy","30","heuristic dimension","65"
"c=732e4ad5f7ef","Ive926sC6mc","NEGATIVE_CONTROL","dim.teachingValue","76","heuristic dimension","65"
"c=732e4ad5f7ef","Ive926sC6mc","NEGATIVE_CONTROL","dim.entertainment","40","heuristic dimension","65"
"c=732e4ad5f7ef","Ive926sC6mc","NEGATIVE_CONTROL","base_score","65.6","0.55*drivers + 0.45*gates","65"
"c=732e4ad5f7ef","Ive926sC6mc","NEGATIVE_CONTROL","duration_multiplier","0.992","piecewise duration curve","65"
"c=4393357e447d","Ive926sC6mc","NEGATIVE_CONTROL","dim.hook","22","heuristic dimension","64"
"c=4393357e447d","Ive926sC6mc","NEGATIVE_CONTROL","dim.curiosity","67","heuristic dimension","64"
"c=4393357e447d","Ive926sC6mc","NEGATIVE_CONTROL","dim.emotion","76","heuristic dimension","64"
"c=4393357e447d","Ive926sC6mc","NEGATIVE_CONTROL","dim.storytelling","42","heuristic dimension","64"
"c=4393357e447d","Ive926sC6mc","NEGATIVE_CONTROL","dim.standalone","62","heuristic dimension","64"
"c=4393357e447d","Ive926sC6mc","NEGATIVE_CONTROL","dim.shareability","48","heuristic dimension","64"
"c=4393357e447d","Ive926sC6mc","NEGATIVE_CONTROL","dim.clarity","76","heuristic dimension","64"
"c=4393357e447d","Ive926sC6mc","NEGATIVE_CONTROL","dim.controversy","30","heuristic dimension","64"
"c=4393357e447d","Ive926sC6mc","NEGATIVE_CONTROL","dim.teachingValue","46","heuristic dimension","64"
"c=4393357e447d","Ive926sC6mc","NEGATIVE_CONTROL","dim.entertainment","40","heuristic dimension","64"
"c=4393357e447d","Ive926sC6mc","NEGATIVE_CONTROL","base_score","63.7","0.55*drivers + 0.45*gates","64"
"c=4393357e447d","Ive926sC6mc","NEGATIVE_CONTROL","duration_multiplier","1","piecewise duration curve","64"
"c=ff14d31e95b7","Ive926sC6mc","NEGATIVE_CONTROL","dim.hook","46","heuristic dimension","68"
"c=ff14d31e95b7","Ive926sC6mc","NEGATIVE_CONTROL","dim.curiosity","82","heuristic dimension","68"
"c=ff14d31e95b7","Ive926sC6mc","NEGATIVE_CONTROL","dim.emotion","68","heuristic dimension","68"
"c=ff14d31e95b7","Ive926sC6mc","NEGATIVE_CONTROL","dim.storytelling","58","heuristic dimension","68"
"c=ff14d31e95b7","Ive926sC6mc","NEGATIVE_CONTROL","dim.standalone","70","heuristic dimension","68"
"c=ff14d31e95b7","Ive926sC6mc","NEGATIVE_CONTROL","dim.shareability","48","heuristic dimension","68"
"c=ff14d31e95b7","Ive926sC6mc","NEGATIVE_CONTROL","dim.clarity","68","heuristic dimension","68"
"c=ff14d31e95b7","Ive926sC6mc","NEGATIVE_CONTROL","dim.controversy","30","heuristic dimension","68"
"c=ff14d31e95b7","Ive926sC6mc","NEGATIVE_CONTROL","dim.teachingValue","61","heuristic dimension","68"
"c=ff14d31e95b7","Ive926sC6mc","NEGATIVE_CONTROL","dim.entertainment","59","heuristic dimension","68"
"c=ff14d31e95b7","Ive926sC6mc","NEGATIVE_CONTROL","base_score","69.2","0.55*drivers + 0.45*gates","68"
"c=ff14d31e95b7","Ive926sC6mc","NEGATIVE_CONTROL","duration_multiplier","0.985","piecewise duration curve","68"
"c=74d58e09e618","Ive926sC6mc","NEGATIVE_CONTROL","dim.hook","55","heuristic dimension","70"
"c=74d58e09e618","Ive926sC6mc","NEGATIVE_CONTROL","dim.curiosity","82","heuristic dimension","70"
"c=74d58e09e618","Ive926sC6mc","NEGATIVE_CONTROL","dim.emotion","62","heuristic dimension","70"
"c=74d58e09e618","Ive926sC6mc","NEGATIVE_CONTROL","dim.storytelling","58","heuristic dimension","70"
"c=74d58e09e618","Ive926sC6mc","NEGATIVE_CONTROL","dim.standalone","70","heuristic dimension","70"
"c=74d58e09e618","Ive926sC6mc","NEGATIVE_CONTROL","dim.shareability","54","heuristic dimension","70"
"c=74d58e09e618","Ive926sC6mc","NEGATIVE_CONTROL","dim.clarity","71","heuristic dimension","70"
"c=74d58e09e618","Ive926sC6mc","NEGATIVE_CONTROL","dim.controversy","49","heuristic dimension","70"
"c=74d58e09e618","Ive926sC6mc","NEGATIVE_CONTROL","dim.teachingValue","66","heuristic dimension","70"
"c=74d58e09e618","Ive926sC6mc","NEGATIVE_CONTROL","dim.entertainment","40","heuristic dimension","70"
"c=74d58e09e618","Ive926sC6mc","NEGATIVE_CONTROL","base_score","70.3","0.55*drivers + 0.45*gates","70"
"c=74d58e09e618","Ive926sC6mc","NEGATIVE_CONTROL","duration_multiplier","1","piecewise duration curve","70"
"c=10c31cb4400e","Ive926sC6mc","NEGATIVE_CONTROL","dim.hook","46","heuristic dimension","66"
"c=10c31cb4400e","Ive926sC6mc","NEGATIVE_CONTROL","dim.curiosity","69","heuristic dimension","66"
"c=10c31cb4400e","Ive926sC6mc","NEGATIVE_CONTROL","dim.emotion","48","heuristic dimension","66"
"c=10c31cb4400e","Ive926sC6mc","NEGATIVE_CONTROL","dim.storytelling","71","heuristic dimension","66"
"c=10c31cb4400e","Ive926sC6mc","NEGATIVE_CONTROL","dim.standalone","70","heuristic dimension","66"
"c=10c31cb4400e","Ive926sC6mc","NEGATIVE_CONTROL","dim.shareability","48","heuristic dimension","66"
"c=10c31cb4400e","Ive926sC6mc","NEGATIVE_CONTROL","dim.clarity","68","heuristic dimension","66"
"c=10c31cb4400e","Ive926sC6mc","NEGATIVE_CONTROL","dim.controversy","30","heuristic dimension","66"
"c=10c31cb4400e","Ive926sC6mc","NEGATIVE_CONTROL","dim.teachingValue","61","heuristic dimension","66"
"c=10c31cb4400e","Ive926sC6mc","NEGATIVE_CONTROL","dim.entertainment","59","heuristic dimension","66"
"c=10c31cb4400e","Ive926sC6mc","NEGATIVE_CONTROL","base_score","66.5","0.55*drivers + 0.45*gates","66"
"c=10c31cb4400e","Ive926sC6mc","NEGATIVE_CONTROL","duration_multiplier","1","piecewise duration curve","66"
"c=fd3af6fdd140","Ive926sC6mc","NEGATIVE_CONTROL","dim.hook","22","heuristic dimension","68"
"c=fd3af6fdd140","Ive926sC6mc","NEGATIVE_CONTROL","dim.curiosity","69","heuristic dimension","68"
"c=fd3af6fdd140","Ive926sC6mc","NEGATIVE_CONTROL","dim.emotion","54","heuristic dimension","68"
"c=fd3af6fdd140","Ive926sC6mc","NEGATIVE_CONTROL","dim.storytelling","96","heuristic dimension","68"
"c=fd3af6fdd140","Ive926sC6mc","NEGATIVE_CONTROL","dim.standalone","46","heuristic dimension","68"
"c=fd3af6fdd140","Ive926sC6mc","NEGATIVE_CONTROL","dim.shareability","48","heuristic dimension","68"
"c=fd3af6fdd140","Ive926sC6mc","NEGATIVE_CONTROL","dim.clarity","84","heuristic dimension","68"
"c=fd3af6fdd140","Ive926sC6mc","NEGATIVE_CONTROL","dim.controversy","30","heuristic dimension","68"
"c=fd3af6fdd140","Ive926sC6mc","NEGATIVE_CONTROL","dim.teachingValue","51","heuristic dimension","68"
"c=fd3af6fdd140","Ive926sC6mc","NEGATIVE_CONTROL","dim.entertainment","40","heuristic dimension","68"
"c=fd3af6fdd140","Ive926sC6mc","NEGATIVE_CONTROL","base_score","68","0.55*drivers + 0.45*gates","68"
"c=fd3af6fdd140","Ive926sC6mc","NEGATIVE_CONTROL","duration_multiplier","1","piecewise duration curve","68"
"c=0993798a6756","Ive926sC6mc","NEGATIVE_CONTROL","dim.hook","42","heuristic dimension","65"
"c=0993798a6756","Ive926sC6mc","NEGATIVE_CONTROL","dim.curiosity","69","heuristic dimension","65"
"c=0993798a6756","Ive926sC6mc","NEGATIVE_CONTROL","dim.emotion","72","heuristic dimension","65"
"c=0993798a6756","Ive926sC6mc","NEGATIVE_CONTROL","dim.storytelling","84","heuristic dimension","65"
"c=0993798a6756","Ive926sC6mc","NEGATIVE_CONTROL","dim.standalone","70","heuristic dimension","65"
"c=0993798a6756","Ive926sC6mc","NEGATIVE_CONTROL","dim.shareability","48","heuristic dimension","65"
"c=0993798a6756","Ive926sC6mc","NEGATIVE_CONTROL","dim.clarity","54","heuristic dimension","65"
"c=0993798a6756","Ive926sC6mc","NEGATIVE_CONTROL","dim.controversy","49","heuristic dimension","65"
"c=0993798a6756","Ive926sC6mc","NEGATIVE_CONTROL","dim.teachingValue","46","heuristic dimension","65"
"c=0993798a6756","Ive926sC6mc","NEGATIVE_CONTROL","dim.entertainment","59","heuristic dimension","65"
"c=0993798a6756","Ive926sC6mc","NEGATIVE_CONTROL","base_score","68.5","0.55*drivers + 0.45*gates","65"
"c=0993798a6756","Ive926sC6mc","NEGATIVE_CONTROL","duration_multiplier","0.946","piecewise duration curve","65"
"c=4fbd11552d31","Ive926sC6mc","NEGATIVE_CONTROL","dim.hook","22","heuristic dimension","58"
"c=4fbd11552d31","Ive926sC6mc","NEGATIVE_CONTROL","dim.curiosity","82","heuristic dimension","58"
"c=4fbd11552d31","Ive926sC6mc","NEGATIVE_CONTROL","dim.emotion","54","heuristic dimension","58"
"c=4fbd11552d31","Ive926sC6mc","NEGATIVE_CONTROL","dim.storytelling","67","heuristic dimension","58"
"c=4fbd11552d31","Ive926sC6mc","NEGATIVE_CONTROL","dim.standalone","22","heuristic dimension","58"
"c=4fbd11552d31","Ive926sC6mc","NEGATIVE_CONTROL","dim.shareability","48","heuristic dimension","58"
"c=4fbd11552d31","Ive926sC6mc","NEGATIVE_CONTROL","dim.clarity","79","heuristic dimension","58"
"c=4fbd11552d31","Ive926sC6mc","NEGATIVE_CONTROL","dim.controversy","30","heuristic dimension","58"
"c=4fbd11552d31","Ive926sC6mc","NEGATIVE_CONTROL","dim.teachingValue","61","heuristic dimension","58"
"c=4fbd11552d31","Ive926sC6mc","NEGATIVE_CONTROL","dim.entertainment","59","heuristic dimension","58"
"c=4fbd11552d31","Ive926sC6mc","NEGATIVE_CONTROL","base_score","58.6","0.55*drivers + 0.45*gates","58"
"c=4fbd11552d31","Ive926sC6mc","NEGATIVE_CONTROL","duration_multiplier","0.993","piecewise duration curve","58"
"c=3dea3e5457fa","Ive926sC6mc","NEGATIVE_CONTROL","dim.hook","46","heuristic dimension","66"
"c=3dea3e5457fa","Ive926sC6mc","NEGATIVE_CONTROL","dim.curiosity","56","heuristic dimension","66"
"c=3dea3e5457fa","Ive926sC6mc","NEGATIVE_CONTROL","dim.emotion","53","heuristic dimension","66"
"c=3dea3e5457fa","Ive926sC6mc","NEGATIVE_CONTROL","dim.storytelling","68","heuristic dimension","66"
"c=3dea3e5457fa","Ive926sC6mc","NEGATIVE_CONTROL","dim.standalone","54","heuristic dimension","66"
"c=3dea3e5457fa","Ive926sC6mc","NEGATIVE_CONTROL","dim.shareability","48","heuristic dimension","66"
"c=3dea3e5457fa","Ive926sC6mc","NEGATIVE_CONTROL","dim.clarity","74","heuristic dimension","66"
"c=3dea3e5457fa","Ive926sC6mc","NEGATIVE_CONTROL","dim.controversy","30","heuristic dimension","66"
"c=3dea3e5457fa","Ive926sC6mc","NEGATIVE_CONTROL","dim.teachingValue","51","heuristic dimension","66"
"c=3dea3e5457fa","Ive926sC6mc","NEGATIVE_CONTROL","dim.entertainment","78","heuristic dimension","66"
"c=3dea3e5457fa","Ive926sC6mc","NEGATIVE_CONTROL","base_score","66.1","0.55*drivers + 0.45*gates","66"
"c=3dea3e5457fa","Ive926sC6mc","NEGATIVE_CONTROL","duration_multiplier","0.998","piecewise duration curve","66"
"c=4dd5f671a4bf","Ive926sC6mc","NEGATIVE_CONTROL","dim.hook","9","heuristic dimension","56"
"c=4dd5f671a4bf","Ive926sC6mc","NEGATIVE_CONTROL","dim.curiosity","89","heuristic dimension","56"
"c=4dd5f671a4bf","Ive926sC6mc","NEGATIVE_CONTROL","dim.emotion","54","heuristic dimension","56"
"c=4dd5f671a4bf","Ive926sC6mc","NEGATIVE_CONTROL","dim.storytelling","71","heuristic dimension","56"
"c=4dd5f671a4bf","Ive926sC6mc","NEGATIVE_CONTROL","dim.standalone","22","heuristic dimension","56"
"c=4dd5f671a4bf","Ive926sC6mc","NEGATIVE_CONTROL","dim.shareability","48","heuristic dimension","56"
"c=4dd5f671a4bf","Ive926sC6mc","NEGATIVE_CONTROL","dim.clarity","53","heuristic dimension","56"
"c=4dd5f671a4bf","Ive926sC6mc","NEGATIVE_CONTROL","dim.controversy","30","heuristic dimension","56"
"c=4dd5f671a4bf","Ive926sC6mc","NEGATIVE_CONTROL","dim.teachingValue","51","heuristic dimension","56"
"c=4dd5f671a4bf","Ive926sC6mc","NEGATIVE_CONTROL","dim.entertainment","59","heuristic dimension","56"
"c=4dd5f671a4bf","Ive926sC6mc","NEGATIVE_CONTROL","base_score","56.3","0.55*drivers + 0.45*gates","56"
"c=4dd5f671a4bf","Ive926sC6mc","NEGATIVE_CONTROL","duration_multiplier","0.998","piecewise duration curve","56"
"c=5c8e458608a5","Ive926sC6mc","NEGATIVE_CONTROL","dim.hook","20","heuristic dimension","62"
"c=5c8e458608a5","Ive926sC6mc","NEGATIVE_CONTROL","dim.curiosity","56","heuristic dimension","62"
"c=5c8e458608a5","Ive926sC6mc","NEGATIVE_CONTROL","dim.emotion","57","heuristic dimension","62"
"c=5c8e458608a5","Ive926sC6mc","NEGATIVE_CONTROL","dim.storytelling","59","heuristic dimension","62"
"c=5c8e458608a5","Ive926sC6mc","NEGATIVE_CONTROL","dim.standalone","86","heuristic dimension","62"
"c=5c8e458608a5","Ive926sC6mc","NEGATIVE_CONTROL","dim.shareability","48","heuristic dimension","62"
"c=5c8e458608a5","Ive926sC6mc","NEGATIVE_CONTROL","dim.clarity","54","heuristic dimension","62"
"c=5c8e458608a5","Ive926sC6mc","NEGATIVE_CONTROL","dim.controversy","49","heuristic dimension","62"
"c=5c8e458608a5","Ive926sC6mc","NEGATIVE_CONTROL","dim.teachingValue","61","heuristic dimension","62"
"c=5c8e458608a5","Ive926sC6mc","NEGATIVE_CONTROL","dim.entertainment","78","heuristic dimension","62"
"c=5c8e458608a5","Ive926sC6mc","NEGATIVE_CONTROL","base_score","63.7","0.55*drivers + 0.45*gates","62"
"c=5c8e458608a5","Ive926sC6mc","NEGATIVE_CONTROL","duration_multiplier","0.979","piecewise duration curve","62"
"c=39809f08d870","Ive926sC6mc","NEGATIVE_CONTROL","dim.hook","22","heuristic dimension","57"
"c=39809f08d870","Ive926sC6mc","NEGATIVE_CONTROL","dim.curiosity","70","heuristic dimension","57"
"c=39809f08d870","Ive926sC6mc","NEGATIVE_CONTROL","dim.emotion","44","heuristic dimension","57"
"c=39809f08d870","Ive926sC6mc","NEGATIVE_CONTROL","dim.storytelling","58","heuristic dimension","57"
"c=39809f08d870","Ive926sC6mc","NEGATIVE_CONTROL","dim.standalone","46","heuristic dimension","57"
"c=39809f08d870","Ive926sC6mc","NEGATIVE_CONTROL","dim.shareability","48","heuristic dimension","57"
"c=39809f08d870","Ive926sC6mc","NEGATIVE_CONTROL","dim.clarity","75","heuristic dimension","57"
"c=39809f08d870","Ive926sC6mc","NEGATIVE_CONTROL","dim.controversy","30","heuristic dimension","57"
"c=39809f08d870","Ive926sC6mc","NEGATIVE_CONTROL","dim.teachingValue","51","heuristic dimension","57"
"c=39809f08d870","Ive926sC6mc","NEGATIVE_CONTROL","dim.entertainment","40","heuristic dimension","57"
"c=39809f08d870","Ive926sC6mc","NEGATIVE_CONTROL","base_score","56.6","0.55*drivers + 0.45*gates","57"
"c=39809f08d870","Ive926sC6mc","NEGATIVE_CONTROL","duration_multiplier","1","piecewise duration curve","57"
"c=b356115ea703","Ive926sC6mc","NEGATIVE_CONTROL","dim.hook","46","heuristic dimension","66"
"c=b356115ea703","Ive926sC6mc","NEGATIVE_CONTROL","dim.curiosity","69","heuristic dimension","66"
"c=b356115ea703","Ive926sC6mc","NEGATIVE_CONTROL","dim.emotion","49","heuristic dimension","66"
"c=b356115ea703","Ive926sC6mc","NEGATIVE_CONTROL","dim.storytelling","58","heuristic dimension","66"
"c=b356115ea703","Ive926sC6mc","NEGATIVE_CONTROL","dim.standalone","86","heuristic dimension","66"
"c=b356115ea703","Ive926sC6mc","NEGATIVE_CONTROL","dim.shareability","48","heuristic dimension","66"
"c=b356115ea703","Ive926sC6mc","NEGATIVE_CONTROL","dim.clarity","65","heuristic dimension","66"
"c=b356115ea703","Ive926sC6mc","NEGATIVE_CONTROL","dim.controversy","30","heuristic dimension","66"
"c=b356115ea703","Ive926sC6mc","NEGATIVE_CONTROL","dim.teachingValue","61","heuristic dimension","66"
"c=b356115ea703","Ive926sC6mc","NEGATIVE_CONTROL","dim.entertainment","59","heuristic dimension","66"
"c=b356115ea703","Ive926sC6mc","NEGATIVE_CONTROL","base_score","66.2","0.55*drivers + 0.45*gates","66"
"c=b356115ea703","Ive926sC6mc","NEGATIVE_CONTROL","duration_multiplier","0.996","piecewise duration curve","66"
"c=efc96b5ff357","3NSC5nps3OM","NEGATIVE_CONTROL","dim.hook","22","heuristic dimension","58"
"c=efc96b5ff357","3NSC5nps3OM","NEGATIVE_CONTROL","dim.curiosity","56","heuristic dimension","58"
"c=efc96b5ff357","3NSC5nps3OM","NEGATIVE_CONTROL","dim.emotion","54","heuristic dimension","58"
"c=efc96b5ff357","3NSC5nps3OM","NEGATIVE_CONTROL","dim.storytelling","68","heuristic dimension","58"
"c=efc96b5ff357","3NSC5nps3OM","NEGATIVE_CONTROL","dim.standalone","62","heuristic dimension","58"
"c=efc96b5ff357","3NSC5nps3OM","NEGATIVE_CONTROL","dim.shareability","54","heuristic dimension","58"
"c=efc96b5ff357","3NSC5nps3OM","NEGATIVE_CONTROL","dim.clarity","76","heuristic dimension","58"
"c=efc96b5ff357","3NSC5nps3OM","NEGATIVE_CONTROL","dim.controversy","30","heuristic dimension","58"
"c=efc96b5ff357","3NSC5nps3OM","NEGATIVE_CONTROL","dim.teachingValue","46","heuristic dimension","58"
"c=efc96b5ff357","3NSC5nps3OM","NEGATIVE_CONTROL","dim.entertainment","40","heuristic dimension","58"
"c=efc96b5ff357","3NSC5nps3OM","NEGATIVE_CONTROL","base_score","58.5","0.55*drivers + 0.45*gates","58"
"c=efc96b5ff357","3NSC5nps3OM","NEGATIVE_CONTROL","duration_multiplier","1","piecewise duration curve","58"
"c=0b7365711665","3NSC5nps3OM","NEGATIVE_CONTROL","dim.hook","46","heuristic dimension","67"
"c=0b7365711665","3NSC5nps3OM","NEGATIVE_CONTROL","dim.curiosity","50","heuristic dimension","67"
"c=0b7365711665","3NSC5nps3OM","NEGATIVE_CONTROL","dim.emotion","75","heuristic dimension","67"
"c=0b7365711665","3NSC5nps3OM","NEGATIVE_CONTROL","dim.storytelling","46","heuristic dimension","67"
"c=0b7365711665","3NSC5nps3OM","NEGATIVE_CONTROL","dim.standalone","86","heuristic dimension","67"
"c=0b7365711665","3NSC5nps3OM","NEGATIVE_CONTROL","dim.shareability","48","heuristic dimension","67"
"c=0b7365711665","3NSC5nps3OM","NEGATIVE_CONTROL","dim.clarity","84","heuristic dimension","67"
"c=0b7365711665","3NSC5nps3OM","NEGATIVE_CONTROL","dim.controversy","30","heuristic dimension","67"
"c=0b7365711665","3NSC5nps3OM","NEGATIVE_CONTROL","dim.teachingValue","46","heuristic dimension","67"
"c=0b7365711665","3NSC5nps3OM","NEGATIVE_CONTROL","dim.entertainment","40","heuristic dimension","67"
"c=0b7365711665","3NSC5nps3OM","NEGATIVE_CONTROL","base_score","67.4","0.55*drivers + 0.45*gates","67"
"c=0b7365711665","3NSC5nps3OM","NEGATIVE_CONTROL","duration_multiplier","1","piecewise duration curve","67"
"c=a9454d171520","3NSC5nps3OM","NEGATIVE_CONTROL","dim.hook","20","heuristic dimension","64"
"c=a9454d171520","3NSC5nps3OM","NEGATIVE_CONTROL","dim.curiosity","82","heuristic dimension","64"
"c=a9454d171520","3NSC5nps3OM","NEGATIVE_CONTROL","dim.emotion","73","heuristic dimension","64"
"c=a9454d171520","3NSC5nps3OM","NEGATIVE_CONTROL","dim.storytelling","72","heuristic dimension","64"
"c=a9454d171520","3NSC5nps3OM","NEGATIVE_CONTROL","dim.standalone","70","heuristic dimension","64"
"c=a9454d171520","3NSC5nps3OM","NEGATIVE_CONTROL","dim.shareability","54","heuristic dimension","64"
"c=a9454d171520","3NSC5nps3OM","NEGATIVE_CONTROL","dim.clarity","49","heuristic dimension","64"
"c=a9454d171520","3NSC5nps3OM","NEGATIVE_CONTROL","dim.controversy","30","heuristic dimension","64"
"c=a9454d171520","3NSC5nps3OM","NEGATIVE_CONTROL","dim.teachingValue","51","heuristic dimension","64"
"c=a9454d171520","3NSC5nps3OM","NEGATIVE_CONTROL","dim.entertainment","59","heuristic dimension","64"
"c=a9454d171520","3NSC5nps3OM","NEGATIVE_CONTROL","base_score","64.5","0.55*drivers + 0.45*gates","64"
"c=a9454d171520","3NSC5nps3OM","NEGATIVE_CONTROL","duration_multiplier","0.991","piecewise duration curve","64"
"c=0a8930d6547d","3NSC5nps3OM","NEGATIVE_CONTROL","dim.hook","33","heuristic dimension","68"
"c=0a8930d6547d","3NSC5nps3OM","NEGATIVE_CONTROL","dim.curiosity","67","heuristic dimension","68"
"c=0a8930d6547d","3NSC5nps3OM","NEGATIVE_CONTROL","dim.emotion","64","heuristic dimension","68"
"c=0a8930d6547d","3NSC5nps3OM","NEGATIVE_CONTROL","dim.storytelling","71","heuristic dimension","68"
"c=0a8930d6547d","3NSC5nps3OM","NEGATIVE_CONTROL","dim.standalone","86","heuristic dimension","68"
"c=0a8930d6547d","3NSC5nps3OM","NEGATIVE_CONTROL","dim.shareability","54","heuristic dimension","68"
"c=0a8930d6547d","3NSC5nps3OM","NEGATIVE_CONTROL","dim.clarity","78","heuristic dimension","68"
"c=0a8930d6547d","3NSC5nps3OM","NEGATIVE_CONTROL","dim.controversy","30","heuristic dimension","68"
"c=0a8930d6547d","3NSC5nps3OM","NEGATIVE_CONTROL","dim.teachingValue","46","heuristic dimension","68"
"c=0a8930d6547d","3NSC5nps3OM","NEGATIVE_CONTROL","dim.entertainment","59","heuristic dimension","68"
"c=0a8930d6547d","3NSC5nps3OM","NEGATIVE_CONTROL","base_score","68.4","0.55*drivers + 0.45*gates","68"
"c=0a8930d6547d","3NSC5nps3OM","NEGATIVE_CONTROL","duration_multiplier","0.995","piecewise duration curve","68"
"c=7ad4c7ea26e1","3NSC5nps3OM","NEGATIVE_CONTROL","dim.hook","46","heuristic dimension","71"
"c=7ad4c7ea26e1","3NSC5nps3OM","NEGATIVE_CONTROL","dim.curiosity","69","heuristic dimension","71"
"c=7ad4c7ea26e1","3NSC5nps3OM","NEGATIVE_CONTROL","dim.emotion","58","heuristic dimension","71"
"c=7ad4c7ea26e1","3NSC5nps3OM","NEGATIVE_CONTROL","dim.storytelling","54","heuristic dimension","71"
"c=7ad4c7ea26e1","3NSC5nps3OM","NEGATIVE_CONTROL","dim.standalone","86","heuristic dimension","71"
"c=7ad4c7ea26e1","3NSC5nps3OM","NEGATIVE_CONTROL","dim.shareability","48","heuristic dimension","71"
"c=7ad4c7ea26e1","3NSC5nps3OM","NEGATIVE_CONTROL","dim.clarity","72","heuristic dimension","71"
"c=7ad4c7ea26e1","3NSC5nps3OM","NEGATIVE_CONTROL","dim.controversy","30","heuristic dimension","71"
"c=7ad4c7ea26e1","3NSC5nps3OM","NEGATIVE_CONTROL","dim.teachingValue","46","heuristic dimension","71"
"c=7ad4c7ea26e1","3NSC5nps3OM","NEGATIVE_CONTROL","dim.entertainment","78","heuristic dimension","71"
"c=7ad4c7ea26e1","3NSC5nps3OM","NEGATIVE_CONTROL","base_score","71.8","0.55*drivers + 0.45*gates","71"
"c=7ad4c7ea26e1","3NSC5nps3OM","NEGATIVE_CONTROL","duration_multiplier","0.995","piecewise duration curve","71"
"c=0ea0eec5861d","3NSC5nps3OM","NEGATIVE_CONTROL","dim.hook","22","heuristic dimension","69"
"c=0ea0eec5861d","3NSC5nps3OM","NEGATIVE_CONTROL","dim.curiosity","54","heuristic dimension","69"
"c=0ea0eec5861d","3NSC5nps3OM","NEGATIVE_CONTROL","dim.emotion","54","heuristic dimension","69"
"c=0ea0eec5861d","3NSC5nps3OM","NEGATIVE_CONTROL","dim.storytelling","84","heuristic dimension","69"
"c=0ea0eec5861d","3NSC5nps3OM","NEGATIVE_CONTROL","dim.standalone","62","heuristic dimension","69"
"c=0ea0eec5861d","3NSC5nps3OM","NEGATIVE_CONTROL","dim.shareability","48","heuristic dimension","69"
"c=0ea0eec5861d","3NSC5nps3OM","NEGATIVE_CONTROL","dim.clarity","77","heuristic dimension","69"
"c=0ea0eec5861d","3NSC5nps3OM","NEGATIVE_CONTROL","dim.controversy","30","heuristic dimension","69"
"c=0ea0eec5861d","3NSC5nps3OM","NEGATIVE_CONTROL","dim.teachingValue","51","heuristic dimension","69"
"c=0ea0eec5861d","3NSC5nps3OM","NEGATIVE_CONTROL","dim.entertainment","78","heuristic dimension","69"
"c=0ea0eec5861d","3NSC5nps3OM","NEGATIVE_CONTROL","base_score","69.1","0.55*drivers + 0.45*gates","69"
"c=0ea0eec5861d","3NSC5nps3OM","NEGATIVE_CONTROL","duration_multiplier","0.997","piecewise duration curve","69"
"c=bb5e426b24d4","3NSC5nps3OM","NEGATIVE_CONTROL","dim.hook","46","heuristic dimension","73"
"c=bb5e426b24d4","3NSC5nps3OM","NEGATIVE_CONTROL","dim.curiosity","56","heuristic dimension","73"
"c=bb5e426b24d4","3NSC5nps3OM","NEGATIVE_CONTROL","dim.emotion","73","heuristic dimension","73"
"c=bb5e426b24d4","3NSC5nps3OM","NEGATIVE_CONTROL","dim.storytelling","75","heuristic dimension","73"
"c=bb5e426b24d4","3NSC5nps3OM","NEGATIVE_CONTROL","dim.standalone","86","heuristic dimension","73"
"c=bb5e426b24d4","3NSC5nps3OM","NEGATIVE_CONTROL","dim.shareability","48","heuristic dimension","73"
"c=bb5e426b24d4","3NSC5nps3OM","NEGATIVE_CONTROL","dim.clarity","78","heuristic dimension","73"
"c=bb5e426b24d4","3NSC5nps3OM","NEGATIVE_CONTROL","dim.controversy","30","heuristic dimension","73"
"c=bb5e426b24d4","3NSC5nps3OM","NEGATIVE_CONTROL","dim.teachingValue","46","heuristic dimension","73"
"c=bb5e426b24d4","3NSC5nps3OM","NEGATIVE_CONTROL","dim.entertainment","59","heuristic dimension","73"
"c=bb5e426b24d4","3NSC5nps3OM","NEGATIVE_CONTROL","base_score","72.9","0.55*drivers + 0.45*gates","73"
"c=bb5e426b24d4","3NSC5nps3OM","NEGATIVE_CONTROL","duration_multiplier","0.999","piecewise duration curve","73"
"c=34a26a170074","3NSC5nps3OM","NEGATIVE_CONTROL","dim.hook","9","heuristic dimension","57"
"c=34a26a170074","3NSC5nps3OM","NEGATIVE_CONTROL","dim.curiosity","82","heuristic dimension","57"
"c=34a26a170074","3NSC5nps3OM","NEGATIVE_CONTROL","dim.emotion","54","heuristic dimension","57"
"c=34a26a170074","3NSC5nps3OM","NEGATIVE_CONTROL","dim.storytelling","59","heuristic dimension","57"
"c=34a26a170074","3NSC5nps3OM","NEGATIVE_CONTROL","dim.standalone","46","heuristic dimension","57"
"c=34a26a170074","3NSC5nps3OM","NEGATIVE_CONTROL","dim.shareability","48","heuristic dimension","57"
"c=34a26a170074","3NSC5nps3OM","NEGATIVE_CONTROL","dim.clarity","66","heuristic dimension","57"
"c=34a26a170074","3NSC5nps3OM","NEGATIVE_CONTROL","dim.controversy","30","heuristic dimension","57"
"c=34a26a170074","3NSC5nps3OM","NEGATIVE_CONTROL","dim.teachingValue","61","heuristic dimension","57"
"c=34a26a170074","3NSC5nps3OM","NEGATIVE_CONTROL","dim.entertainment","40","heuristic dimension","57"
"c=34a26a170074","3NSC5nps3OM","NEGATIVE_CONTROL","base_score","57.7","0.55*drivers + 0.45*gates","57"
"c=34a26a170074","3NSC5nps3OM","NEGATIVE_CONTROL","duration_multiplier","0.994","piecewise duration curve","57"
"c=ed3006ecb613","3NSC5nps3OM","NEGATIVE_CONTROL","dim.hook","46","heuristic dimension","75"
"c=ed3006ecb613","3NSC5nps3OM","NEGATIVE_CONTROL","dim.curiosity","70","heuristic dimension","75"
"c=ed3006ecb613","3NSC5nps3OM","NEGATIVE_CONTROL","dim.emotion","98","heuristic dimension","75"
"c=ed3006ecb613","3NSC5nps3OM","NEGATIVE_CONTROL","dim.storytelling","46","heuristic dimension","75"
"c=ed3006ecb613","3NSC5nps3OM","NEGATIVE_CONTROL","dim.standalone","70","heuristic dimension","75"
"c=ed3006ecb613","3NSC5nps3OM","NEGATIVE_CONTROL","dim.shareability","54","heuristic dimension","75"
"c=ed3006ecb613","3NSC5nps3OM","NEGATIVE_CONTROL","dim.clarity","75","heuristic dimension","75"
"c=ed3006ecb613","3NSC5nps3OM","NEGATIVE_CONTROL","dim.controversy","30","heuristic dimension","75"
"c=ed3006ecb613","3NSC5nps3OM","NEGATIVE_CONTROL","dim.teachingValue","46","heuristic dimension","75"
"c=ed3006ecb613","3NSC5nps3OM","NEGATIVE_CONTROL","dim.entertainment","40","heuristic dimension","75"
"c=ed3006ecb613","3NSC5nps3OM","NEGATIVE_CONTROL","base_score","75.1","0.55*drivers + 0.45*gates","75"
"c=ed3006ecb613","3NSC5nps3OM","NEGATIVE_CONTROL","duration_multiplier","1","piecewise duration curve","75"
"c=b0f88c74d568","3NSC5nps3OM","NEGATIVE_CONTROL","dim.hook","22","heuristic dimension","66"
"c=b0f88c74d568","3NSC5nps3OM","NEGATIVE_CONTROL","dim.curiosity","56","heuristic dimension","66"
"c=b0f88c74d568","3NSC5nps3OM","NEGATIVE_CONTROL","dim.emotion","80","heuristic dimension","66"
"c=b0f88c74d568","3NSC5nps3OM","NEGATIVE_CONTROL","dim.storytelling","84","heuristic dimension","66"
"c=b0f88c74d568","3NSC5nps3OM","NEGATIVE_CONTROL","dim.standalone","62","heuristic dimension","66"
"c=b0f88c74d568","3NSC5nps3OM","NEGATIVE_CONTROL","dim.shareability","54","heuristic dimension","66"
"c=b0f88c74d568","3NSC5nps3OM","NEGATIVE_CONTROL","dim.clarity","68","heuristic dimension","66"
"c=b0f88c74d568","3NSC5nps3OM","NEGATIVE_CONTROL","dim.controversy","49","heuristic dimension","66"
"c=b0f88c74d568","3NSC5nps3OM","NEGATIVE_CONTROL","dim.teachingValue","51","heuristic dimension","66"
"c=b0f88c74d568","3NSC5nps3OM","NEGATIVE_CONTROL","dim.entertainment","59","heuristic dimension","66"
"c=b0f88c74d568","3NSC5nps3OM","NEGATIVE_CONTROL","base_score","68.4","0.55*drivers + 0.45*gates","66"
"c=b0f88c74d568","3NSC5nps3OM","NEGATIVE_CONTROL","duration_multiplier","0.972","piecewise duration curve","66"
"c=b93dea14069f","3NSC5nps3OM","NEGATIVE_CONTROL","dim.hook","22","heuristic dimension","58"
"c=b93dea14069f","3NSC5nps3OM","NEGATIVE_CONTROL","dim.curiosity","84","heuristic dimension","58"
"c=b93dea14069f","3NSC5nps3OM","NEGATIVE_CONTROL","dim.emotion","48","heuristic dimension","58"
"c=b93dea14069f","3NSC5nps3OM","NEGATIVE_CONTROL","dim.storytelling","42","heuristic dimension","58"
"c=b93dea14069f","3NSC5nps3OM","NEGATIVE_CONTROL","dim.standalone","46","heuristic dimension","58"
"c=b93dea14069f","3NSC5nps3OM","NEGATIVE_CONTROL","dim.shareability","54","heuristic dimension","58"
"c=b93dea14069f","3NSC5nps3OM","NEGATIVE_CONTROL","dim.clarity","52","heuristic dimension","58"
"c=b93dea14069f","3NSC5nps3OM","NEGATIVE_CONTROL","dim.controversy","49","heuristic dimension","58"
"c=b93dea14069f","3NSC5nps3OM","NEGATIVE_CONTROL","dim.teachingValue","46","heuristic dimension","58"
"c=b93dea14069f","3NSC5nps3OM","NEGATIVE_CONTROL","dim.entertainment","59","heuristic dimension","58"
"c=b93dea14069f","3NSC5nps3OM","NEGATIVE_CONTROL","base_score","57.6","0.55*drivers + 0.45*gates","58"
"c=b93dea14069f","3NSC5nps3OM","NEGATIVE_CONTROL","duration_multiplier","1","piecewise duration curve","58"
"c=954b13bd8fc5","3NSC5nps3OM","NEGATIVE_CONTROL","dim.hook","46","heuristic dimension","70"
"c=954b13bd8fc5","3NSC5nps3OM","NEGATIVE_CONTROL","dim.curiosity","59","heuristic dimension","70"
"c=954b13bd8fc5","3NSC5nps3OM","NEGATIVE_CONTROL","dim.emotion","73","heuristic dimension","70"
"c=954b13bd8fc5","3NSC5nps3OM","NEGATIVE_CONTROL","dim.storytelling","68","heuristic dimension","70"
"c=954b13bd8fc5","3NSC5nps3OM","NEGATIVE_CONTROL","dim.standalone","86","heuristic dimension","70"
"c=954b13bd8fc5","3NSC5nps3OM","NEGATIVE_CONTROL","dim.shareability","48","heuristic dimension","70"
"c=954b13bd8fc5","3NSC5nps3OM","NEGATIVE_CONTROL","dim.clarity","78","heuristic dimension","70"
"c=954b13bd8fc5","3NSC5nps3OM","NEGATIVE_CONTROL","dim.controversy","30","heuristic dimension","70"
"c=954b13bd8fc5","3NSC5nps3OM","NEGATIVE_CONTROL","dim.teachingValue","46","heuristic dimension","70"
"c=954b13bd8fc5","3NSC5nps3OM","NEGATIVE_CONTROL","dim.entertainment","40","heuristic dimension","70"
"c=954b13bd8fc5","3NSC5nps3OM","NEGATIVE_CONTROL","base_score","71","0.55*drivers + 0.45*gates","70"
"c=954b13bd8fc5","3NSC5nps3OM","NEGATIVE_CONTROL","duration_multiplier","0.981","piecewise duration curve","70"
"c=6e6c50932afe","3NSC5nps3OM","NEGATIVE_CONTROL","dim.hook","46","heuristic dimension","68"
"c=6e6c50932afe","3NSC5nps3OM","NEGATIVE_CONTROL","dim.curiosity","69","heuristic dimension","68"
"c=6e6c50932afe","3NSC5nps3OM","NEGATIVE_CONTROL","dim.emotion","73","heuristic dimension","68"
"c=6e6c50932afe","3NSC5nps3OM","NEGATIVE_CONTROL","dim.storytelling","58","heuristic dimension","68"
"c=6e6c50932afe","3NSC5nps3OM","NEGATIVE_CONTROL","dim.standalone","86","heuristic dimension","68"
"c=6e6c50932afe","3NSC5nps3OM","NEGATIVE_CONTROL","dim.shareability","48","heuristic dimension","68"
"c=6e6c50932afe","3NSC5nps3OM","NEGATIVE_CONTROL","dim.clarity","65","heuristic dimension","68"
"c=6e6c50932afe","3NSC5nps3OM","NEGATIVE_CONTROL","dim.controversy","49","heuristic dimension","68"
"c=6e6c50932afe","3NSC5nps3OM","NEGATIVE_CONTROL","dim.teachingValue","61","heuristic dimension","68"
"c=6e6c50932afe","3NSC5nps3OM","NEGATIVE_CONTROL","dim.entertainment","59","heuristic dimension","68"
"c=6e6c50932afe","3NSC5nps3OM","NEGATIVE_CONTROL","base_score","69.5","0.55*drivers + 0.45*gates","68"
"c=6e6c50932afe","3NSC5nps3OM","NEGATIVE_CONTROL","duration_multiplier","0.98","piecewise duration curve","68"
"c=9e6083fd582d","3NSC5nps3OM","NEGATIVE_CONTROL","dim.hook","46","heuristic dimension","67"
"c=9e6083fd582d","3NSC5nps3OM","NEGATIVE_CONTROL","dim.curiosity","69","heuristic dimension","67"
"c=9e6083fd582d","3NSC5nps3OM","NEGATIVE_CONTROL","dim.emotion","74","heuristic dimension","67"
"c=9e6083fd582d","3NSC5nps3OM","NEGATIVE_CONTROL","dim.storytelling","55","heuristic dimension","67"
"c=9e6083fd582d","3NSC5nps3OM","NEGATIVE_CONTROL","dim.standalone","70","heuristic dimension","67"
"c=9e6083fd582d","3NSC5nps3OM","NEGATIVE_CONTROL","dim.shareability","48","heuristic dimension","67"
"c=9e6083fd582d","3NSC5nps3OM","NEGATIVE_CONTROL","dim.clarity","66","heuristic dimension","67"
"c=9e6083fd582d","3NSC5nps3OM","NEGATIVE_CONTROL","dim.controversy","30","heuristic dimension","67"
"c=9e6083fd582d","3NSC5nps3OM","NEGATIVE_CONTROL","dim.teachingValue","46","heuristic dimension","67"
"c=9e6083fd582d","3NSC5nps3OM","NEGATIVE_CONTROL","dim.entertainment","59","heuristic dimension","67"
"c=9e6083fd582d","3NSC5nps3OM","NEGATIVE_CONTROL","base_score","67","0.55*drivers + 0.45*gates","67"
"c=9e6083fd582d","3NSC5nps3OM","NEGATIVE_CONTROL","duration_multiplier","1","piecewise duration curve","67"
"c=af2c9767dfc9","3NSC5nps3OM","NEGATIVE_CONTROL","dim.hook","22","heuristic dimension","63"
"c=af2c9767dfc9","3NSC5nps3OM","NEGATIVE_CONTROL","dim.curiosity","56","heuristic dimension","63"
"c=af2c9767dfc9","3NSC5nps3OM","NEGATIVE_CONTROL","dim.emotion","73","heuristic dimension","63"
"c=af2c9767dfc9","3NSC5nps3OM","NEGATIVE_CONTROL","dim.storytelling","71","heuristic dimension","63"
"c=af2c9767dfc9","3NSC5nps3OM","NEGATIVE_CONTROL","dim.standalone","62","heuristic dimension","63"
"c=af2c9767dfc9","3NSC5nps3OM","NEGATIVE_CONTROL","dim.shareability","48","heuristic dimension","63"
"c=af2c9767dfc9","3NSC5nps3OM","NEGATIVE_CONTROL","dim.clarity","75","heuristic dimension","63"
"c=af2c9767dfc9","3NSC5nps3OM","NEGATIVE_CONTROL","dim.controversy","30","heuristic dimension","63"
"c=af2c9767dfc9","3NSC5nps3OM","NEGATIVE_CONTROL","dim.teachingValue","61","heuristic dimension","63"
"c=af2c9767dfc9","3NSC5nps3OM","NEGATIVE_CONTROL","dim.entertainment","40","heuristic dimension","63"
"c=af2c9767dfc9","3NSC5nps3OM","NEGATIVE_CONTROL","base_score","63.9","0.55*drivers + 0.45*gates","63"
"c=af2c9767dfc9","3NSC5nps3OM","NEGATIVE_CONTROL","duration_multiplier","0.987","piecewise duration curve","63"
"c=d84c8ed84c1d","3NSC5nps3OM","NEGATIVE_CONTROL","dim.hook","46","heuristic dimension","76"
"c=d84c8ed84c1d","3NSC5nps3OM","NEGATIVE_CONTROL","dim.curiosity","56","heuristic dimension","76"
"c=d84c8ed84c1d","3NSC5nps3OM","NEGATIVE_CONTROL","dim.emotion","99","heuristic dimension","76"
"c=d84c8ed84c1d","3NSC5nps3OM","NEGATIVE_CONTROL","dim.storytelling","46","heuristic dimension","76"
"c=d84c8ed84c1d","3NSC5nps3OM","NEGATIVE_CONTROL","dim.standalone","86","heuristic dimension","76"
"c=d84c8ed84c1d","3NSC5nps3OM","NEGATIVE_CONTROL","dim.shareability","48","heuristic dimension","76"
"c=d84c8ed84c1d","3NSC5nps3OM","NEGATIVE_CONTROL","dim.clarity","75","heuristic dimension","76"
"c=d84c8ed84c1d","3NSC5nps3OM","NEGATIVE_CONTROL","dim.controversy","30","heuristic dimension","76"
"c=d84c8ed84c1d","3NSC5nps3OM","NEGATIVE_CONTROL","dim.teachingValue","62","heuristic dimension","76"
"c=d84c8ed84c1d","3NSC5nps3OM","NEGATIVE_CONTROL","dim.entertainment","59","heuristic dimension","76"
"c=d84c8ed84c1d","3NSC5nps3OM","NEGATIVE_CONTROL","base_score","76.1","0.55*drivers + 0.45*gates","76"
"c=d84c8ed84c1d","3NSC5nps3OM","NEGATIVE_CONTROL","duration_multiplier","1","piecewise duration curve","76"
"c=cc93f78f2560","3NSC5nps3OM","NEGATIVE_CONTROL","dim.hook","18","heuristic dimension","53"
"c=cc93f78f2560","3NSC5nps3OM","NEGATIVE_CONTROL","dim.curiosity","56","heuristic dimension","53"
"c=cc93f78f2560","3NSC5nps3OM","NEGATIVE_CONTROL","dim.emotion","46","heuristic dimension","53"
"c=cc93f78f2560","3NSC5nps3OM","NEGATIVE_CONTROL","dim.storytelling","50","heuristic dimension","53"
"c=cc93f78f2560","3NSC5nps3OM","NEGATIVE_CONTROL","dim.standalone","62","heuristic dimension","53"
"c=cc93f78f2560","3NSC5nps3OM","NEGATIVE_CONTROL","dim.shareability","48","heuristic dimension","53"
"c=cc93f78f2560","3NSC5nps3OM","NEGATIVE_CONTROL","dim.clarity","49","heuristic dimension","53"
"c=cc93f78f2560","3NSC5nps3OM","NEGATIVE_CONTROL","dim.controversy","30","heuristic dimension","53"
"c=cc93f78f2560","3NSC5nps3OM","NEGATIVE_CONTROL","dim.teachingValue","66","heuristic dimension","53"
"c=cc93f78f2560","3NSC5nps3OM","NEGATIVE_CONTROL","dim.entertainment","59","heuristic dimension","53"
"c=cc93f78f2560","3NSC5nps3OM","NEGATIVE_CONTROL","base_score","54.6","0.55*drivers + 0.45*gates","53"
"c=cc93f78f2560","3NSC5nps3OM","NEGATIVE_CONTROL","duration_multiplier","0.963","piecewise duration curve","53"
"c=5344309f5035","3NSC5nps3OM","NEGATIVE_CONTROL","dim.hook","22","heuristic dimension","61"
"c=5344309f5035","3NSC5nps3OM","NEGATIVE_CONTROL","dim.curiosity","69","heuristic dimension","61"
"c=5344309f5035","3NSC5nps3OM","NEGATIVE_CONTROL","dim.emotion","54","heuristic dimension","61"
"c=5344309f5035","3NSC5nps3OM","NEGATIVE_CONTROL","dim.storytelling","50","heuristic dimension","61"
"c=5344309f5035","3NSC5nps3OM","NEGATIVE_CONTROL","dim.standalone","62","heuristic dimension","61"
"c=5344309f5035","3NSC5nps3OM","NEGATIVE_CONTROL","dim.shareability","48","heuristic dimension","61"
"c=5344309f5035","3NSC5nps3OM","NEGATIVE_CONTROL","dim.clarity","84","heuristic dimension","61"
"c=5344309f5035","3NSC5nps3OM","NEGATIVE_CONTROL","dim.controversy","30","heuristic dimension","61"
"c=5344309f5035","3NSC5nps3OM","NEGATIVE_CONTROL","dim.teachingValue","46","heuristic dimension","61"
"c=5344309f5035","3NSC5nps3OM","NEGATIVE_CONTROL","dim.entertainment","59","heuristic dimension","61"
"c=5344309f5035","3NSC5nps3OM","NEGATIVE_CONTROL","base_score","60.7","0.55*drivers + 0.45*gates","61"
"c=5344309f5035","3NSC5nps3OM","NEGATIVE_CONTROL","duration_multiplier","1","piecewise duration curve","61"
"c=89c7ff470ab9","3NSC5nps3OM","NEGATIVE_CONTROL","dim.hook","22","heuristic dimension","66"
"c=89c7ff470ab9","3NSC5nps3OM","NEGATIVE_CONTROL","dim.curiosity","59","heuristic dimension","66"
"c=89c7ff470ab9","3NSC5nps3OM","NEGATIVE_CONTROL","dim.emotion","88","heuristic dimension","66"
"c=89c7ff470ab9","3NSC5nps3OM","NEGATIVE_CONTROL","dim.storytelling","54","heuristic dimension","66"
"c=89c7ff470ab9","3NSC5nps3OM","NEGATIVE_CONTROL","dim.standalone","62","heuristic dimension","66"
"c=89c7ff470ab9","3NSC5nps3OM","NEGATIVE_CONTROL","dim.shareability","48","heuristic dimension","66"
"c=89c7ff470ab9","3NSC5nps3OM","NEGATIVE_CONTROL","dim.clarity","84","heuristic dimension","66"
"c=89c7ff470ab9","3NSC5nps3OM","NEGATIVE_CONTROL","dim.controversy","30","heuristic dimension","66"
"c=89c7ff470ab9","3NSC5nps3OM","NEGATIVE_CONTROL","dim.teachingValue","46","heuristic dimension","66"
"c=89c7ff470ab9","3NSC5nps3OM","NEGATIVE_CONTROL","dim.entertainment","59","heuristic dimension","66"
"c=89c7ff470ab9","3NSC5nps3OM","NEGATIVE_CONTROL","base_score","65.9","0.55*drivers + 0.45*gates","66"
"c=89c7ff470ab9","3NSC5nps3OM","NEGATIVE_CONTROL","duration_multiplier","0.995","piecewise duration curve","66"
"c=6065a196f512","3NSC5nps3OM","NEGATIVE_CONTROL","dim.hook","20","heuristic dimension","70"
"c=6065a196f512","3NSC5nps3OM","NEGATIVE_CONTROL","dim.curiosity","82","heuristic dimension","70"
"c=6065a196f512","3NSC5nps3OM","NEGATIVE_CONTROL","dim.emotion","94","heuristic dimension","70"
"c=6065a196f512","3NSC5nps3OM","NEGATIVE_CONTROL","dim.storytelling","84","heuristic dimension","70"
"c=6065a196f512","3NSC5nps3OM","NEGATIVE_CONTROL","dim.standalone","70","heuristic dimension","70"
"c=6065a196f512","3NSC5nps3OM","NEGATIVE_CONTROL","dim.shareability","72","heuristic dimension","70"
"c=6065a196f512","3NSC5nps3OM","NEGATIVE_CONTROL","dim.clarity","57","heuristic dimension","70"
"c=6065a196f512","3NSC5nps3OM","NEGATIVE_CONTROL","dim.controversy","30","heuristic dimension","70"
"c=6065a196f512","3NSC5nps3OM","NEGATIVE_CONTROL","dim.teachingValue","51","heuristic dimension","70"
"c=6065a196f512","3NSC5nps3OM","NEGATIVE_CONTROL","dim.entertainment","59","heuristic dimension","70"
"c=6065a196f512","3NSC5nps3OM","NEGATIVE_CONTROL","base_score","71.9","0.55*drivers + 0.45*gates","70"
"c=6065a196f512","3NSC5nps3OM","NEGATIVE_CONTROL","duration_multiplier","0.97","piecewise duration curve","70"
"c=1050a749a4ab","3NSC5nps3OM","NEGATIVE_CONTROL","dim.hook","42","heuristic dimension","71"
"c=1050a749a4ab","3NSC5nps3OM","NEGATIVE_CONTROL","dim.curiosity","69","heuristic dimension","71"
"c=1050a749a4ab","3NSC5nps3OM","NEGATIVE_CONTROL","dim.emotion","66","heuristic dimension","71"
"c=1050a749a4ab","3NSC5nps3OM","NEGATIVE_CONTROL","dim.storytelling","71","heuristic dimension","71"
"c=1050a749a4ab","3NSC5nps3OM","NEGATIVE_CONTROL","dim.standalone","86","heuristic dimension","71"
"c=1050a749a4ab","3NSC5nps3OM","NEGATIVE_CONTROL","dim.shareability","60","heuristic dimension","71"
"c=1050a749a4ab","3NSC5nps3OM","NEGATIVE_CONTROL","dim.clarity","55","heuristic dimension","71"
"c=1050a749a4ab","3NSC5nps3OM","NEGATIVE_CONTROL","dim.controversy","30","heuristic dimension","71"
"c=1050a749a4ab","3NSC5nps3OM","NEGATIVE_CONTROL","dim.teachingValue","82","heuristic dimension","71"
"c=1050a749a4ab","3NSC5nps3OM","NEGATIVE_CONTROL","dim.entertainment","59","heuristic dimension","71"
"c=1050a749a4ab","3NSC5nps3OM","NEGATIVE_CONTROL","base_score","70.7","0.55*drivers + 0.45*gates","71"
"c=1050a749a4ab","3NSC5nps3OM","NEGATIVE_CONTROL","duration_multiplier","1","piecewise duration curve","71"
"c=30530741cb5d","3NSC5nps3OM","NEGATIVE_CONTROL","dim.hook","46","heuristic dimension","74"
"c=30530741cb5d","3NSC5nps3OM","NEGATIVE_CONTROL","dim.curiosity","82","heuristic dimension","74"
"c=30530741cb5d","3NSC5nps3OM","NEGATIVE_CONTROL","dim.emotion","54","heuristic dimension","74"
"c=30530741cb5d","3NSC5nps3OM","NEGATIVE_CONTROL","dim.storytelling","76","heuristic dimension","74"
"c=30530741cb5d","3NSC5nps3OM","NEGATIVE_CONTROL","dim.standalone","70","heuristic dimension","74"
"c=30530741cb5d","3NSC5nps3OM","NEGATIVE_CONTROL","dim.shareability","48","heuristic dimension","74"
"c=30530741cb5d","3NSC5nps3OM","NEGATIVE_CONTROL","dim.clarity","84","heuristic dimension","74"
"c=30530741cb5d","3NSC5nps3OM","NEGATIVE_CONTROL","dim.controversy","30","heuristic dimension","74"
"c=30530741cb5d","3NSC5nps3OM","NEGATIVE_CONTROL","dim.teachingValue","81","heuristic dimension","74"
"c=30530741cb5d","3NSC5nps3OM","NEGATIVE_CONTROL","dim.entertainment","59","heuristic dimension","74"
"c=30530741cb5d","3NSC5nps3OM","NEGATIVE_CONTROL","base_score","75","0.55*drivers + 0.45*gates","74"
"c=30530741cb5d","3NSC5nps3OM","NEGATIVE_CONTROL","duration_multiplier","0.982","piecewise duration curve","74"
"c=f88e817e3405","3NSC5nps3OM","NEGATIVE_CONTROL","dim.hook","42","heuristic dimension","66"
"c=f88e817e3405","3NSC5nps3OM","NEGATIVE_CONTROL","dim.curiosity","70","heuristic dimension","66"
"c=f88e817e3405","3NSC5nps3OM","NEGATIVE_CONTROL","dim.emotion","54","heuristic dimension","66"
"c=f88e817e3405","3NSC5nps3OM","NEGATIVE_CONTROL","dim.storytelling","62","heuristic dimension","66"
"c=f88e817e3405","3NSC5nps3OM","NEGATIVE_CONTROL","dim.standalone","70","heuristic dimension","66"
"c=f88e817e3405","3NSC5nps3OM","NEGATIVE_CONTROL","dim.shareability","48","heuristic dimension","66"
"c=f88e817e3405","3NSC5nps3OM","NEGATIVE_CONTROL","dim.clarity","57","heuristic dimension","66"
"c=f88e817e3405","3NSC5nps3OM","NEGATIVE_CONTROL","dim.controversy","30","heuristic dimension","66"
"c=f88e817e3405","3NSC5nps3OM","NEGATIVE_CONTROL","dim.teachingValue","77","heuristic dimension","66"
"c=f88e817e3405","3NSC5nps3OM","NEGATIVE_CONTROL","dim.entertainment","59","heuristic dimension","66"
"c=f88e817e3405","3NSC5nps3OM","NEGATIVE_CONTROL","base_score","66.4","0.55*drivers + 0.45*gates","66"
"c=f88e817e3405","3NSC5nps3OM","NEGATIVE_CONTROL","duration_multiplier","1","piecewise duration curve","66"
"c=01d19a20f680","3NSC5nps3OM","NEGATIVE_CONTROL","dim.hook","33","heuristic dimension","62"
"c=01d19a20f680","3NSC5nps3OM","NEGATIVE_CONTROL","dim.curiosity","70","heuristic dimension","62"
"c=01d19a20f680","3NSC5nps3OM","NEGATIVE_CONTROL","dim.emotion","51","heuristic dimension","62"
"c=01d19a20f680","3NSC5nps3OM","NEGATIVE_CONTROL","dim.storytelling","46","heuristic dimension","62"
"c=01d19a20f680","3NSC5nps3OM","NEGATIVE_CONTROL","dim.standalone","70","heuristic dimension","62"
"c=01d19a20f680","3NSC5nps3OM","NEGATIVE_CONTROL","dim.shareability","48","heuristic dimension","62"
"c=01d19a20f680","3NSC5nps3OM","NEGATIVE_CONTROL","dim.clarity","66","heuristic dimension","62"
"c=01d19a20f680","3NSC5nps3OM","NEGATIVE_CONTROL","dim.controversy","30","heuristic dimension","62"
"c=01d19a20f680","3NSC5nps3OM","NEGATIVE_CONTROL","dim.teachingValue","62","heuristic dimension","62"
"c=01d19a20f680","3NSC5nps3OM","NEGATIVE_CONTROL","dim.entertainment","59","heuristic dimension","62"
"c=01d19a20f680","3NSC5nps3OM","NEGATIVE_CONTROL","base_score","62.3","0.55*drivers + 0.45*gates","62"
"c=01d19a20f680","3NSC5nps3OM","NEGATIVE_CONTROL","duration_multiplier","1","piecewise duration curve","62"
"c=bc972bc28ba9","3NSC5nps3OM","NEGATIVE_CONTROL","dim.hook","46","heuristic dimension","67"
"c=bc972bc28ba9","3NSC5nps3OM","NEGATIVE_CONTROL","dim.curiosity","83","heuristic dimension","67"
"c=bc972bc28ba9","3NSC5nps3OM","NEGATIVE_CONTROL","dim.emotion","53","heuristic dimension","67"
"c=bc972bc28ba9","3NSC5nps3OM","NEGATIVE_CONTROL","dim.storytelling","59","heuristic dimension","67"
"c=bc972bc28ba9","3NSC5nps3OM","NEGATIVE_CONTROL","dim.standalone","70","heuristic dimension","67"
"c=bc972bc28ba9","3NSC5nps3OM","NEGATIVE_CONTROL","dim.shareability","48","heuristic dimension","67"
"c=bc972bc28ba9","3NSC5nps3OM","NEGATIVE_CONTROL","dim.clarity","69","heuristic dimension","67"
"c=bc972bc28ba9","3NSC5nps3OM","NEGATIVE_CONTROL","dim.controversy","30","heuristic dimension","67"
"c=bc972bc28ba9","3NSC5nps3OM","NEGATIVE_CONTROL","dim.teachingValue","46","heuristic dimension","67"
"c=bc972bc28ba9","3NSC5nps3OM","NEGATIVE_CONTROL","dim.entertainment","59","heuristic dimension","67"
"c=bc972bc28ba9","3NSC5nps3OM","NEGATIVE_CONTROL","base_score","67.2","0.55*drivers + 0.45*gates","67"
"c=bc972bc28ba9","3NSC5nps3OM","NEGATIVE_CONTROL","duration_multiplier","0.992","piecewise duration curve","67"
"c=cd6ab088f406","3NSC5nps3OM","NEGATIVE_CONTROL","dim.hook","42","heuristic dimension","61"
"c=cd6ab088f406","3NSC5nps3OM","NEGATIVE_CONTROL","dim.curiosity","69","heuristic dimension","61"
"c=cd6ab088f406","3NSC5nps3OM","NEGATIVE_CONTROL","dim.emotion","50","heuristic dimension","61"
"c=cd6ab088f406","3NSC5nps3OM","NEGATIVE_CONTROL","dim.storytelling","50","heuristic dimension","61"
"c=cd6ab088f406","3NSC5nps3OM","NEGATIVE_CONTROL","dim.standalone","66","heuristic dimension","61"
"c=cd6ab088f406","3NSC5nps3OM","NEGATIVE_CONTROL","dim.shareability","48","heuristic dimension","61"
"c=cd6ab088f406","3NSC5nps3OM","NEGATIVE_CONTROL","dim.clarity","64","heuristic dimension","61"
"c=cd6ab088f406","3NSC5nps3OM","NEGATIVE_CONTROL","dim.controversy","49","heuristic dimension","61"
"c=cd6ab088f406","3NSC5nps3OM","NEGATIVE_CONTROL","dim.teachingValue","46","heuristic dimension","61"
"c=cd6ab088f406","3NSC5nps3OM","NEGATIVE_CONTROL","dim.entertainment","59","heuristic dimension","61"
"c=cd6ab088f406","3NSC5nps3OM","NEGATIVE_CONTROL","base_score","61.4","0.55*drivers + 0.45*gates","61"
"c=cd6ab088f406","3NSC5nps3OM","NEGATIVE_CONTROL","duration_multiplier","0.989","piecewise duration curve","61"
"c=0b8036e74010","3NSC5nps3OM","NEGATIVE_CONTROL","dim.hook","22","heuristic dimension","66"
"c=0b8036e74010","3NSC5nps3OM","NEGATIVE_CONTROL","dim.curiosity","67","heuristic dimension","66"
"c=0b8036e74010","3NSC5nps3OM","NEGATIVE_CONTROL","dim.emotion","87","heuristic dimension","66"
"c=0b8036e74010","3NSC5nps3OM","NEGATIVE_CONTROL","dim.storytelling","50","heuristic dimension","66"
"c=0b8036e74010","3NSC5nps3OM","NEGATIVE_CONTROL","dim.standalone","62","heuristic dimension","66"
"c=0b8036e74010","3NSC5nps3OM","NEGATIVE_CONTROL","dim.shareability","48","heuristic dimension","66"
"c=0b8036e74010","3NSC5nps3OM","NEGATIVE_CONTROL","dim.clarity","70","heuristic dimension","66"
"c=0b8036e74010","3NSC5nps3OM","NEGATIVE_CONTROL","dim.controversy","49","heuristic dimension","66"
"c=0b8036e74010","3NSC5nps3OM","NEGATIVE_CONTROL","dim.teachingValue","46","heuristic dimension","66"
"c=0b8036e74010","3NSC5nps3OM","NEGATIVE_CONTROL","dim.entertainment","59","heuristic dimension","66"
"c=0b8036e74010","3NSC5nps3OM","NEGATIVE_CONTROL","base_score","65.9","0.55*drivers + 0.45*gates","66"
"c=0b8036e74010","3NSC5nps3OM","NEGATIVE_CONTROL","duration_multiplier","1","piecewise duration curve","66"
"c=4aadfdb28614","3NSC5nps3OM","NEGATIVE_CONTROL","dim.hook","46","heuristic dimension","73"
"c=4aadfdb28614","3NSC5nps3OM","NEGATIVE_CONTROL","dim.curiosity","81","heuristic dimension","73"
"c=4aadfdb28614","3NSC5nps3OM","NEGATIVE_CONTROL","dim.emotion","66","heuristic dimension","73"
"c=4aadfdb28614","3NSC5nps3OM","NEGATIVE_CONTROL","dim.storytelling","50","heuristic dimension","73"
"c=4aadfdb28614","3NSC5nps3OM","NEGATIVE_CONTROL","dim.standalone","86","heuristic dimension","73"
"c=4aadfdb28614","3NSC5nps3OM","NEGATIVE_CONTROL","dim.shareability","48","heuristic dimension","73"
"c=4aadfdb28614","3NSC5nps3OM","NEGATIVE_CONTROL","dim.clarity","84","heuristic dimension","73"
"c=4aadfdb28614","3NSC5nps3OM","NEGATIVE_CONTROL","dim.controversy","30","heuristic dimension","73"
"c=4aadfdb28614","3NSC5nps3OM","NEGATIVE_CONTROL","dim.teachingValue","46","heuristic dimension","73"
"c=4aadfdb28614","3NSC5nps3OM","NEGATIVE_CONTROL","dim.entertainment","40","heuristic dimension","73"
"c=4aadfdb28614","3NSC5nps3OM","NEGATIVE_CONTROL","base_score","73.5","0.55*drivers + 0.45*gates","73"
"c=4aadfdb28614","3NSC5nps3OM","NEGATIVE_CONTROL","duration_multiplier","1","piecewise duration curve","73"
"c=f2b09412b76a","3NSC5nps3OM","NEGATIVE_CONTROL","dim.hook","46","heuristic dimension","65"
"c=f2b09412b76a","3NSC5nps3OM","NEGATIVE_CONTROL","dim.curiosity","82","heuristic dimension","65"
"c=f2b09412b76a","3NSC5nps3OM","NEGATIVE_CONTROL","dim.emotion","74","heuristic dimension","65"
"c=f2b09412b76a","3NSC5nps3OM","NEGATIVE_CONTROL","dim.storytelling","67","heuristic dimension","65"
"c=f2b09412b76a","3NSC5nps3OM","NEGATIVE_CONTROL","dim.standalone","46","heuristic dimension","65"
"c=f2b09412b76a","3NSC5nps3OM","NEGATIVE_CONTROL","dim.shareability","48","heuristic dimension","65"
"c=f2b09412b76a","3NSC5nps3OM","NEGATIVE_CONTROL","dim.clarity","60","heuristic dimension","65"
"c=f2b09412b76a","3NSC5nps3OM","NEGATIVE_CONTROL","dim.controversy","30","heuristic dimension","65"
"c=f2b09412b76a","3NSC5nps3OM","NEGATIVE_CONTROL","dim.teachingValue","51","heuristic dimension","65"
"c=f2b09412b76a","3NSC5nps3OM","NEGATIVE_CONTROL","dim.entertainment","40","heuristic dimension","65"
"c=f2b09412b76a","3NSC5nps3OM","NEGATIVE_CONTROL","base_score","65.5","0.55*drivers + 0.45*gates","65"
"c=f2b09412b76a","3NSC5nps3OM","NEGATIVE_CONTROL","duration_multiplier","0.992","piecewise duration curve","65"
"c=3ec20b4e7bdb","3NSC5nps3OM","NEGATIVE_CONTROL","dim.hook","22","heuristic dimension","56"
"c=3ec20b4e7bdb","3NSC5nps3OM","NEGATIVE_CONTROL","dim.curiosity","69","heuristic dimension","56"
"c=3ec20b4e7bdb","3NSC5nps3OM","NEGATIVE_CONTROL","dim.emotion","54","heuristic dimension","56"
"c=3ec20b4e7bdb","3NSC5nps3OM","NEGATIVE_CONTROL","dim.storytelling","67","heuristic dimension","56"
"c=3ec20b4e7bdb","3NSC5nps3OM","NEGATIVE_CONTROL","dim.standalone","38","heuristic dimension","56"
"c=3ec20b4e7bdb","3NSC5nps3OM","NEGATIVE_CONTROL","dim.shareability","48","heuristic dimension","56"
"c=3ec20b4e7bdb","3NSC5nps3OM","NEGATIVE_CONTROL","dim.clarity","75","heuristic dimension","56"
"c=3ec20b4e7bdb","3NSC5nps3OM","NEGATIVE_CONTROL","dim.controversy","30","heuristic dimension","56"
"c=3ec20b4e7bdb","3NSC5nps3OM","NEGATIVE_CONTROL","dim.teachingValue","46","heuristic dimension","56"
"c=3ec20b4e7bdb","3NSC5nps3OM","NEGATIVE_CONTROL","dim.entertainment","59","heuristic dimension","56"
"c=3ec20b4e7bdb","3NSC5nps3OM","NEGATIVE_CONTROL","base_score","57.3","0.55*drivers + 0.45*gates","56"
"c=3ec20b4e7bdb","3NSC5nps3OM","NEGATIVE_CONTROL","duration_multiplier","0.976","piecewise duration curve","56"
"c=75eefcbb5637","3NSC5nps3OM","NEGATIVE_CONTROL","dim.hook","9","heuristic dimension","64"
"c=75eefcbb5637","3NSC5nps3OM","NEGATIVE_CONTROL","dim.curiosity","83","heuristic dimension","64"
"c=75eefcbb5637","3NSC5nps3OM","NEGATIVE_CONTROL","dim.emotion","85","heuristic dimension","64"
"c=75eefcbb5637","3NSC5nps3OM","NEGATIVE_CONTROL","dim.storytelling","46","heuristic dimension","64"
"c=75eefcbb5637","3NSC5nps3OM","NEGATIVE_CONTROL","dim.standalone","46","heuristic dimension","64"
"c=75eefcbb5637","3NSC5nps3OM","NEGATIVE_CONTROL","dim.shareability","48","heuristic dimension","64"
"c=75eefcbb5637","3NSC5nps3OM","NEGATIVE_CONTROL","dim.clarity","65","heuristic dimension","64"
"c=75eefcbb5637","3NSC5nps3OM","NEGATIVE_CONTROL","dim.controversy","30","heuristic dimension","64"
"c=75eefcbb5637","3NSC5nps3OM","NEGATIVE_CONTROL","dim.teachingValue","46","heuristic dimension","64"
"c=75eefcbb5637","3NSC5nps3OM","NEGATIVE_CONTROL","dim.entertainment","40","heuristic dimension","64"
"c=75eefcbb5637","3NSC5nps3OM","NEGATIVE_CONTROL","base_score","64.5","0.55*drivers + 0.45*gates","64"
"c=75eefcbb5637","3NSC5nps3OM","NEGATIVE_CONTROL","duration_multiplier","1","piecewise duration curve","64"
"c=39bc82d281fe","3NSC5nps3OM","NEGATIVE_CONTROL","dim.hook","22","heuristic dimension","54"
"c=39bc82d281fe","3NSC5nps3OM","NEGATIVE_CONTROL","dim.curiosity","70","heuristic dimension","54"
"c=39bc82d281fe","3NSC5nps3OM","NEGATIVE_CONTROL","dim.emotion","50","heuristic dimension","54"
"c=39bc82d281fe","3NSC5nps3OM","NEGATIVE_CONTROL","dim.storytelling","54","heuristic dimension","54"
"c=39bc82d281fe","3NSC5nps3OM","NEGATIVE_CONTROL","dim.standalone","46","heuristic dimension","54"
"c=39bc82d281fe","3NSC5nps3OM","NEGATIVE_CONTROL","dim.shareability","48","heuristic dimension","54"
"c=39bc82d281fe","3NSC5nps3OM","NEGATIVE_CONTROL","dim.clarity","62","heuristic dimension","54"
"c=39bc82d281fe","3NSC5nps3OM","NEGATIVE_CONTROL","dim.controversy","30","heuristic dimension","54"
"c=39bc82d281fe","3NSC5nps3OM","NEGATIVE_CONTROL","dim.teachingValue","46","heuristic dimension","54"
"c=39bc82d281fe","3NSC5nps3OM","NEGATIVE_CONTROL","dim.entertainment","40","heuristic dimension","54"
"c=39bc82d281fe","3NSC5nps3OM","NEGATIVE_CONTROL","base_score","53.7","0.55*drivers + 0.45*gates","54"
"c=39bc82d281fe","3NSC5nps3OM","NEGATIVE_CONTROL","duration_multiplier","1","piecewise duration curve","54"
"c=ef880ff1313e","3NSC5nps3OM","NEGATIVE_CONTROL","dim.hook","9","heuristic dimension","60"
"c=ef880ff1313e","3NSC5nps3OM","NEGATIVE_CONTROL","dim.curiosity","56","heuristic dimension","60"
"c=ef880ff1313e","3NSC5nps3OM","NEGATIVE_CONTROL","dim.emotion","64","heuristic dimension","60"
"c=ef880ff1313e","3NSC5nps3OM","NEGATIVE_CONTROL","dim.storytelling","71","heuristic dimension","60"
"c=ef880ff1313e","3NSC5nps3OM","NEGATIVE_CONTROL","dim.standalone","62","heuristic dimension","60"
"c=ef880ff1313e","3NSC5nps3OM","NEGATIVE_CONTROL","dim.shareability","48","heuristic dimension","60"
"c=ef880ff1313e","3NSC5nps3OM","NEGATIVE_CONTROL","dim.clarity","78","heuristic dimension","60"
"c=ef880ff1313e","3NSC5nps3OM","NEGATIVE_CONTROL","dim.controversy","30","heuristic dimension","60"
"c=ef880ff1313e","3NSC5nps3OM","NEGATIVE_CONTROL","dim.teachingValue","46","heuristic dimension","60"
"c=ef880ff1313e","3NSC5nps3OM","NEGATIVE_CONTROL","dim.entertainment","59","heuristic dimension","60"
"c=ef880ff1313e","3NSC5nps3OM","NEGATIVE_CONTROL","base_score","60","0.55*drivers + 0.45*gates","60"
"c=ef880ff1313e","3NSC5nps3OM","NEGATIVE_CONTROL","duration_multiplier","1","piecewise duration curve","60"
"c=1913d2cef342","3NSC5nps3OM","NEGATIVE_CONTROL","dim.hook","46","heuristic dimension","64"
"c=1913d2cef342","3NSC5nps3OM","NEGATIVE_CONTROL","dim.curiosity","69","heuristic dimension","64"
"c=1913d2cef342","3NSC5nps3OM","NEGATIVE_CONTROL","dim.emotion","62","heuristic dimension","64"
"c=1913d2cef342","3NSC5nps3OM","NEGATIVE_CONTROL","dim.storytelling","46","heuristic dimension","64"
"c=1913d2cef342","3NSC5nps3OM","NEGATIVE_CONTROL","dim.standalone","70","heuristic dimension","64"
"c=1913d2cef342","3NSC5nps3OM","NEGATIVE_CONTROL","dim.shareability","48","heuristic dimension","64"
"c=1913d2cef342","3NSC5nps3OM","NEGATIVE_CONTROL","dim.clarity","71","heuristic dimension","64"
"c=1913d2cef342","3NSC5nps3OM","NEGATIVE_CONTROL","dim.controversy","30","heuristic dimension","64"
"c=1913d2cef342","3NSC5nps3OM","NEGATIVE_CONTROL","dim.teachingValue","61","heuristic dimension","64"
"c=1913d2cef342","3NSC5nps3OM","NEGATIVE_CONTROL","dim.entertainment","59","heuristic dimension","64"
"c=1913d2cef342","3NSC5nps3OM","NEGATIVE_CONTROL","base_score","64.4","0.55*drivers + 0.45*gates","64"
"c=1913d2cef342","3NSC5nps3OM","NEGATIVE_CONTROL","duration_multiplier","1","piecewise duration curve","64"
"c=12592847e510","3NSC5nps3OM","NEGATIVE_CONTROL","dim.hook","46","heuristic dimension","67"
"c=12592847e510","3NSC5nps3OM","NEGATIVE_CONTROL","dim.curiosity","56","heuristic dimension","67"
"c=12592847e510","3NSC5nps3OM","NEGATIVE_CONTROL","dim.emotion","45","heuristic dimension","67"
"c=12592847e510","3NSC5nps3OM","NEGATIVE_CONTROL","dim.storytelling","46","heuristic dimension","67"
"c=12592847e510","3NSC5nps3OM","NEGATIVE_CONTROL","dim.standalone","86","heuristic dimension","67"
"c=12592847e510","3NSC5nps3OM","NEGATIVE_CONTROL","dim.shareability","48","heuristic dimension","67"
"c=12592847e510","3NSC5nps3OM","NEGATIVE_CONTROL","dim.clarity","84","heuristic dimension","67"
"c=12592847e510","3NSC5nps3OM","NEGATIVE_CONTROL","dim.controversy","30","heuristic dimension","67"
"c=12592847e510","3NSC5nps3OM","NEGATIVE_CONTROL","dim.teachingValue","66","heuristic dimension","67"
"c=12592847e510","3NSC5nps3OM","NEGATIVE_CONTROL","dim.entertainment","59","heuristic dimension","67"
"c=12592847e510","3NSC5nps3OM","NEGATIVE_CONTROL","base_score","67.4","0.55*drivers + 0.45*gates","67"
"c=12592847e510","3NSC5nps3OM","NEGATIVE_CONTROL","duration_multiplier","1","piecewise duration curve","67"
"c=61f36afc88b9","3NSC5nps3OM","NEGATIVE_CONTROL","dim.hook","33","heuristic dimension","64"
"c=61f36afc88b9","3NSC5nps3OM","NEGATIVE_CONTROL","dim.curiosity","82","heuristic dimension","64"
"c=61f36afc88b9","3NSC5nps3OM","NEGATIVE_CONTROL","dim.emotion","64","heuristic dimension","64"
"c=61f36afc88b9","3NSC5nps3OM","NEGATIVE_CONTROL","dim.storytelling","42","heuristic dimension","64"
"c=61f36afc88b9","3NSC5nps3OM","NEGATIVE_CONTROL","dim.standalone","58","heuristic dimension","64"
"c=61f36afc88b9","3NSC5nps3OM","NEGATIVE_CONTROL","dim.shareability","48","heuristic dimension","64"
"c=61f36afc88b9","3NSC5nps3OM","NEGATIVE_CONTROL","dim.clarity","65","heuristic dimension","64"
"c=61f36afc88b9","3NSC5nps3OM","NEGATIVE_CONTROL","dim.controversy","30","heuristic dimension","64"
"c=61f36afc88b9","3NSC5nps3OM","NEGATIVE_CONTROL","dim.teachingValue","61","heuristic dimension","64"
"c=61f36afc88b9","3NSC5nps3OM","NEGATIVE_CONTROL","dim.entertainment","40","heuristic dimension","64"
"c=61f36afc88b9","3NSC5nps3OM","NEGATIVE_CONTROL","base_score","63.8","0.55*drivers + 0.45*gates","64"
"c=61f36afc88b9","3NSC5nps3OM","NEGATIVE_CONTROL","duration_multiplier","0.997","piecewise duration curve","64"
"c=c1e4676c7568","3NSC5nps3OM","NEGATIVE_CONTROL","dim.hook","46","heuristic dimension","62"
"c=c1e4676c7568","3NSC5nps3OM","NEGATIVE_CONTROL","dim.curiosity","69","heuristic dimension","62"
"c=c1e4676c7568","3NSC5nps3OM","NEGATIVE_CONTROL","dim.emotion","60","heuristic dimension","62"
"c=c1e4676c7568","3NSC5nps3OM","NEGATIVE_CONTROL","dim.storytelling","46","heuristic dimension","62"
"c=c1e4676c7568","3NSC5nps3OM","NEGATIVE_CONTROL","dim.standalone","70","heuristic dimension","62"
"c=c1e4676c7568","3NSC5nps3OM","NEGATIVE_CONTROL","dim.shareability","48","heuristic dimension","62"
"c=c1e4676c7568","3NSC5nps3OM","NEGATIVE_CONTROL","dim.clarity","67","heuristic dimension","62"
"c=c1e4676c7568","3NSC5nps3OM","NEGATIVE_CONTROL","dim.controversy","49","heuristic dimension","62"
"c=c1e4676c7568","3NSC5nps3OM","NEGATIVE_CONTROL","dim.teachingValue","46","heuristic dimension","62"
"c=c1e4676c7568","3NSC5nps3OM","NEGATIVE_CONTROL","dim.entertainment","59","heuristic dimension","62"
"c=c1e4676c7568","3NSC5nps3OM","NEGATIVE_CONTROL","base_score","63.3","0.55*drivers + 0.45*gates","62"
"c=c1e4676c7568","3NSC5nps3OM","NEGATIVE_CONTROL","duration_multiplier","0.986","piecewise duration curve","62"
"c=8da1ffee2f07","3NSC5nps3OM","NEGATIVE_CONTROL","dim.hook","33","heuristic dimension","65"
"c=8da1ffee2f07","3NSC5nps3OM","NEGATIVE_CONTROL","dim.curiosity","69","heuristic dimension","65"
"c=8da1ffee2f07","3NSC5nps3OM","NEGATIVE_CONTROL","dim.emotion","54","heuristic dimension","65"
"c=8da1ffee2f07","3NSC5nps3OM","NEGATIVE_CONTROL","dim.storytelling","54","heuristic dimension","65"
"c=8da1ffee2f07","3NSC5nps3OM","NEGATIVE_CONTROL","dim.standalone","86","heuristic dimension","65"
"c=8da1ffee2f07","3NSC5nps3OM","NEGATIVE_CONTROL","dim.shareability","48","heuristic dimension","65"
"c=8da1ffee2f07","3NSC5nps3OM","NEGATIVE_CONTROL","dim.clarity","70","heuristic dimension","65"
"c=8da1ffee2f07","3NSC5nps3OM","NEGATIVE_CONTROL","dim.controversy","30","heuristic dimension","65"
"c=8da1ffee2f07","3NSC5nps3OM","NEGATIVE_CONTROL","dim.teachingValue","61","heuristic dimension","65"
"c=8da1ffee2f07","3NSC5nps3OM","NEGATIVE_CONTROL","dim.entertainment","59","heuristic dimension","65"
"c=8da1ffee2f07","3NSC5nps3OM","NEGATIVE_CONTROL","base_score","65.1","0.55*drivers + 0.45*gates","65"
"c=8da1ffee2f07","3NSC5nps3OM","NEGATIVE_CONTROL","duration_multiplier","1","piecewise duration curve","65"
"c=a7c70f811837","3NSC5nps3OM","NEGATIVE_CONTROL","dim.hook","46","heuristic dimension","70"
"c=a7c70f811837","3NSC5nps3OM","NEGATIVE_CONTROL","dim.curiosity","69","heuristic dimension","70"
"c=a7c70f811837","3NSC5nps3OM","NEGATIVE_CONTROL","dim.emotion","62","heuristic dimension","70"
"c=a7c70f811837","3NSC5nps3OM","NEGATIVE_CONTROL","dim.storytelling","79","heuristic dimension","70"
"c=a7c70f811837","3NSC5nps3OM","NEGATIVE_CONTROL","dim.standalone","70","heuristic dimension","70"
"c=a7c70f811837","3NSC5nps3OM","NEGATIVE_CONTROL","dim.shareability","48","heuristic dimension","70"
"c=a7c70f811837","3NSC5nps3OM","NEGATIVE_CONTROL","dim.clarity","70","heuristic dimension","70"
"c=a7c70f811837","3NSC5nps3OM","NEGATIVE_CONTROL","dim.controversy","30","heuristic dimension","70"
"c=a7c70f811837","3NSC5nps3OM","NEGATIVE_CONTROL","dim.teachingValue","81","heuristic dimension","70"
"c=a7c70f811837","3NSC5nps3OM","NEGATIVE_CONTROL","dim.entertainment","59","heuristic dimension","70"
"c=a7c70f811837","3NSC5nps3OM","NEGATIVE_CONTROL","base_score","72.3","0.55*drivers + 0.45*gates","70"
"c=a7c70f811837","3NSC5nps3OM","NEGATIVE_CONTROL","duration_multiplier","0.965","piecewise duration curve","70"
"c=62d45d3f4110","3NSC5nps3OM","NEGATIVE_CONTROL","dim.hook","18","heuristic dimension","57"
"c=62d45d3f4110","3NSC5nps3OM","NEGATIVE_CONTROL","dim.curiosity","69","heuristic dimension","57"
"c=62d45d3f4110","3NSC5nps3OM","NEGATIVE_CONTROL","dim.emotion","49","heuristic dimension","57"
"c=62d45d3f4110","3NSC5nps3OM","NEGATIVE_CONTROL","dim.storytelling","54","heuristic dimension","57"
"c=62d45d3f4110","3NSC5nps3OM","NEGATIVE_CONTROL","dim.standalone","46","heuristic dimension","57"
"c=62d45d3f4110","3NSC5nps3OM","NEGATIVE_CONTROL","dim.shareability","48","heuristic dimension","57"
"c=62d45d3f4110","3NSC5nps3OM","NEGATIVE_CONTROL","dim.clarity","77","heuristic dimension","57"
"c=62d45d3f4110","3NSC5nps3OM","NEGATIVE_CONTROL","dim.controversy","30","heuristic dimension","57"
"c=62d45d3f4110","3NSC5nps3OM","NEGATIVE_CONTROL","dim.teachingValue","61","heuristic dimension","57"
"c=62d45d3f4110","3NSC5nps3OM","NEGATIVE_CONTROL","dim.entertainment","59","heuristic dimension","57"
"c=62d45d3f4110","3NSC5nps3OM","NEGATIVE_CONTROL","base_score","56.9","0.55*drivers + 0.45*gates","57"
"c=62d45d3f4110","3NSC5nps3OM","NEGATIVE_CONTROL","duration_multiplier","1","piecewise duration curve","57"
"c=c410ad997f6c","376JmatmnaI","NEGATIVE_CONTROL","dim.hook","38","heuristic dimension","61"
"c=c410ad997f6c","376JmatmnaI","NEGATIVE_CONTROL","dim.curiosity","46","heuristic dimension","61"
"c=c410ad997f6c","376JmatmnaI","NEGATIVE_CONTROL","dim.emotion","67","heuristic dimension","61"
"c=c410ad997f6c","376JmatmnaI","NEGATIVE_CONTROL","dim.storytelling","55","heuristic dimension","61"
"c=c410ad997f6c","376JmatmnaI","NEGATIVE_CONTROL","dim.standalone","66","heuristic dimension","61"
"c=c410ad997f6c","376JmatmnaI","NEGATIVE_CONTROL","dim.shareability","48","heuristic dimension","61"
"c=c410ad997f6c","376JmatmnaI","NEGATIVE_CONTROL","dim.clarity","74","heuristic dimension","61"
"c=c410ad997f6c","376JmatmnaI","NEGATIVE_CONTROL","dim.controversy","49","heuristic dimension","61"
"c=c410ad997f6c","376JmatmnaI","NEGATIVE_CONTROL","dim.teachingValue","46","heuristic dimension","61"
"c=c410ad997f6c","376JmatmnaI","NEGATIVE_CONTROL","dim.entertainment","40","heuristic dimension","61"
"c=c410ad997f6c","376JmatmnaI","NEGATIVE_CONTROL","base_score","60.6","0.55*drivers + 0.45*gates","61"
"c=c410ad997f6c","376JmatmnaI","NEGATIVE_CONTROL","duration_multiplier","1","piecewise duration curve","61"
"c=838e8882741c","376JmatmnaI","NEGATIVE_CONTROL","dim.hook","38","heuristic dimension","57"
"c=838e8882741c","376JmatmnaI","NEGATIVE_CONTROL","dim.curiosity","46","heuristic dimension","57"
"c=838e8882741c","376JmatmnaI","NEGATIVE_CONTROL","dim.emotion","67","heuristic dimension","57"
"c=838e8882741c","376JmatmnaI","NEGATIVE_CONTROL","dim.storytelling","71","heuristic dimension","57"
"c=838e8882741c","376JmatmnaI","NEGATIVE_CONTROL","dim.standalone","66","heuristic dimension","57"
"c=838e8882741c","376JmatmnaI","NEGATIVE_CONTROL","dim.shareability","54","heuristic dimension","57"
"c=838e8882741c","376JmatmnaI","NEGATIVE_CONTROL","dim.clarity","66","heuristic dimension","57"
"c=838e8882741c","376JmatmnaI","NEGATIVE_CONTROL","dim.controversy","49","heuristic dimension","57"
"c=838e8882741c","376JmatmnaI","NEGATIVE_CONTROL","dim.teachingValue","46","heuristic dimension","57"
"c=838e8882741c","376JmatmnaI","NEGATIVE_CONTROL","dim.entertainment","59","heuristic dimension","57"
"c=838e8882741c","376JmatmnaI","NEGATIVE_CONTROL","base_score","63.9","0.55*drivers + 0.45*gates","57"
"c=838e8882741c","376JmatmnaI","NEGATIVE_CONTROL","duration_multiplier","0.9","piecewise duration curve","57"
"c=04eb387f9df0","376JmatmnaI","NEGATIVE_CONTROL","dim.hook","38","heuristic dimension","60"
"c=04eb387f9df0","376JmatmnaI","NEGATIVE_CONTROL","dim.curiosity","46","heuristic dimension","60"
"c=04eb387f9df0","376JmatmnaI","NEGATIVE_CONTROL","dim.emotion","67","heuristic dimension","60"
"c=04eb387f9df0","376JmatmnaI","NEGATIVE_CONTROL","dim.storytelling","84","heuristic dimension","60"
"c=04eb387f9df0","376JmatmnaI","NEGATIVE_CONTROL","dim.standalone","66","heuristic dimension","60"
"c=04eb387f9df0","376JmatmnaI","NEGATIVE_CONTROL","dim.shareability","54","heuristic dimension","60"
"c=04eb387f9df0","376JmatmnaI","NEGATIVE_CONTROL","dim.clarity","64","heuristic dimension","60"
"c=04eb387f9df0","376JmatmnaI","NEGATIVE_CONTROL","dim.controversy","49","heuristic dimension","60"
"c=04eb387f9df0","376JmatmnaI","NEGATIVE_CONTROL","dim.teachingValue","46","heuristic dimension","60"
"c=04eb387f9df0","376JmatmnaI","NEGATIVE_CONTROL","dim.entertainment","59","heuristic dimension","60"
"c=04eb387f9df0","376JmatmnaI","NEGATIVE_CONTROL","base_score","67.2","0.55*drivers + 0.45*gates","60"
"c=04eb387f9df0","376JmatmnaI","NEGATIVE_CONTROL","duration_multiplier","0.9","piecewise duration curve","60"
"c=3530365d9492","376JmatmnaI","NEGATIVE_CONTROL","dim.hook","21","heuristic dimension","53"
"c=3530365d9492","376JmatmnaI","NEGATIVE_CONTROL","dim.curiosity","58","heuristic dimension","53"
"c=3530365d9492","376JmatmnaI","NEGATIVE_CONTROL","dim.emotion","68","heuristic dimension","53"
"c=3530365d9492","376JmatmnaI","NEGATIVE_CONTROL","dim.storytelling","76","heuristic dimension","53"
"c=3530365d9492","376JmatmnaI","NEGATIVE_CONTROL","dim.standalone","51","heuristic dimension","53"
"c=3530365d9492","376JmatmnaI","NEGATIVE_CONTROL","dim.shareability","39","heuristic dimension","53"
"c=3530365d9492","376JmatmnaI","NEGATIVE_CONTROL","dim.clarity","56","heuristic dimension","53"
"c=3530365d9492","376JmatmnaI","NEGATIVE_CONTROL","dim.controversy","49","heuristic dimension","53"
"c=3530365d9492","376JmatmnaI","NEGATIVE_CONTROL","dim.teachingValue","34","heuristic dimension","53"
"c=3530365d9492","376JmatmnaI","NEGATIVE_CONTROL","dim.entertainment","59","heuristic dimension","53"
"c=3530365d9492","376JmatmnaI","NEGATIVE_CONTROL","base_score","59.2","0.55*drivers + 0.45*gates","53"
"c=3530365d9492","376JmatmnaI","NEGATIVE_CONTROL","duration_multiplier","0.9","piecewise duration curve","53"
"c=20ead57a75ba","376JmatmnaI","NEGATIVE_CONTROL","dim.hook","21","heuristic dimension","54"
"c=20ead57a75ba","376JmatmnaI","NEGATIVE_CONTROL","dim.curiosity","58","heuristic dimension","54"
"c=20ead57a75ba","376JmatmnaI","NEGATIVE_CONTROL","dim.emotion","68","heuristic dimension","54"
"c=20ead57a75ba","376JmatmnaI","NEGATIVE_CONTROL","dim.storytelling","76","heuristic dimension","54"
"c=20ead57a75ba","376JmatmnaI","NEGATIVE_CONTROL","dim.standalone","51","heuristic dimension","54"
"c=20ead57a75ba","376JmatmnaI","NEGATIVE_CONTROL","dim.shareability","39","heuristic dimension","54"
"c=20ead57a75ba","376JmatmnaI","NEGATIVE_CONTROL","dim.clarity","58","heuristic dimension","54"
"c=20ead57a75ba","376JmatmnaI","NEGATIVE_CONTROL","dim.controversy","49","heuristic dimension","54"
"c=20ead57a75ba","376JmatmnaI","NEGATIVE_CONTROL","dim.teachingValue","34","heuristic dimension","54"
"c=20ead57a75ba","376JmatmnaI","NEGATIVE_CONTROL","dim.entertainment","59","heuristic dimension","54"
"c=20ead57a75ba","376JmatmnaI","NEGATIVE_CONTROL","base_score","59.4","0.55*drivers + 0.45*gates","54"
"c=20ead57a75ba","376JmatmnaI","NEGATIVE_CONTROL","duration_multiplier","0.9","piecewise duration curve","54"
"c=66793f247b52","376JmatmnaI","NEGATIVE_CONTROL","dim.hook","21","heuristic dimension","54"
"c=66793f247b52","376JmatmnaI","NEGATIVE_CONTROL","dim.curiosity","58","heuristic dimension","54"
"c=66793f247b52","376JmatmnaI","NEGATIVE_CONTROL","dim.emotion","71","heuristic dimension","54"
"c=66793f247b52","376JmatmnaI","NEGATIVE_CONTROL","dim.storytelling","76","heuristic dimension","54"
"c=66793f247b52","376JmatmnaI","NEGATIVE_CONTROL","dim.standalone","51","heuristic dimension","54"
"c=66793f247b52","376JmatmnaI","NEGATIVE_CONTROL","dim.shareability","39","heuristic dimension","54"
"c=66793f247b52","376JmatmnaI","NEGATIVE_CONTROL","dim.clarity","57","heuristic dimension","54"
"c=66793f247b52","376JmatmnaI","NEGATIVE_CONTROL","dim.controversy","68","heuristic dimension","54"
"c=66793f247b52","376JmatmnaI","NEGATIVE_CONTROL","dim.teachingValue","34","heuristic dimension","54"
"c=66793f247b52","376JmatmnaI","NEGATIVE_CONTROL","dim.entertainment","59","heuristic dimension","54"
"c=66793f247b52","376JmatmnaI","NEGATIVE_CONTROL","base_score","60.1","0.55*drivers + 0.45*gates","54"
"c=66793f247b52","376JmatmnaI","NEGATIVE_CONTROL","duration_multiplier","0.9","piecewise duration curve","54"
"c=dc86cdd46fad","376JmatmnaI","NEGATIVE_CONTROL","dim.hook","21","heuristic dimension","55"
"c=dc86cdd46fad","376JmatmnaI","NEGATIVE_CONTROL","dim.curiosity","58","heuristic dimension","55"
"c=dc86cdd46fad","376JmatmnaI","NEGATIVE_CONTROL","dim.emotion","73","heuristic dimension","55"
"c=dc86cdd46fad","376JmatmnaI","NEGATIVE_CONTROL","dim.storytelling","76","heuristic dimension","55"
"c=dc86cdd46fad","376JmatmnaI","NEGATIVE_CONTROL","dim.standalone","51","heuristic dimension","55"
"c=dc86cdd46fad","376JmatmnaI","NEGATIVE_CONTROL","dim.shareability","39","heuristic dimension","55"
"c=dc86cdd46fad","376JmatmnaI","NEGATIVE_CONTROL","dim.clarity","58","heuristic dimension","55"
"c=dc86cdd46fad","376JmatmnaI","NEGATIVE_CONTROL","dim.controversy","68","heuristic dimension","55"
"c=dc86cdd46fad","376JmatmnaI","NEGATIVE_CONTROL","dim.teachingValue","34","heuristic dimension","55"
"c=dc86cdd46fad","376JmatmnaI","NEGATIVE_CONTROL","dim.entertainment","59","heuristic dimension","55"
"c=dc86cdd46fad","376JmatmnaI","NEGATIVE_CONTROL","base_score","60.8","0.55*drivers + 0.45*gates","55"
"c=dc86cdd46fad","376JmatmnaI","NEGATIVE_CONTROL","duration_multiplier","0.9","piecewise duration curve","55"
"c=d6a753effac3","376JmatmnaI","NEGATIVE_CONTROL","dim.hook","21","heuristic dimension","56"
"c=d6a753effac3","376JmatmnaI","NEGATIVE_CONTROL","dim.curiosity","58","heuristic dimension","56"
"c=d6a753effac3","376JmatmnaI","NEGATIVE_CONTROL","dim.emotion","76","heuristic dimension","56"
"c=d6a753effac3","376JmatmnaI","NEGATIVE_CONTROL","dim.storytelling","76","heuristic dimension","56"
"c=d6a753effac3","376JmatmnaI","NEGATIVE_CONTROL","dim.standalone","51","heuristic dimension","56"
"c=d6a753effac3","376JmatmnaI","NEGATIVE_CONTROL","dim.shareability","56","heuristic dimension","56"
"c=d6a753effac3","376JmatmnaI","NEGATIVE_CONTROL","dim.clarity","59","heuristic dimension","56"
"c=d6a753effac3","376JmatmnaI","NEGATIVE_CONTROL","dim.controversy","68","heuristic dimension","56"
"c=d6a753effac3","376JmatmnaI","NEGATIVE_CONTROL","dim.teachingValue","53","heuristic dimension","56"
"c=d6a753effac3","376JmatmnaI","NEGATIVE_CONTROL","dim.entertainment","59","heuristic dimension","56"
"c=d6a753effac3","376JmatmnaI","NEGATIVE_CONTROL","base_score","61.8","0.55*drivers + 0.45*gates","56"
"c=d6a753effac3","376JmatmnaI","NEGATIVE_CONTROL","duration_multiplier","0.9","piecewise duration curve","56"
"c=5ba8e08ddcfa","376JmatmnaI","NEGATIVE_CONTROL","dim.hook","21","heuristic dimension","56"
"c=5ba8e08ddcfa","376JmatmnaI","NEGATIVE_CONTROL","dim.curiosity","58","heuristic dimension","56"
"c=5ba8e08ddcfa","376JmatmnaI","NEGATIVE_CONTROL","dim.emotion","78","heuristic dimension","56"
"c=5ba8e08ddcfa","376JmatmnaI","NEGATIVE_CONTROL","dim.storytelling","76","heuristic dimension","56"
"c=5ba8e08ddcfa","376JmatmnaI","NEGATIVE_CONTROL","dim.standalone","51","heuristic dimension","56"
"c=5ba8e08ddcfa","376JmatmnaI","NEGATIVE_CONTROL","dim.shareability","56","heuristic dimension","56"
"c=5ba8e08ddcfa","376JmatmnaI","NEGATIVE_CONTROL","dim.clarity","59","heuristic dimension","56"
"c=5ba8e08ddcfa","376JmatmnaI","NEGATIVE_CONTROL","dim.controversy","68","heuristic dimension","56"
"c=5ba8e08ddcfa","376JmatmnaI","NEGATIVE_CONTROL","dim.teachingValue","53","heuristic dimension","56"
"c=5ba8e08ddcfa","376JmatmnaI","NEGATIVE_CONTROL","dim.entertainment","59","heuristic dimension","56"
"c=5ba8e08ddcfa","376JmatmnaI","NEGATIVE_CONTROL","base_score","62.3","0.55*drivers + 0.45*gates","56"
"c=5ba8e08ddcfa","376JmatmnaI","NEGATIVE_CONTROL","duration_multiplier","0.9","piecewise duration curve","56"
"c=fc414046e98f","376JmatmnaI","NEGATIVE_CONTROL","dim.hook","21","heuristic dimension","56"
"c=fc414046e98f","376JmatmnaI","NEGATIVE_CONTROL","dim.curiosity","58","heuristic dimension","56"
"c=fc414046e98f","376JmatmnaI","NEGATIVE_CONTROL","dim.emotion","79","heuristic dimension","56"
"c=fc414046e98f","376JmatmnaI","NEGATIVE_CONTROL","dim.storytelling","76","heuristic dimension","56"
"c=fc414046e98f","376JmatmnaI","NEGATIVE_CONTROL","dim.standalone","51","heuristic dimension","56"
"c=fc414046e98f","376JmatmnaI","NEGATIVE_CONTROL","dim.shareability","56","heuristic dimension","56"
"c=fc414046e98f","376JmatmnaI","NEGATIVE_CONTROL","dim.clarity","59","heuristic dimension","56"
"c=fc414046e98f","376JmatmnaI","NEGATIVE_CONTROL","dim.controversy","68","heuristic dimension","56"
"c=fc414046e98f","376JmatmnaI","NEGATIVE_CONTROL","dim.teachingValue","53","heuristic dimension","56"
"c=fc414046e98f","376JmatmnaI","NEGATIVE_CONTROL","dim.entertainment","59","heuristic dimension","56"
"c=fc414046e98f","376JmatmnaI","NEGATIVE_CONTROL","base_score","62.6","0.55*drivers + 0.45*gates","56"
"c=fc414046e98f","376JmatmnaI","NEGATIVE_CONTROL","duration_multiplier","0.9","piecewise duration curve","56"
"c=a6087fc24f50","376JmatmnaI","NEGATIVE_CONTROL","dim.hook","21","heuristic dimension","56"
"c=a6087fc24f50","376JmatmnaI","NEGATIVE_CONTROL","dim.curiosity","58","heuristic dimension","56"
"c=a6087fc24f50","376JmatmnaI","NEGATIVE_CONTROL","dim.emotion","79","heuristic dimension","56"
"c=a6087fc24f50","376JmatmnaI","NEGATIVE_CONTROL","dim.storytelling","76","heuristic dimension","56"
"c=a6087fc24f50","376JmatmnaI","NEGATIVE_CONTROL","dim.standalone","51","heuristic dimension","56"
"c=a6087fc24f50","376JmatmnaI","NEGATIVE_CONTROL","dim.shareability","56","heuristic dimension","56"
"c=a6087fc24f50","376JmatmnaI","NEGATIVE_CONTROL","dim.clarity","58","heuristic dimension","56"
"c=a6087fc24f50","376JmatmnaI","NEGATIVE_CONTROL","dim.controversy","68","heuristic dimension","56"
"c=a6087fc24f50","376JmatmnaI","NEGATIVE_CONTROL","dim.teachingValue","53","heuristic dimension","56"
"c=a6087fc24f50","376JmatmnaI","NEGATIVE_CONTROL","dim.entertainment","59","heuristic dimension","56"
"c=a6087fc24f50","376JmatmnaI","NEGATIVE_CONTROL","base_score","62.5","0.55*drivers + 0.45*gates","56"
"c=a6087fc24f50","376JmatmnaI","NEGATIVE_CONTROL","duration_multiplier","0.9","piecewise duration curve","56"
"c=4ba55bd87a91","376JmatmnaI","NEGATIVE_CONTROL","dim.hook","21","heuristic dimension","58"
"c=4ba55bd87a91","376JmatmnaI","NEGATIVE_CONTROL","dim.curiosity","58","heuristic dimension","58"
"c=4ba55bd87a91","376JmatmnaI","NEGATIVE_CONTROL","dim.emotion","75","heuristic dimension","58"
"c=4ba55bd87a91","376JmatmnaI","NEGATIVE_CONTROL","dim.storytelling","88","heuristic dimension","58"
"c=4ba55bd87a91","376JmatmnaI","NEGATIVE_CONTROL","dim.standalone","51","heuristic dimension","58"
"c=4ba55bd87a91","376JmatmnaI","NEGATIVE_CONTROL","dim.shareability","56","heuristic dimension","58"
"c=4ba55bd87a91","376JmatmnaI","NEGATIVE_CONTROL","dim.clarity","56","heuristic dimension","58"
"c=4ba55bd87a91","376JmatmnaI","NEGATIVE_CONTROL","dim.controversy","68","heuristic dimension","58"
"c=4ba55bd87a91","376JmatmnaI","NEGATIVE_CONTROL","dim.teachingValue","53","heuristic dimension","58"
"c=4ba55bd87a91","376JmatmnaI","NEGATIVE_CONTROL","dim.entertainment","59","heuristic dimension","58"
"c=4ba55bd87a91","376JmatmnaI","NEGATIVE_CONTROL","base_score","64.4","0.55*drivers + 0.45*gates","58"
"c=4ba55bd87a91","376JmatmnaI","NEGATIVE_CONTROL","duration_multiplier","0.9","piecewise duration curve","58"
"c=8e811b9695df","376JmatmnaI","NEGATIVE_CONTROL","dim.hook","21","heuristic dimension","58"
"c=8e811b9695df","376JmatmnaI","NEGATIVE_CONTROL","dim.curiosity","58","heuristic dimension","58"
"c=8e811b9695df","376JmatmnaI","NEGATIVE_CONTROL","dim.emotion","75","heuristic dimension","58"
"c=8e811b9695df","376JmatmnaI","NEGATIVE_CONTROL","dim.storytelling","88","heuristic dimension","58"
"c=8e811b9695df","376JmatmnaI","NEGATIVE_CONTROL","dim.standalone","51","heuristic dimension","58"
"c=8e811b9695df","376JmatmnaI","NEGATIVE_CONTROL","dim.shareability","56","heuristic dimension","58"
"c=8e811b9695df","376JmatmnaI","NEGATIVE_CONTROL","dim.clarity","56","heuristic dimension","58"
"c=8e811b9695df","376JmatmnaI","NEGATIVE_CONTROL","dim.controversy","68","heuristic dimension","58"
"c=8e811b9695df","376JmatmnaI","NEGATIVE_CONTROL","dim.teachingValue","53","heuristic dimension","58"
"c=8e811b9695df","376JmatmnaI","NEGATIVE_CONTROL","dim.entertainment","59","heuristic dimension","58"
"c=8e811b9695df","376JmatmnaI","NEGATIVE_CONTROL","base_score","64.4","0.55*drivers + 0.45*gates","58"
"c=8e811b9695df","376JmatmnaI","NEGATIVE_CONTROL","duration_multiplier","0.9","piecewise duration curve","58"
"c=9e94a8b9a84c","376JmatmnaI","NEGATIVE_CONTROL","dim.hook","21","heuristic dimension","58"
"c=9e94a8b9a84c","376JmatmnaI","NEGATIVE_CONTROL","dim.curiosity","58","heuristic dimension","58"
"c=9e94a8b9a84c","376JmatmnaI","NEGATIVE_CONTROL","dim.emotion","73","heuristic dimension","58"
"c=9e94a8b9a84c","376JmatmnaI","NEGATIVE_CONTROL","dim.storytelling","88","heuristic dimension","58"
"c=9e94a8b9a84c","376JmatmnaI","NEGATIVE_CONTROL","dim.standalone","51","heuristic dimension","58"
"c=9e94a8b9a84c","376JmatmnaI","NEGATIVE_CONTROL","dim.shareability","56","heuristic dimension","58"
"c=9e94a8b9a84c","376JmatmnaI","NEGATIVE_CONTROL","dim.clarity","58","heuristic dimension","58"
"c=9e94a8b9a84c","376JmatmnaI","NEGATIVE_CONTROL","dim.controversy","68","heuristic dimension","58"
"c=9e94a8b9a84c","376JmatmnaI","NEGATIVE_CONTROL","dim.teachingValue","53","heuristic dimension","58"
"c=9e94a8b9a84c","376JmatmnaI","NEGATIVE_CONTROL","dim.entertainment","59","heuristic dimension","58"
"c=9e94a8b9a84c","376JmatmnaI","NEGATIVE_CONTROL","base_score","64.1","0.55*drivers + 0.45*gates","58"
"c=9e94a8b9a84c","376JmatmnaI","NEGATIVE_CONTROL","duration_multiplier","0.9","piecewise duration curve","58"
"c=24a233d5fb09","376JmatmnaI","NEGATIVE_CONTROL","dim.hook","21","heuristic dimension","57"
"c=24a233d5fb09","376JmatmnaI","NEGATIVE_CONTROL","dim.curiosity","58","heuristic dimension","57"
"c=24a233d5fb09","376JmatmnaI","NEGATIVE_CONTROL","dim.emotion","72","heuristic dimension","57"
"c=24a233d5fb09","376JmatmnaI","NEGATIVE_CONTROL","dim.storytelling","88","heuristic dimension","57"
"c=24a233d5fb09","376JmatmnaI","NEGATIVE_CONTROL","dim.standalone","51","heuristic dimension","57"
"c=24a233d5fb09","376JmatmnaI","NEGATIVE_CONTROL","dim.shareability","56","heuristic dimension","57"
"c=24a233d5fb09","376JmatmnaI","NEGATIVE_CONTROL","dim.clarity","58","heuristic dimension","57"
"c=24a233d5fb09","376JmatmnaI","NEGATIVE_CONTROL","dim.controversy","68","heuristic dimension","57"
"c=24a233d5fb09","376JmatmnaI","NEGATIVE_CONTROL","dim.teachingValue","53","heuristic dimension","57"
"c=24a233d5fb09","376JmatmnaI","NEGATIVE_CONTROL","dim.entertainment","59","heuristic dimension","57"
"c=24a233d5fb09","376JmatmnaI","NEGATIVE_CONTROL","base_score","63.8","0.55*drivers + 0.45*gates","57"
"c=24a233d5fb09","376JmatmnaI","NEGATIVE_CONTROL","duration_multiplier","0.9","piecewise duration curve","57"
"c=8652ccf7e90f","376JmatmnaI","NEGATIVE_CONTROL","dim.hook","21","heuristic dimension","57"
"c=8652ccf7e90f","376JmatmnaI","NEGATIVE_CONTROL","dim.curiosity","58","heuristic dimension","57"
"c=8652ccf7e90f","376JmatmnaI","NEGATIVE_CONTROL","dim.emotion","72","heuristic dimension","57"
"c=8652ccf7e90f","376JmatmnaI","NEGATIVE_CONTROL","dim.storytelling","88","heuristic dimension","57"
"c=8652ccf7e90f","376JmatmnaI","NEGATIVE_CONTROL","dim.standalone","51","heuristic dimension","57"
"c=8652ccf7e90f","376JmatmnaI","NEGATIVE_CONTROL","dim.shareability","56","heuristic dimension","57"
"c=8652ccf7e90f","376JmatmnaI","NEGATIVE_CONTROL","dim.clarity","58","heuristic dimension","57"
"c=8652ccf7e90f","376JmatmnaI","NEGATIVE_CONTROL","dim.controversy","68","heuristic dimension","57"
"c=8652ccf7e90f","376JmatmnaI","NEGATIVE_CONTROL","dim.teachingValue","53","heuristic dimension","57"
"c=8652ccf7e90f","376JmatmnaI","NEGATIVE_CONTROL","dim.entertainment","59","heuristic dimension","57"
"c=8652ccf7e90f","376JmatmnaI","NEGATIVE_CONTROL","base_score","63.8","0.55*drivers + 0.45*gates","57"
"c=8652ccf7e90f","376JmatmnaI","NEGATIVE_CONTROL","duration_multiplier","0.9","piecewise duration curve","57"
"c=5956d82f141a","376JmatmnaI","NEGATIVE_CONTROL","dim.hook","21","heuristic dimension","58"
"c=5956d82f141a","376JmatmnaI","NEGATIVE_CONTROL","dim.curiosity","58","heuristic dimension","58"
"c=5956d82f141a","376JmatmnaI","NEGATIVE_CONTROL","dim.emotion","72","heuristic dimension","58"
"c=5956d82f141a","376JmatmnaI","NEGATIVE_CONTROL","dim.storytelling","88","heuristic dimension","58"
"c=5956d82f141a","376JmatmnaI","NEGATIVE_CONTROL","dim.standalone","51","heuristic dimension","58"
"c=5956d82f141a","376JmatmnaI","NEGATIVE_CONTROL","dim.shareability","56","heuristic dimension","58"
"c=5956d82f141a","376JmatmnaI","NEGATIVE_CONTROL","dim.clarity","59","heuristic dimension","58"
"c=5956d82f141a","376JmatmnaI","NEGATIVE_CONTROL","dim.controversy","68","heuristic dimension","58"
"c=5956d82f141a","376JmatmnaI","NEGATIVE_CONTROL","dim.teachingValue","53","heuristic dimension","58"
"c=5956d82f141a","376JmatmnaI","NEGATIVE_CONTROL","dim.entertainment","59","heuristic dimension","58"
"c=5956d82f141a","376JmatmnaI","NEGATIVE_CONTROL","base_score","64","0.55*drivers + 0.45*gates","58"
"c=5956d82f141a","376JmatmnaI","NEGATIVE_CONTROL","duration_multiplier","0.9","piecewise duration curve","58"
"c=579ce7c7ae72","376JmatmnaI","NEGATIVE_CONTROL","dim.hook","21","heuristic dimension","57"
"c=579ce7c7ae72","376JmatmnaI","NEGATIVE_CONTROL","dim.curiosity","58","heuristic dimension","57"
"c=579ce7c7ae72","376JmatmnaI","NEGATIVE_CONTROL","dim.emotion","71","heuristic dimension","57"
"c=579ce7c7ae72","376JmatmnaI","NEGATIVE_CONTROL","dim.storytelling","88","heuristic dimension","57"
"c=579ce7c7ae72","376JmatmnaI","NEGATIVE_CONTROL","dim.standalone","51","heuristic dimension","57"
"c=579ce7c7ae72","376JmatmnaI","NEGATIVE_CONTROL","dim.shareability","56","heuristic dimension","57"
"c=579ce7c7ae72","376JmatmnaI","NEGATIVE_CONTROL","dim.clarity","59","heuristic dimension","57"
"c=579ce7c7ae72","376JmatmnaI","NEGATIVE_CONTROL","dim.controversy","68","heuristic dimension","57"
"c=579ce7c7ae72","376JmatmnaI","NEGATIVE_CONTROL","dim.teachingValue","53","heuristic dimension","57"
"c=579ce7c7ae72","376JmatmnaI","NEGATIVE_CONTROL","dim.entertainment","59","heuristic dimension","57"
"c=579ce7c7ae72","376JmatmnaI","NEGATIVE_CONTROL","base_score","63.7","0.55*drivers + 0.45*gates","57"
"c=579ce7c7ae72","376JmatmnaI","NEGATIVE_CONTROL","duration_multiplier","0.9","piecewise duration curve","57"
"c=39c2fc0001b4","376JmatmnaI","NEGATIVE_CONTROL","dim.hook","21","heuristic dimension","59"
"c=39c2fc0001b4","376JmatmnaI","NEGATIVE_CONTROL","dim.curiosity","58","heuristic dimension","59"
"c=39c2fc0001b4","376JmatmnaI","NEGATIVE_CONTROL","dim.emotion","71","heuristic dimension","59"
"c=39c2fc0001b4","376JmatmnaI","NEGATIVE_CONTROL","dim.storytelling","88","heuristic dimension","59"
"c=39c2fc0001b4","376JmatmnaI","NEGATIVE_CONTROL","dim.standalone","51","heuristic dimension","59"
"c=39c2fc0001b4","376JmatmnaI","NEGATIVE_CONTROL","dim.shareability","56","heuristic dimension","59"
"c=39c2fc0001b4","376JmatmnaI","NEGATIVE_CONTROL","dim.clarity","58","heuristic dimension","59"
"c=39c2fc0001b4","376JmatmnaI","NEGATIVE_CONTROL","dim.controversy","68","heuristic dimension","59"
"c=39c2fc0001b4","376JmatmnaI","NEGATIVE_CONTROL","dim.teachingValue","53","heuristic dimension","59"
"c=39c2fc0001b4","376JmatmnaI","NEGATIVE_CONTROL","dim.entertainment","78","heuristic dimension","59"
"c=39c2fc0001b4","376JmatmnaI","NEGATIVE_CONTROL","base_score","65.5","0.55*drivers + 0.45*gates","59"
"c=39c2fc0001b4","376JmatmnaI","NEGATIVE_CONTROL","duration_multiplier","0.9","piecewise duration curve","59"
"c=5d4688039ab1","376JmatmnaI","NEGATIVE_CONTROL","dim.hook","21","heuristic dimension","59"
"c=5d4688039ab1","376JmatmnaI","NEGATIVE_CONTROL","dim.curiosity","58","heuristic dimension","59"
"c=5d4688039ab1","376JmatmnaI","NEGATIVE_CONTROL","dim.emotion","69","heuristic dimension","59"
"c=5d4688039ab1","376JmatmnaI","NEGATIVE_CONTROL","dim.storytelling","88","heuristic dimension","59"
"c=5d4688039ab1","376JmatmnaI","NEGATIVE_CONTROL","dim.standalone","51","heuristic dimension","59"
"c=5d4688039ab1","376JmatmnaI","NEGATIVE_CONTROL","dim.shareability","56","heuristic dimension","59"
"c=5d4688039ab1","376JmatmnaI","NEGATIVE_CONTROL","dim.clarity","58","heuristic dimension","59"
"c=5d4688039ab1","376JmatmnaI","NEGATIVE_CONTROL","dim.controversy","68","heuristic dimension","59"
"c=5d4688039ab1","376JmatmnaI","NEGATIVE_CONTROL","dim.teachingValue","53","heuristic dimension","59"
"c=5d4688039ab1","376JmatmnaI","NEGATIVE_CONTROL","dim.entertainment","78","heuristic dimension","59"
"c=5d4688039ab1","376JmatmnaI","NEGATIVE_CONTROL","base_score","65.5","0.55*drivers + 0.45*gates","59"
"c=5d4688039ab1","376JmatmnaI","NEGATIVE_CONTROL","duration_multiplier","0.9","piecewise duration curve","59"
"c=b69cff48a835","376JmatmnaI","NEGATIVE_CONTROL","dim.hook","21","heuristic dimension","59"
"c=b69cff48a835","376JmatmnaI","NEGATIVE_CONTROL","dim.curiosity","58","heuristic dimension","59"
"c=b69cff48a835","376JmatmnaI","NEGATIVE_CONTROL","dim.emotion","69","heuristic dimension","59"
"c=b69cff48a835","376JmatmnaI","NEGATIVE_CONTROL","dim.storytelling","88","heuristic dimension","59"
"c=b69cff48a835","376JmatmnaI","NEGATIVE_CONTROL","dim.standalone","51","heuristic dimension","59"
"c=b69cff48a835","376JmatmnaI","NEGATIVE_CONTROL","dim.shareability","62","heuristic dimension","59"
"c=b69cff48a835","376JmatmnaI","NEGATIVE_CONTROL","dim.clarity","58","heuristic dimension","59"
"c=b69cff48a835","376JmatmnaI","NEGATIVE_CONTROL","dim.controversy","68","heuristic dimension","59"
"c=b69cff48a835","376JmatmnaI","NEGATIVE_CONTROL","dim.teachingValue","53","heuristic dimension","59"
"c=b69cff48a835","376JmatmnaI","NEGATIVE_CONTROL","dim.entertainment","78","heuristic dimension","59"
"c=b69cff48a835","376JmatmnaI","NEGATIVE_CONTROL","base_score","65.5","0.55*drivers + 0.45*gates","59"
"c=b69cff48a835","376JmatmnaI","NEGATIVE_CONTROL","duration_multiplier","0.9","piecewise duration curve","59"
"c=4554409f9874","376JmatmnaI","NEGATIVE_CONTROL","dim.hook","21","heuristic dimension","59"
"c=4554409f9874","376JmatmnaI","NEGATIVE_CONTROL","dim.curiosity","58","heuristic dimension","59"
"c=4554409f9874","376JmatmnaI","NEGATIVE_CONTROL","dim.emotion","70","heuristic dimension","59"
"c=4554409f9874","376JmatmnaI","NEGATIVE_CONTROL","dim.storytelling","88","heuristic dimension","59"
"c=4554409f9874","376JmatmnaI","NEGATIVE_CONTROL","dim.standalone","51","heuristic dimension","59"
"c=4554409f9874","376JmatmnaI","NEGATIVE_CONTROL","dim.shareability","62","heuristic dimension","59"
"c=4554409f9874","376JmatmnaI","NEGATIVE_CONTROL","dim.clarity","59","heuristic dimension","59"
"c=4554409f9874","376JmatmnaI","NEGATIVE_CONTROL","dim.controversy","68","heuristic dimension","59"
"c=4554409f9874","376JmatmnaI","NEGATIVE_CONTROL","dim.teachingValue","58","heuristic dimension","59"
"c=4554409f9874","376JmatmnaI","NEGATIVE_CONTROL","dim.entertainment","78","heuristic dimension","59"
"c=4554409f9874","376JmatmnaI","NEGATIVE_CONTROL","base_score","65.6","0.55*drivers + 0.45*gates","59"
"c=4554409f9874","376JmatmnaI","NEGATIVE_CONTROL","duration_multiplier","0.9","piecewise duration curve","59"
"c=776b141172e0","376JmatmnaI","NEGATIVE_CONTROL","dim.hook","21","heuristic dimension","59"
"c=776b141172e0","376JmatmnaI","NEGATIVE_CONTROL","dim.curiosity","58","heuristic dimension","59"
"c=776b141172e0","376JmatmnaI","NEGATIVE_CONTROL","dim.emotion","69","heuristic dimension","59"
"c=776b141172e0","376JmatmnaI","NEGATIVE_CONTROL","dim.storytelling","88","heuristic dimension","59"
"c=776b141172e0","376JmatmnaI","NEGATIVE_CONTROL","dim.standalone","51","heuristic dimension","59"
"c=776b141172e0","376JmatmnaI","NEGATIVE_CONTROL","dim.shareability","62","heuristic dimension","59"
"c=776b141172e0","376JmatmnaI","NEGATIVE_CONTROL","dim.clarity","58","heuristic dimension","59"
"c=776b141172e0","376JmatmnaI","NEGATIVE_CONTROL","dim.controversy","68","heuristic dimension","59"
"c=776b141172e0","376JmatmnaI","NEGATIVE_CONTROL","dim.teachingValue","58","heuristic dimension","59"
"c=776b141172e0","376JmatmnaI","NEGATIVE_CONTROL","dim.entertainment","78","heuristic dimension","59"
"c=776b141172e0","376JmatmnaI","NEGATIVE_CONTROL","base_score","65.5","0.55*drivers + 0.45*gates","59"
"c=776b141172e0","376JmatmnaI","NEGATIVE_CONTROL","duration_multiplier","0.9","piecewise duration curve","59"
"c=39b4302deff1","376JmatmnaI","NEGATIVE_CONTROL","dim.hook","21","heuristic dimension","59"
"c=39b4302deff1","376JmatmnaI","NEGATIVE_CONTROL","dim.curiosity","58","heuristic dimension","59"
"c=39b4302deff1","376JmatmnaI","NEGATIVE_CONTROL","dim.emotion","69","heuristic dimension","59"
"c=39b4302deff1","376JmatmnaI","NEGATIVE_CONTROL","dim.storytelling","88","heuristic dimension","59"
"c=39b4302deff1","376JmatmnaI","NEGATIVE_CONTROL","dim.standalone","51","heuristic dimension","59"
"c=39b4302deff1","376JmatmnaI","NEGATIVE_CONTROL","dim.shareability","62","heuristic dimension","59"
"c=39b4302deff1","376JmatmnaI","NEGATIVE_CONTROL","dim.clarity","58","heuristic dimension","59"
"c=39b4302deff1","376JmatmnaI","NEGATIVE_CONTROL","dim.controversy","68","heuristic dimension","59"
"c=39b4302deff1","376JmatmnaI","NEGATIVE_CONTROL","dim.teachingValue","58","heuristic dimension","59"
"c=39b4302deff1","376JmatmnaI","NEGATIVE_CONTROL","dim.entertainment","78","heuristic dimension","59"
"c=39b4302deff1","376JmatmnaI","NEGATIVE_CONTROL","base_score","65.5","0.55*drivers + 0.45*gates","59"
"c=39b4302deff1","376JmatmnaI","NEGATIVE_CONTROL","duration_multiplier","0.9","piecewise duration curve","59"
"c=8616efa4dfa6","376JmatmnaI","NEGATIVE_CONTROL","dim.hook","21","heuristic dimension","59"
"c=8616efa4dfa6","376JmatmnaI","NEGATIVE_CONTROL","dim.curiosity","58","heuristic dimension","59"
"c=8616efa4dfa6","376JmatmnaI","NEGATIVE_CONTROL","dim.emotion","69","heuristic dimension","59"
"c=8616efa4dfa6","376JmatmnaI","NEGATIVE_CONTROL","dim.storytelling","88","heuristic dimension","59"
"c=8616efa4dfa6","376JmatmnaI","NEGATIVE_CONTROL","dim.standalone","51","heuristic dimension","59"
"c=8616efa4dfa6","376JmatmnaI","NEGATIVE_CONTROL","dim.shareability","62","heuristic dimension","59"
"c=8616efa4dfa6","376JmatmnaI","NEGATIVE_CONTROL","dim.clarity","58","heuristic dimension","59"
"c=8616efa4dfa6","376JmatmnaI","NEGATIVE_CONTROL","dim.controversy","68","heuristic dimension","59"
"c=8616efa4dfa6","376JmatmnaI","NEGATIVE_CONTROL","dim.teachingValue","58","heuristic dimension","59"
"c=8616efa4dfa6","376JmatmnaI","NEGATIVE_CONTROL","dim.entertainment","78","heuristic dimension","59"
"c=8616efa4dfa6","376JmatmnaI","NEGATIVE_CONTROL","base_score","65.5","0.55*drivers + 0.45*gates","59"
"c=8616efa4dfa6","376JmatmnaI","NEGATIVE_CONTROL","duration_multiplier","0.9","piecewise duration curve","59"
"c=92bef482c319","376JmatmnaI","NEGATIVE_CONTROL","dim.hook","21","heuristic dimension","57"
"c=92bef482c319","376JmatmnaI","NEGATIVE_CONTROL","dim.curiosity","58","heuristic dimension","57"
"c=92bef482c319","376JmatmnaI","NEGATIVE_CONTROL","dim.emotion","69","heuristic dimension","57"
"c=92bef482c319","376JmatmnaI","NEGATIVE_CONTROL","dim.storytelling","88","heuristic dimension","57"
"c=92bef482c319","376JmatmnaI","NEGATIVE_CONTROL","dim.standalone","39","heuristic dimension","57"
"c=92bef482c319","376JmatmnaI","NEGATIVE_CONTROL","dim.shareability","62","heuristic dimension","57"
"c=92bef482c319","376JmatmnaI","NEGATIVE_CONTROL","dim.clarity","58","heuristic dimension","57"
"c=92bef482c319","376JmatmnaI","NEGATIVE_CONTROL","dim.controversy","68","heuristic dimension","57"
"c=92bef482c319","376JmatmnaI","NEGATIVE_CONTROL","dim.teachingValue","58","heuristic dimension","57"
"c=92bef482c319","376JmatmnaI","NEGATIVE_CONTROL","dim.entertainment","78","heuristic dimension","57"
"c=92bef482c319","376JmatmnaI","NEGATIVE_CONTROL","base_score","63.3","0.55*drivers + 0.45*gates","57"
"c=92bef482c319","376JmatmnaI","NEGATIVE_CONTROL","duration_multiplier","0.9","piecewise duration curve","57"
"c=abf6809c1f45","376JmatmnaI","NEGATIVE_CONTROL","dim.hook","21","heuristic dimension","57"
"c=abf6809c1f45","376JmatmnaI","NEGATIVE_CONTROL","dim.curiosity","58","heuristic dimension","57"
"c=abf6809c1f45","376JmatmnaI","NEGATIVE_CONTROL","dim.emotion","69","heuristic dimension","57"
"c=abf6809c1f45","376JmatmnaI","NEGATIVE_CONTROL","dim.storytelling","88","heuristic dimension","57"
"c=abf6809c1f45","376JmatmnaI","NEGATIVE_CONTROL","dim.standalone","39","heuristic dimension","57"
"c=abf6809c1f45","376JmatmnaI","NEGATIVE_CONTROL","dim.shareability","62","heuristic dimension","57"
"c=abf6809c1f45","376JmatmnaI","NEGATIVE_CONTROL","dim.clarity","58","heuristic dimension","57"
"c=abf6809c1f45","376JmatmnaI","NEGATIVE_CONTROL","dim.controversy","68","heuristic dimension","57"
"c=abf6809c1f45","376JmatmnaI","NEGATIVE_CONTROL","dim.teachingValue","58","heuristic dimension","57"
"c=abf6809c1f45","376JmatmnaI","NEGATIVE_CONTROL","dim.entertainment","78","heuristic dimension","57"
"c=abf6809c1f45","376JmatmnaI","NEGATIVE_CONTROL","base_score","63.3","0.55*drivers + 0.45*gates","57"
"c=abf6809c1f45","376JmatmnaI","NEGATIVE_CONTROL","duration_multiplier","0.9","piecewise duration curve","57"
"c=4acba6c06e08","376JmatmnaI","NEGATIVE_CONTROL","dim.hook","21","heuristic dimension","57"
"c=4acba6c06e08","376JmatmnaI","NEGATIVE_CONTROL","dim.curiosity","58","heuristic dimension","57"
"c=4acba6c06e08","376JmatmnaI","NEGATIVE_CONTROL","dim.emotion","69","heuristic dimension","57"
"c=4acba6c06e08","376JmatmnaI","NEGATIVE_CONTROL","dim.storytelling","88","heuristic dimension","57"
"c=4acba6c06e08","376JmatmnaI","NEGATIVE_CONTROL","dim.standalone","39","heuristic dimension","57"
"c=4acba6c06e08","376JmatmnaI","NEGATIVE_CONTROL","dim.shareability","62","heuristic dimension","57"
"c=4acba6c06e08","376JmatmnaI","NEGATIVE_CONTROL","dim.clarity","58","heuristic dimension","57"
"c=4acba6c06e08","376JmatmnaI","NEGATIVE_CONTROL","dim.controversy","68","heuristic dimension","57"
"c=4acba6c06e08","376JmatmnaI","NEGATIVE_CONTROL","dim.teachingValue","58","heuristic dimension","57"
"c=4acba6c06e08","376JmatmnaI","NEGATIVE_CONTROL","dim.entertainment","78","heuristic dimension","57"
"c=4acba6c06e08","376JmatmnaI","NEGATIVE_CONTROL","base_score","63.3","0.55*drivers + 0.45*gates","57"
"c=4acba6c06e08","376JmatmnaI","NEGATIVE_CONTROL","duration_multiplier","0.9","piecewise duration curve","57"
"c=7c6619cfa752","376JmatmnaI","NEGATIVE_CONTROL","dim.hook","21","heuristic dimension","57"
"c=7c6619cfa752","376JmatmnaI","NEGATIVE_CONTROL","dim.curiosity","58","heuristic dimension","57"
"c=7c6619cfa752","376JmatmnaI","NEGATIVE_CONTROL","dim.emotion","68","heuristic dimension","57"
"c=7c6619cfa752","376JmatmnaI","NEGATIVE_CONTROL","dim.storytelling","88","heuristic dimension","57"
"c=7c6619cfa752","376JmatmnaI","NEGATIVE_CONTROL","dim.standalone","39","heuristic dimension","57"
"c=7c6619cfa752","376JmatmnaI","NEGATIVE_CONTROL","dim.shareability","62","heuristic dimension","57"
"c=7c6619cfa752","376JmatmnaI","NEGATIVE_CONTROL","dim.clarity","58","heuristic dimension","57"
"c=7c6619cfa752","376JmatmnaI","NEGATIVE_CONTROL","dim.controversy","68","heuristic dimension","57"
"c=7c6619cfa752","376JmatmnaI","NEGATIVE_CONTROL","dim.teachingValue","58","heuristic dimension","57"
"c=7c6619cfa752","376JmatmnaI","NEGATIVE_CONTROL","dim.entertainment","78","heuristic dimension","57"
"c=7c6619cfa752","376JmatmnaI","NEGATIVE_CONTROL","base_score","63.3","0.55*drivers + 0.45*gates","57"
"c=7c6619cfa752","376JmatmnaI","NEGATIVE_CONTROL","duration_multiplier","0.9","piecewise duration curve","57"
"c=f2368808c0c5","376JmatmnaI","NEGATIVE_CONTROL","dim.hook","21","heuristic dimension","57"
"c=f2368808c0c5","376JmatmnaI","NEGATIVE_CONTROL","dim.curiosity","58","heuristic dimension","57"
"c=f2368808c0c5","376JmatmnaI","NEGATIVE_CONTROL","dim.emotion","69","heuristic dimension","57"
"c=f2368808c0c5","376JmatmnaI","NEGATIVE_CONTROL","dim.storytelling","88","heuristic dimension","57"
"c=f2368808c0c5","376JmatmnaI","NEGATIVE_CONTROL","dim.standalone","39","heuristic dimension","57"
"c=f2368808c0c5","376JmatmnaI","NEGATIVE_CONTROL","dim.shareability","62","heuristic dimension","57"
"c=f2368808c0c5","376JmatmnaI","NEGATIVE_CONTROL","dim.clarity","58","heuristic dimension","57"
"c=f2368808c0c5","376JmatmnaI","NEGATIVE_CONTROL","dim.controversy","68","heuristic dimension","57"
"c=f2368808c0c5","376JmatmnaI","NEGATIVE_CONTROL","dim.teachingValue","58","heuristic dimension","57"
"c=f2368808c0c5","376JmatmnaI","NEGATIVE_CONTROL","dim.entertainment","78","heuristic dimension","57"
"c=f2368808c0c5","376JmatmnaI","NEGATIVE_CONTROL","base_score","63.3","0.55*drivers + 0.45*gates","57"
"c=f2368808c0c5","376JmatmnaI","NEGATIVE_CONTROL","duration_multiplier","0.9","piecewise duration curve","57"
"c=750dfd7d46fb","376JmatmnaI","NEGATIVE_CONTROL","dim.hook","21","heuristic dimension","57"
"c=750dfd7d46fb","376JmatmnaI","NEGATIVE_CONTROL","dim.curiosity","58","heuristic dimension","57"
"c=750dfd7d46fb","376JmatmnaI","NEGATIVE_CONTROL","dim.emotion","69","heuristic dimension","57"
"c=750dfd7d46fb","376JmatmnaI","NEGATIVE_CONTROL","dim.storytelling","88","heuristic dimension","57"
"c=750dfd7d46fb","376JmatmnaI","NEGATIVE_CONTROL","dim.standalone","39","heuristic dimension","57"
"c=750dfd7d46fb","376JmatmnaI","NEGATIVE_CONTROL","dim.shareability","62","heuristic dimension","57"
"c=750dfd7d46fb","376JmatmnaI","NEGATIVE_CONTROL","dim.clarity","58","heuristic dimension","57"
"c=750dfd7d46fb","376JmatmnaI","NEGATIVE_CONTROL","dim.controversy","68","heuristic dimension","57"
"c=750dfd7d46fb","376JmatmnaI","NEGATIVE_CONTROL","dim.teachingValue","58","heuristic dimension","57"
"c=750dfd7d46fb","376JmatmnaI","NEGATIVE_CONTROL","dim.entertainment","78","heuristic dimension","57"
"c=750dfd7d46fb","376JmatmnaI","NEGATIVE_CONTROL","base_score","63.3","0.55*drivers + 0.45*gates","57"
"c=750dfd7d46fb","376JmatmnaI","NEGATIVE_CONTROL","duration_multiplier","0.9","piecewise duration curve","57"
"c=fad35e0d1a88","376JmatmnaI","NEGATIVE_CONTROL","dim.hook","21","heuristic dimension","57"
"c=fad35e0d1a88","376JmatmnaI","NEGATIVE_CONTROL","dim.curiosity","58","heuristic dimension","57"
"c=fad35e0d1a88","376JmatmnaI","NEGATIVE_CONTROL","dim.emotion","69","heuristic dimension","57"
"c=fad35e0d1a88","376JmatmnaI","NEGATIVE_CONTROL","dim.storytelling","88","heuristic dimension","57"
"c=fad35e0d1a88","376JmatmnaI","NEGATIVE_CONTROL","dim.standalone","39","heuristic dimension","57"
"c=fad35e0d1a88","376JmatmnaI","NEGATIVE_CONTROL","dim.shareability","79","heuristic dimension","57"
"c=fad35e0d1a88","376JmatmnaI","NEGATIVE_CONTROL","dim.clarity","58","heuristic dimension","57"
"c=fad35e0d1a88","376JmatmnaI","NEGATIVE_CONTROL","dim.controversy","68","heuristic dimension","57"
"c=fad35e0d1a88","376JmatmnaI","NEGATIVE_CONTROL","dim.teachingValue","58","heuristic dimension","57"
"c=fad35e0d1a88","376JmatmnaI","NEGATIVE_CONTROL","dim.entertainment","78","heuristic dimension","57"
"c=fad35e0d1a88","376JmatmnaI","NEGATIVE_CONTROL","base_score","63.6","0.55*drivers + 0.45*gates","57"
"c=fad35e0d1a88","376JmatmnaI","NEGATIVE_CONTROL","duration_multiplier","0.9","piecewise duration curve","57"
"c=051da761b525","376JmatmnaI","NEGATIVE_CONTROL","dim.hook","21","heuristic dimension","57"
"c=051da761b525","376JmatmnaI","NEGATIVE_CONTROL","dim.curiosity","58","heuristic dimension","57"
"c=051da761b525","376JmatmnaI","NEGATIVE_CONTROL","dim.emotion","69","heuristic dimension","57"
"c=051da761b525","376JmatmnaI","NEGATIVE_CONTROL","dim.storytelling","88","heuristic dimension","57"
"c=051da761b525","376JmatmnaI","NEGATIVE_CONTROL","dim.standalone","39","heuristic dimension","57"
"c=051da761b525","376JmatmnaI","NEGATIVE_CONTROL","dim.shareability","79","heuristic dimension","57"
"c=051da761b525","376JmatmnaI","NEGATIVE_CONTROL","dim.clarity","58","heuristic dimension","57"
"c=051da761b525","376JmatmnaI","NEGATIVE_CONTROL","dim.controversy","68","heuristic dimension","57"
"c=051da761b525","376JmatmnaI","NEGATIVE_CONTROL","dim.teachingValue","58","heuristic dimension","57"
"c=051da761b525","376JmatmnaI","NEGATIVE_CONTROL","dim.entertainment","78","heuristic dimension","57"
"c=051da761b525","376JmatmnaI","NEGATIVE_CONTROL","base_score","63.6","0.55*drivers + 0.45*gates","57"
"c=051da761b525","376JmatmnaI","NEGATIVE_CONTROL","duration_multiplier","0.9","piecewise duration curve","57"
"c=8a8caaba84df","376JmatmnaI","NEGATIVE_CONTROL","dim.hook","21","heuristic dimension","57"
"c=8a8caaba84df","376JmatmnaI","NEGATIVE_CONTROL","dim.curiosity","58","heuristic dimension","57"
"c=8a8caaba84df","376JmatmnaI","NEGATIVE_CONTROL","dim.emotion","69","heuristic dimension","57"
"c=8a8caaba84df","376JmatmnaI","NEGATIVE_CONTROL","dim.storytelling","88","heuristic dimension","57"
"c=8a8caaba84df","376JmatmnaI","NEGATIVE_CONTROL","dim.standalone","39","heuristic dimension","57"
"c=8a8caaba84df","376JmatmnaI","NEGATIVE_CONTROL","dim.shareability","79","heuristic dimension","57"
"c=8a8caaba84df","376JmatmnaI","NEGATIVE_CONTROL","dim.clarity","58","heuristic dimension","57"
"c=8a8caaba84df","376JmatmnaI","NEGATIVE_CONTROL","dim.controversy","68","heuristic dimension","57"
"c=8a8caaba84df","376JmatmnaI","NEGATIVE_CONTROL","dim.teachingValue","58","heuristic dimension","57"
"c=8a8caaba84df","376JmatmnaI","NEGATIVE_CONTROL","dim.entertainment","78","heuristic dimension","57"
"c=8a8caaba84df","376JmatmnaI","NEGATIVE_CONTROL","base_score","63.6","0.55*drivers + 0.45*gates","57"
"c=8a8caaba84df","376JmatmnaI","NEGATIVE_CONTROL","duration_multiplier","0.9","piecewise duration curve","57"
"c=dbda7da6c2c1","376JmatmnaI","NEGATIVE_CONTROL","dim.hook","21","heuristic dimension","55"
"c=dbda7da6c2c1","376JmatmnaI","NEGATIVE_CONTROL","dim.curiosity","58","heuristic dimension","55"
"c=dbda7da6c2c1","376JmatmnaI","NEGATIVE_CONTROL","dim.emotion","69","heuristic dimension","55"
"c=dbda7da6c2c1","376JmatmnaI","NEGATIVE_CONTROL","dim.storytelling","88","heuristic dimension","55"
"c=dbda7da6c2c1","376JmatmnaI","NEGATIVE_CONTROL","dim.standalone","27","heuristic dimension","55"
"c=dbda7da6c2c1","376JmatmnaI","NEGATIVE_CONTROL","dim.shareability","79","heuristic dimension","55"
"c=dbda7da6c2c1","376JmatmnaI","NEGATIVE_CONTROL","dim.clarity","58","heuristic dimension","55"
"c=dbda7da6c2c1","376JmatmnaI","NEGATIVE_CONTROL","dim.controversy","68","heuristic dimension","55"
"c=dbda7da6c2c1","376JmatmnaI","NEGATIVE_CONTROL","dim.teachingValue","58","heuristic dimension","55"
"c=dbda7da6c2c1","376JmatmnaI","NEGATIVE_CONTROL","dim.entertainment","78","heuristic dimension","55"
"c=dbda7da6c2c1","376JmatmnaI","NEGATIVE_CONTROL","base_score","61.5","0.55*drivers + 0.45*gates","55"
"c=dbda7da6c2c1","376JmatmnaI","NEGATIVE_CONTROL","duration_multiplier","0.9","piecewise duration curve","55"
"c=0fb0d871c5aa","376JmatmnaI","NEGATIVE_CONTROL","dim.hook","21","heuristic dimension","55"
"c=0fb0d871c5aa","376JmatmnaI","NEGATIVE_CONTROL","dim.curiosity","58","heuristic dimension","55"
"c=0fb0d871c5aa","376JmatmnaI","NEGATIVE_CONTROL","dim.emotion","69","heuristic dimension","55"
"c=0fb0d871c5aa","376JmatmnaI","NEGATIVE_CONTROL","dim.storytelling","88","heuristic dimension","55"
"c=0fb0d871c5aa","376JmatmnaI","NEGATIVE_CONTROL","dim.standalone","27","heuristic dimension","55"
"c=0fb0d871c5aa","376JmatmnaI","NEGATIVE_CONTROL","dim.shareability","79","heuristic dimension","55"
"c=0fb0d871c5aa","376JmatmnaI","NEGATIVE_CONTROL","dim.clarity","58","heuristic dimension","55"
"c=0fb0d871c5aa","376JmatmnaI","NEGATIVE_CONTROL","dim.controversy","68","heuristic dimension","55"
"c=0fb0d871c5aa","376JmatmnaI","NEGATIVE_CONTROL","dim.teachingValue","58","heuristic dimension","55"
"c=0fb0d871c5aa","376JmatmnaI","NEGATIVE_CONTROL","dim.entertainment","78","heuristic dimension","55"
"c=0fb0d871c5aa","376JmatmnaI","NEGATIVE_CONTROL","base_score","61.5","0.55*drivers + 0.45*gates","55"
"c=0fb0d871c5aa","376JmatmnaI","NEGATIVE_CONTROL","duration_multiplier","0.9","piecewise duration curve","55"
"c=b64aba548e90","376JmatmnaI","NEGATIVE_CONTROL","dim.hook","21","heuristic dimension","55"
"c=b64aba548e90","376JmatmnaI","NEGATIVE_CONTROL","dim.curiosity","58","heuristic dimension","55"
"c=b64aba548e90","376JmatmnaI","NEGATIVE_CONTROL","dim.emotion","69","heuristic dimension","55"
"c=b64aba548e90","376JmatmnaI","NEGATIVE_CONTROL","dim.storytelling","88","heuristic dimension","55"
"c=b64aba548e90","376JmatmnaI","NEGATIVE_CONTROL","dim.standalone","27","heuristic dimension","55"
"c=b64aba548e90","376JmatmnaI","NEGATIVE_CONTROL","dim.shareability","79","heuristic dimension","55"
"c=b64aba548e90","376JmatmnaI","NEGATIVE_CONTROL","dim.clarity","58","heuristic dimension","55"
"c=b64aba548e90","376JmatmnaI","NEGATIVE_CONTROL","dim.controversy","68","heuristic dimension","55"
"c=b64aba548e90","376JmatmnaI","NEGATIVE_CONTROL","dim.teachingValue","58","heuristic dimension","55"
"c=b64aba548e90","376JmatmnaI","NEGATIVE_CONTROL","dim.entertainment","78","heuristic dimension","55"
"c=b64aba548e90","376JmatmnaI","NEGATIVE_CONTROL","base_score","61.5","0.55*drivers + 0.45*gates","55"
"c=b64aba548e90","376JmatmnaI","NEGATIVE_CONTROL","duration_multiplier","0.9","piecewise duration curve","55"
"c=aee89a74a40c","376JmatmnaI","NEGATIVE_CONTROL","dim.hook","21","heuristic dimension","55"
"c=aee89a74a40c","376JmatmnaI","NEGATIVE_CONTROL","dim.curiosity","58","heuristic dimension","55"
"c=aee89a74a40c","376JmatmnaI","NEGATIVE_CONTROL","dim.emotion","69","heuristic dimension","55"
"c=aee89a74a40c","376JmatmnaI","NEGATIVE_CONTROL","dim.storytelling","88","heuristic dimension","55"
"c=aee89a74a40c","376JmatmnaI","NEGATIVE_CONTROL","dim.standalone","27","heuristic dimension","55"
"c=aee89a74a40c","376JmatmnaI","NEGATIVE_CONTROL","dim.shareability","79","heuristic dimension","55"
"c=aee89a74a40c","376JmatmnaI","NEGATIVE_CONTROL","dim.clarity","57","heuristic dimension","55"
"c=aee89a74a40c","376JmatmnaI","NEGATIVE_CONTROL","dim.controversy","68","heuristic dimension","55"
"c=aee89a74a40c","376JmatmnaI","NEGATIVE_CONTROL","dim.teachingValue","58","heuristic dimension","55"
"c=aee89a74a40c","376JmatmnaI","NEGATIVE_CONTROL","dim.entertainment","78","heuristic dimension","55"
"c=aee89a74a40c","376JmatmnaI","NEGATIVE_CONTROL","base_score","61.3","0.55*drivers + 0.45*gates","55"
"c=aee89a74a40c","376JmatmnaI","NEGATIVE_CONTROL","duration_multiplier","0.9","piecewise duration curve","55"
"c=e58e6721f1ad","376JmatmnaI","NEGATIVE_CONTROL","dim.hook","21","heuristic dimension","55"
"c=e58e6721f1ad","376JmatmnaI","NEGATIVE_CONTROL","dim.curiosity","58","heuristic dimension","55"
"c=e58e6721f1ad","376JmatmnaI","NEGATIVE_CONTROL","dim.emotion","69","heuristic dimension","55"
"c=e58e6721f1ad","376JmatmnaI","NEGATIVE_CONTROL","dim.storytelling","88","heuristic dimension","55"
"c=e58e6721f1ad","376JmatmnaI","NEGATIVE_CONTROL","dim.standalone","27","heuristic dimension","55"
"c=e58e6721f1ad","376JmatmnaI","NEGATIVE_CONTROL","dim.shareability","79","heuristic dimension","55"
"c=e58e6721f1ad","376JmatmnaI","NEGATIVE_CONTROL","dim.clarity","56","heuristic dimension","55"
"c=e58e6721f1ad","376JmatmnaI","NEGATIVE_CONTROL","dim.controversy","68","heuristic dimension","55"
"c=e58e6721f1ad","376JmatmnaI","NEGATIVE_CONTROL","dim.teachingValue","58","heuristic dimension","55"
"c=e58e6721f1ad","376JmatmnaI","NEGATIVE_CONTROL","dim.entertainment","78","heuristic dimension","55"
"c=e58e6721f1ad","376JmatmnaI","NEGATIVE_CONTROL","base_score","61.2","0.55*drivers + 0.45*gates","55"
"c=e58e6721f1ad","376JmatmnaI","NEGATIVE_CONTROL","duration_multiplier","0.9","piecewise duration curve","55"
"c=15db40d6dca1","376JmatmnaI","NEGATIVE_CONTROL","dim.hook","21","heuristic dimension","55"
"c=15db40d6dca1","376JmatmnaI","NEGATIVE_CONTROL","dim.curiosity","58","heuristic dimension","55"
"c=15db40d6dca1","376JmatmnaI","NEGATIVE_CONTROL","dim.emotion","69","heuristic dimension","55"
"c=15db40d6dca1","376JmatmnaI","NEGATIVE_CONTROL","dim.storytelling","88","heuristic dimension","55"
"c=15db40d6dca1","376JmatmnaI","NEGATIVE_CONTROL","dim.standalone","27","heuristic dimension","55"
"c=15db40d6dca1","376JmatmnaI","NEGATIVE_CONTROL","dim.shareability","79","heuristic dimension","55"
"c=15db40d6dca1","376JmatmnaI","NEGATIVE_CONTROL","dim.clarity","56","heuristic dimension","55"
"c=15db40d6dca1","376JmatmnaI","NEGATIVE_CONTROL","dim.controversy","68","heuristic dimension","55"
"c=15db40d6dca1","376JmatmnaI","NEGATIVE_CONTROL","dim.teachingValue","72","heuristic dimension","55"
"c=15db40d6dca1","376JmatmnaI","NEGATIVE_CONTROL","dim.entertainment","78","heuristic dimension","55"
"c=15db40d6dca1","376JmatmnaI","NEGATIVE_CONTROL","base_score","61.2","0.55*drivers + 0.45*gates","55"
"c=15db40d6dca1","376JmatmnaI","NEGATIVE_CONTROL","duration_multiplier","0.9","piecewise duration curve","55"
"c=034b191a2b7e","XuoqKYxDHVc","NEGATIVE_CONTROL","dim.hook","20","heuristic dimension","56"
"c=034b191a2b7e","XuoqKYxDHVc","NEGATIVE_CONTROL","dim.curiosity","68","heuristic dimension","56"
"c=034b191a2b7e","XuoqKYxDHVc","NEGATIVE_CONTROL","dim.emotion","50","heuristic dimension","56"
"c=034b191a2b7e","XuoqKYxDHVc","NEGATIVE_CONTROL","dim.storytelling","58","heuristic dimension","56"
"c=034b191a2b7e","XuoqKYxDHVc","NEGATIVE_CONTROL","dim.standalone","70","heuristic dimension","56"
"c=034b191a2b7e","XuoqKYxDHVc","NEGATIVE_CONTROL","dim.shareability","48","heuristic dimension","56"
"c=034b191a2b7e","XuoqKYxDHVc","NEGATIVE_CONTROL","dim.clarity","44","heuristic dimension","56"
"c=034b191a2b7e","XuoqKYxDHVc","NEGATIVE_CONTROL","dim.controversy","30","heuristic dimension","56"
"c=034b191a2b7e","XuoqKYxDHVc","NEGATIVE_CONTROL","dim.teachingValue","51","heuristic dimension","56"
"c=034b191a2b7e","XuoqKYxDHVc","NEGATIVE_CONTROL","dim.entertainment","40","heuristic dimension","56"
"c=034b191a2b7e","XuoqKYxDHVc","NEGATIVE_CONTROL","base_score","55.9","0.55*drivers + 0.45*gates","56"
"c=034b191a2b7e","XuoqKYxDHVc","NEGATIVE_CONTROL","duration_multiplier","1","piecewise duration curve","56"
"c=2b2afe1d834c","XuoqKYxDHVc","NEGATIVE_CONTROL","dim.hook","29","heuristic dimension","56"
"c=2b2afe1d834c","XuoqKYxDHVc","NEGATIVE_CONTROL","dim.curiosity","42","heuristic dimension","56"
"c=2b2afe1d834c","XuoqKYxDHVc","NEGATIVE_CONTROL","dim.emotion","47","heuristic dimension","56"
"c=2b2afe1d834c","XuoqKYxDHVc","NEGATIVE_CONTROL","dim.storytelling","46","heuristic dimension","56"
"c=2b2afe1d834c","XuoqKYxDHVc","NEGATIVE_CONTROL","dim.standalone","71","heuristic dimension","56"
"c=2b2afe1d834c","XuoqKYxDHVc","NEGATIVE_CONTROL","dim.shareability","33","heuristic dimension","56"
"c=2b2afe1d834c","XuoqKYxDHVc","NEGATIVE_CONTROL","dim.clarity","84","heuristic dimension","56"
"c=2b2afe1d834c","XuoqKYxDHVc","NEGATIVE_CONTROL","dim.controversy","30","heuristic dimension","56"
"c=2b2afe1d834c","XuoqKYxDHVc","NEGATIVE_CONTROL","dim.teachingValue","34","heuristic dimension","56"
"c=2b2afe1d834c","XuoqKYxDHVc","NEGATIVE_CONTROL","dim.entertainment","59","heuristic dimension","56"
"c=2b2afe1d834c","XuoqKYxDHVc","NEGATIVE_CONTROL","base_score","57.2","0.55*drivers + 0.45*gates","56"
"c=2b2afe1d834c","XuoqKYxDHVc","NEGATIVE_CONTROL","duration_multiplier","0.985","piecewise duration curve","56"
"c=1e4705b8dfd4","XuoqKYxDHVc","NEGATIVE_CONTROL","dim.hook","0","heuristic dimension","57"
"c=1e4705b8dfd4","XuoqKYxDHVc","NEGATIVE_CONTROL","dim.curiosity","46","heuristic dimension","57"
"c=1e4705b8dfd4","XuoqKYxDHVc","NEGATIVE_CONTROL","dim.emotion","80","heuristic dimension","57"
"c=1e4705b8dfd4","XuoqKYxDHVc","NEGATIVE_CONTROL","dim.storytelling","66","heuristic dimension","57"
"c=1e4705b8dfd4","XuoqKYxDHVc","NEGATIVE_CONTROL","dim.standalone","62","heuristic dimension","57"
"c=1e4705b8dfd4","XuoqKYxDHVc","NEGATIVE_CONTROL","dim.shareability","48","heuristic dimension","57"
"c=1e4705b8dfd4","XuoqKYxDHVc","NEGATIVE_CONTROL","dim.clarity","44","heuristic dimension","57"
"c=1e4705b8dfd4","XuoqKYxDHVc","NEGATIVE_CONTROL","dim.controversy","30","heuristic dimension","57"
"c=1e4705b8dfd4","XuoqKYxDHVc","NEGATIVE_CONTROL","dim.teachingValue","46","heuristic dimension","57"
"c=1e4705b8dfd4","XuoqKYxDHVc","NEGATIVE_CONTROL","dim.entertainment","59","heuristic dimension","57"
"c=1e4705b8dfd4","XuoqKYxDHVc","NEGATIVE_CONTROL","base_score","57.3","0.55*drivers + 0.45*gates","57"
"c=1e4705b8dfd4","XuoqKYxDHVc","NEGATIVE_CONTROL","duration_multiplier","1","piecewise duration curve","57"
"c=cb087f1e340a","XuoqKYxDHVc","NEGATIVE_CONTROL","dim.hook","20","heuristic dimension","59"
"c=cb087f1e340a","XuoqKYxDHVc","NEGATIVE_CONTROL","dim.curiosity","63","heuristic dimension","59"
"c=cb087f1e340a","XuoqKYxDHVc","NEGATIVE_CONTROL","dim.emotion","50","heuristic dimension","59"
"c=cb087f1e340a","XuoqKYxDHVc","NEGATIVE_CONTROL","dim.storytelling","79","heuristic dimension","59"
"c=cb087f1e340a","XuoqKYxDHVc","NEGATIVE_CONTROL","dim.standalone","70","heuristic dimension","59"
"c=cb087f1e340a","XuoqKYxDHVc","NEGATIVE_CONTROL","dim.shareability","48","heuristic dimension","59"
"c=cb087f1e340a","XuoqKYxDHVc","NEGATIVE_CONTROL","dim.clarity","32","heuristic dimension","59"
"c=cb087f1e340a","XuoqKYxDHVc","NEGATIVE_CONTROL","dim.controversy","30","heuristic dimension","59"
"c=cb087f1e340a","XuoqKYxDHVc","NEGATIVE_CONTROL","dim.teachingValue","46","heuristic dimension","59"
"c=cb087f1e340a","XuoqKYxDHVc","NEGATIVE_CONTROL","dim.entertainment","59","heuristic dimension","59"
"c=cb087f1e340a","XuoqKYxDHVc","NEGATIVE_CONTROL","base_score","58.7","0.55*drivers + 0.45*gates","59"
"c=cb087f1e340a","XuoqKYxDHVc","NEGATIVE_CONTROL","duration_multiplier","1","piecewise duration curve","59"
"c=4b8864c310d3","XuoqKYxDHVc","NEGATIVE_CONTROL","dim.hook","20","heuristic dimension","50"
"c=4b8864c310d3","XuoqKYxDHVc","NEGATIVE_CONTROL","dim.curiosity","54","heuristic dimension","50"
"c=4b8864c310d3","XuoqKYxDHVc","NEGATIVE_CONTROL","dim.emotion","49","heuristic dimension","50"
"c=4b8864c310d3","XuoqKYxDHVc","NEGATIVE_CONTROL","dim.storytelling","50","heuristic dimension","50"
"c=4b8864c310d3","XuoqKYxDHVc","NEGATIVE_CONTROL","dim.standalone","66","heuristic dimension","50"
"c=4b8864c310d3","XuoqKYxDHVc","NEGATIVE_CONTROL","dim.shareability","48","heuristic dimension","50"
"c=4b8864c310d3","XuoqKYxDHVc","NEGATIVE_CONTROL","dim.clarity","47","heuristic dimension","50"
"c=4b8864c310d3","XuoqKYxDHVc","NEGATIVE_CONTROL","dim.controversy","30","heuristic dimension","50"
"c=4b8864c310d3","XuoqKYxDHVc","NEGATIVE_CONTROL","dim.teachingValue","46","heuristic dimension","50"
"c=4b8864c310d3","XuoqKYxDHVc","NEGATIVE_CONTROL","dim.entertainment","40","heuristic dimension","50"
"c=4b8864c310d3","XuoqKYxDHVc","NEGATIVE_CONTROL","base_score","49.5","0.55*drivers + 0.45*gates","50"
"c=4b8864c310d3","XuoqKYxDHVc","NEGATIVE_CONTROL","duration_multiplier","1","piecewise duration curve","50"
"c=8f4c6b9115b4","XuoqKYxDHVc","NEGATIVE_CONTROL","dim.hook","20","heuristic dimension","55"
"c=8f4c6b9115b4","XuoqKYxDHVc","NEGATIVE_CONTROL","dim.curiosity","67","heuristic dimension","55"
"c=8f4c6b9115b4","XuoqKYxDHVc","NEGATIVE_CONTROL","dim.emotion","75","heuristic dimension","55"
"c=8f4c6b9115b4","XuoqKYxDHVc","NEGATIVE_CONTROL","dim.storytelling","59","heuristic dimension","55"
"c=8f4c6b9115b4","XuoqKYxDHVc","NEGATIVE_CONTROL","dim.standalone","70","heuristic dimension","55"
"c=8f4c6b9115b4","XuoqKYxDHVc","NEGATIVE_CONTROL","dim.shareability","48","heuristic dimension","55"
"c=8f4c6b9115b4","XuoqKYxDHVc","NEGATIVE_CONTROL","dim.clarity","34","heuristic dimension","55"
"c=8f4c6b9115b4","XuoqKYxDHVc","NEGATIVE_CONTROL","dim.controversy","30","heuristic dimension","55"
"c=8f4c6b9115b4","XuoqKYxDHVc","NEGATIVE_CONTROL","dim.teachingValue","61","heuristic dimension","55"
"c=8f4c6b9115b4","XuoqKYxDHVc","NEGATIVE_CONTROL","dim.entertainment","40","heuristic dimension","55"
"c=8f4c6b9115b4","XuoqKYxDHVc","NEGATIVE_CONTROL","base_score","58.9","0.55*drivers + 0.45*gates","55"
"c=8f4c6b9115b4","XuoqKYxDHVc","NEGATIVE_CONTROL","duration_multiplier","0.931","piecewise duration curve","55"
"c=d67f3fddfe4c","XuoqKYxDHVc","NEGATIVE_CONTROL","dim.hook","33","heuristic dimension","61"
"c=d67f3fddfe4c","XuoqKYxDHVc","NEGATIVE_CONTROL","dim.curiosity","65","heuristic dimension","61"
"c=d67f3fddfe4c","XuoqKYxDHVc","NEGATIVE_CONTROL","dim.emotion","44","heuristic dimension","61"
"c=d67f3fddfe4c","XuoqKYxDHVc","NEGATIVE_CONTROL","dim.storytelling","42","heuristic dimension","61"
"c=d67f3fddfe4c","XuoqKYxDHVc","NEGATIVE_CONTROL","dim.standalone","70","heuristic dimension","61"
"c=d67f3fddfe4c","XuoqKYxDHVc","NEGATIVE_CONTROL","dim.shareability","48","heuristic dimension","61"
"c=d67f3fddfe4c","XuoqKYxDHVc","NEGATIVE_CONTROL","dim.clarity","70","heuristic dimension","61"
"c=d67f3fddfe4c","XuoqKYxDHVc","NEGATIVE_CONTROL","dim.controversy","30","heuristic dimension","61"
"c=d67f3fddfe4c","XuoqKYxDHVc","NEGATIVE_CONTROL","dim.teachingValue","63","heuristic dimension","61"
"c=d67f3fddfe4c","XuoqKYxDHVc","NEGATIVE_CONTROL","dim.entertainment","40","heuristic dimension","61"
"c=d67f3fddfe4c","XuoqKYxDHVc","NEGATIVE_CONTROL","base_score","61.7","0.55*drivers + 0.45*gates","61"
"c=d67f3fddfe4c","XuoqKYxDHVc","NEGATIVE_CONTROL","duration_multiplier","0.994","piecewise duration curve","61"
"c=5755ef4bff9f","XuoqKYxDHVc","NEGATIVE_CONTROL","dim.hook","20","heuristic dimension","59"
"c=5755ef4bff9f","XuoqKYxDHVc","NEGATIVE_CONTROL","dim.curiosity","63","heuristic dimension","59"
"c=5755ef4bff9f","XuoqKYxDHVc","NEGATIVE_CONTROL","dim.emotion","69","heuristic dimension","59"
"c=5755ef4bff9f","XuoqKYxDHVc","NEGATIVE_CONTROL","dim.storytelling","71","heuristic dimension","59"
"c=5755ef4bff9f","XuoqKYxDHVc","NEGATIVE_CONTROL","dim.standalone","70","heuristic dimension","59"
"c=5755ef4bff9f","XuoqKYxDHVc","NEGATIVE_CONTROL","dim.shareability","48","heuristic dimension","59"
"c=5755ef4bff9f","XuoqKYxDHVc","NEGATIVE_CONTROL","dim.clarity","36","heuristic dimension","59"
"c=5755ef4bff9f","XuoqKYxDHVc","NEGATIVE_CONTROL","dim.controversy","30","heuristic dimension","59"
"c=5755ef4bff9f","XuoqKYxDHVc","NEGATIVE_CONTROL","dim.teachingValue","46","heuristic dimension","59"
"c=5755ef4bff9f","XuoqKYxDHVc","NEGATIVE_CONTROL","dim.entertainment","59","heuristic dimension","59"
"c=5755ef4bff9f","XuoqKYxDHVc","NEGATIVE_CONTROL","base_score","58.7","0.55*drivers + 0.45*gates","59"
"c=5755ef4bff9f","XuoqKYxDHVc","NEGATIVE_CONTROL","duration_multiplier","1","piecewise duration curve","59"
"c=2a12042ef32f","XuoqKYxDHVc","NEGATIVE_CONTROL","dim.hook","22","heuristic dimension","57"
"c=2a12042ef32f","XuoqKYxDHVc","NEGATIVE_CONTROL","dim.curiosity","77","heuristic dimension","57"
"c=2a12042ef32f","XuoqKYxDHVc","NEGATIVE_CONTROL","dim.emotion","52","heuristic dimension","57"
"c=2a12042ef32f","XuoqKYxDHVc","NEGATIVE_CONTROL","dim.storytelling","67","heuristic dimension","57"
"c=2a12042ef32f","XuoqKYxDHVc","NEGATIVE_CONTROL","dim.standalone","46","heuristic dimension","57"
"c=2a12042ef32f","XuoqKYxDHVc","NEGATIVE_CONTROL","dim.shareability","48","heuristic dimension","57"
"c=2a12042ef32f","XuoqKYxDHVc","NEGATIVE_CONTROL","dim.clarity","47","heuristic dimension","57"
"c=2a12042ef32f","XuoqKYxDHVc","NEGATIVE_CONTROL","dim.controversy","49","heuristic dimension","57"
"c=2a12042ef32f","XuoqKYxDHVc","NEGATIVE_CONTROL","dim.teachingValue","61","heuristic dimension","57"
"c=2a12042ef32f","XuoqKYxDHVc","NEGATIVE_CONTROL","dim.entertainment","40","heuristic dimension","57"
"c=2a12042ef32f","XuoqKYxDHVc","NEGATIVE_CONTROL","base_score","57.2","0.55*drivers + 0.45*gates","57"
"c=2a12042ef32f","XuoqKYxDHVc","NEGATIVE_CONTROL","duration_multiplier","1","piecewise duration curve","57"
"c=19483c4136db","XuoqKYxDHVc","NEGATIVE_CONTROL","dim.hook","33","heuristic dimension","60"
"c=19483c4136db","XuoqKYxDHVc","NEGATIVE_CONTROL","dim.curiosity","60","heuristic dimension","60"
"c=19483c4136db","XuoqKYxDHVc","NEGATIVE_CONTROL","dim.emotion","86","heuristic dimension","60"
"c=19483c4136db","XuoqKYxDHVc","NEGATIVE_CONTROL","dim.storytelling","46","heuristic dimension","60"
"c=19483c4136db","XuoqKYxDHVc","NEGATIVE_CONTROL","dim.standalone","66","heuristic dimension","60"
"c=19483c4136db","XuoqKYxDHVc","NEGATIVE_CONTROL","dim.shareability","48","heuristic dimension","60"
"c=19483c4136db","XuoqKYxDHVc","NEGATIVE_CONTROL","dim.clarity","24","heuristic dimension","60"
"c=19483c4136db","XuoqKYxDHVc","NEGATIVE_CONTROL","dim.controversy","30","heuristic dimension","60"
"c=19483c4136db","XuoqKYxDHVc","NEGATIVE_CONTROL","dim.teachingValue","46","heuristic dimension","60"
"c=19483c4136db","XuoqKYxDHVc","NEGATIVE_CONTROL","dim.entertainment","40","heuristic dimension","60"
"c=19483c4136db","XuoqKYxDHVc","NEGATIVE_CONTROL","base_score","59.7","0.55*drivers + 0.45*gates","60"
"c=19483c4136db","XuoqKYxDHVc","NEGATIVE_CONTROL","duration_multiplier","1","piecewise duration curve","60"
"c=8ab3662400ce","XuoqKYxDHVc","NEGATIVE_CONTROL","dim.hook","38","heuristic dimension","62"
"c=8ab3662400ce","XuoqKYxDHVc","NEGATIVE_CONTROL","dim.curiosity","56","heuristic dimension","62"
"c=8ab3662400ce","XuoqKYxDHVc","NEGATIVE_CONTROL","dim.emotion","53","heuristic dimension","62"
"c=8ab3662400ce","XuoqKYxDHVc","NEGATIVE_CONTROL","dim.storytelling","75","heuristic dimension","62"
"c=8ab3662400ce","XuoqKYxDHVc","NEGATIVE_CONTROL","dim.standalone","66","heuristic dimension","62"
"c=8ab3662400ce","XuoqKYxDHVc","NEGATIVE_CONTROL","dim.shareability","48","heuristic dimension","62"
"c=8ab3662400ce","XuoqKYxDHVc","NEGATIVE_CONTROL","dim.clarity","39","heuristic dimension","62"
"c=8ab3662400ce","XuoqKYxDHVc","NEGATIVE_CONTROL","dim.controversy","49","heuristic dimension","62"
"c=8ab3662400ce","XuoqKYxDHVc","NEGATIVE_CONTROL","dim.teachingValue","46","heuristic dimension","62"
"c=8ab3662400ce","XuoqKYxDHVc","NEGATIVE_CONTROL","dim.entertainment","78","heuristic dimension","62"
"c=8ab3662400ce","XuoqKYxDHVc","NEGATIVE_CONTROL","base_score","64.4","0.55*drivers + 0.45*gates","62"
"c=8ab3662400ce","XuoqKYxDHVc","NEGATIVE_CONTROL","duration_multiplier","0.957","piecewise duration curve","62"
"c=270f0c069e3d","XuoqKYxDHVc","NEGATIVE_CONTROL","dim.hook","20","heuristic dimension","55"
"c=270f0c069e3d","XuoqKYxDHVc","NEGATIVE_CONTROL","dim.curiosity","64","heuristic dimension","55"
"c=270f0c069e3d","XuoqKYxDHVc","NEGATIVE_CONTROL","dim.emotion","58","heuristic dimension","55"
"c=270f0c069e3d","XuoqKYxDHVc","NEGATIVE_CONTROL","dim.storytelling","62","heuristic dimension","55"
"c=270f0c069e3d","XuoqKYxDHVc","NEGATIVE_CONTROL","dim.standalone","70","heuristic dimension","55"
"c=270f0c069e3d","XuoqKYxDHVc","NEGATIVE_CONTROL","dim.shareability","48","heuristic dimension","55"
"c=270f0c069e3d","XuoqKYxDHVc","NEGATIVE_CONTROL","dim.clarity","34","heuristic dimension","55"
"c=270f0c069e3d","XuoqKYxDHVc","NEGATIVE_CONTROL","dim.controversy","30","heuristic dimension","55"
"c=270f0c069e3d","XuoqKYxDHVc","NEGATIVE_CONTROL","dim.teachingValue","46","heuristic dimension","55"
"c=270f0c069e3d","XuoqKYxDHVc","NEGATIVE_CONTROL","dim.entertainment","40","heuristic dimension","55"
"c=270f0c069e3d","XuoqKYxDHVc","NEGATIVE_CONTROL","base_score","54.5","0.55*drivers + 0.45*gates","55"
"c=270f0c069e3d","XuoqKYxDHVc","NEGATIVE_CONTROL","duration_multiplier","1","piecewise duration curve","55"
"c=8b967ae58864","XuoqKYxDHVc","NEGATIVE_CONTROL","dim.hook","12","heuristic dimension","57"
"c=8b967ae58864","XuoqKYxDHVc","NEGATIVE_CONTROL","dim.curiosity","64","heuristic dimension","57"
"c=8b967ae58864","XuoqKYxDHVc","NEGATIVE_CONTROL","dim.emotion","64","heuristic dimension","57"
"c=8b967ae58864","XuoqKYxDHVc","NEGATIVE_CONTROL","dim.storytelling","46","heuristic dimension","57"
"c=8b967ae58864","XuoqKYxDHVc","NEGATIVE_CONTROL","dim.standalone","70","heuristic dimension","57"
"c=8b967ae58864","XuoqKYxDHVc","NEGATIVE_CONTROL","dim.shareability","48","heuristic dimension","57"
"c=8b967ae58864","XuoqKYxDHVc","NEGATIVE_CONTROL","dim.clarity","56","heuristic dimension","57"
"c=8b967ae58864","XuoqKYxDHVc","NEGATIVE_CONTROL","dim.controversy","30","heuristic dimension","57"
"c=8b967ae58864","XuoqKYxDHVc","NEGATIVE_CONTROL","dim.teachingValue","46","heuristic dimension","57"
"c=8b967ae58864","XuoqKYxDHVc","NEGATIVE_CONTROL","dim.entertainment","40","heuristic dimension","57"
"c=8b967ae58864","XuoqKYxDHVc","NEGATIVE_CONTROL","base_score","57","0.55*drivers + 0.45*gates","57"
"c=8b967ae58864","XuoqKYxDHVc","NEGATIVE_CONTROL","duration_multiplier","1","piecewise duration curve","57"
"c=f730573bb1ef","XuoqKYxDHVc","NEGATIVE_CONTROL","dim.hook","20","heuristic dimension","58"
"c=f730573bb1ef","XuoqKYxDHVc","NEGATIVE_CONTROL","dim.curiosity","54","heuristic dimension","58"
"c=f730573bb1ef","XuoqKYxDHVc","NEGATIVE_CONTROL","dim.emotion","64","heuristic dimension","58"
"c=f730573bb1ef","XuoqKYxDHVc","NEGATIVE_CONTROL","dim.storytelling","58","heuristic dimension","58"
"c=f730573bb1ef","XuoqKYxDHVc","NEGATIVE_CONTROL","dim.standalone","86","heuristic dimension","58"
"c=f730573bb1ef","XuoqKYxDHVc","NEGATIVE_CONTROL","dim.shareability","48","heuristic dimension","58"
"c=f730573bb1ef","XuoqKYxDHVc","NEGATIVE_CONTROL","dim.clarity","43","heuristic dimension","58"
"c=f730573bb1ef","XuoqKYxDHVc","NEGATIVE_CONTROL","dim.controversy","30","heuristic dimension","58"
"c=f730573bb1ef","XuoqKYxDHVc","NEGATIVE_CONTROL","dim.teachingValue","61","heuristic dimension","58"
"c=f730573bb1ef","XuoqKYxDHVc","NEGATIVE_CONTROL","dim.entertainment","40","heuristic dimension","58"
"c=f730573bb1ef","XuoqKYxDHVc","NEGATIVE_CONTROL","base_score","58.4","0.55*drivers + 0.45*gates","58"
"c=f730573bb1ef","XuoqKYxDHVc","NEGATIVE_CONTROL","duration_multiplier","1","piecewise duration curve","58"
"c=7c024252d888","XuoqKYxDHVc","NEGATIVE_CONTROL","dim.hook","29","heuristic dimension","53"
"c=7c024252d888","XuoqKYxDHVc","NEGATIVE_CONTROL","dim.curiosity","55","heuristic dimension","53"
"c=7c024252d888","XuoqKYxDHVc","NEGATIVE_CONTROL","dim.emotion","50","heuristic dimension","53"
"c=7c024252d888","XuoqKYxDHVc","NEGATIVE_CONTROL","dim.storytelling","46","heuristic dimension","53"
"c=7c024252d888","XuoqKYxDHVc","NEGATIVE_CONTROL","dim.standalone","55","heuristic dimension","53"
"c=7c024252d888","XuoqKYxDHVc","NEGATIVE_CONTROL","dim.shareability","33","heuristic dimension","53"
"c=7c024252d888","XuoqKYxDHVc","NEGATIVE_CONTROL","dim.clarity","78","heuristic dimension","53"
"c=7c024252d888","XuoqKYxDHVc","NEGATIVE_CONTROL","dim.controversy","30","heuristic dimension","53"
"c=7c024252d888","XuoqKYxDHVc","NEGATIVE_CONTROL","dim.teachingValue","34","heuristic dimension","53"
"c=7c024252d888","XuoqKYxDHVc","NEGATIVE_CONTROL","dim.entertainment","40","heuristic dimension","53"
"c=7c024252d888","XuoqKYxDHVc","NEGATIVE_CONTROL","base_score","53.2","0.55*drivers + 0.45*gates","53"
"c=7c024252d888","XuoqKYxDHVc","NEGATIVE_CONTROL","duration_multiplier","1","piecewise duration curve","53"
"c=7aab958e7699","XuoqKYxDHVc","NEGATIVE_CONTROL","dim.hook","20","heuristic dimension","58"
"c=7aab958e7699","XuoqKYxDHVc","NEGATIVE_CONTROL","dim.curiosity","69","heuristic dimension","58"
"c=7aab958e7699","XuoqKYxDHVc","NEGATIVE_CONTROL","dim.emotion","63","heuristic dimension","58"
"c=7aab958e7699","XuoqKYxDHVc","NEGATIVE_CONTROL","dim.storytelling","58","heuristic dimension","58"
"c=7aab958e7699","XuoqKYxDHVc","NEGATIVE_CONTROL","dim.standalone","86","heuristic dimension","58"
"c=7aab958e7699","XuoqKYxDHVc","NEGATIVE_CONTROL","dim.shareability","48","heuristic dimension","58"
"c=7aab958e7699","XuoqKYxDHVc","NEGATIVE_CONTROL","dim.clarity","51","heuristic dimension","58"
"c=7aab958e7699","XuoqKYxDHVc","NEGATIVE_CONTROL","dim.controversy","49","heuristic dimension","58"
"c=7aab958e7699","XuoqKYxDHVc","NEGATIVE_CONTROL","dim.teachingValue","61","heuristic dimension","58"
"c=7aab958e7699","XuoqKYxDHVc","NEGATIVE_CONTROL","dim.entertainment","40","heuristic dimension","58"
"c=7aab958e7699","XuoqKYxDHVc","NEGATIVE_CONTROL","base_score","61.4","0.55*drivers + 0.45*gates","58"
"c=7aab958e7699","XuoqKYxDHVc","NEGATIVE_CONTROL","duration_multiplier","0.945","piecewise duration curve","58"
"c=b99c5bdeb83a","XuoqKYxDHVc","NEGATIVE_CONTROL","dim.hook","31","heuristic dimension","66"
"c=b99c5bdeb83a","XuoqKYxDHVc","NEGATIVE_CONTROL","dim.curiosity","83","heuristic dimension","66"
"c=b99c5bdeb83a","XuoqKYxDHVc","NEGATIVE_CONTROL","dim.emotion","54","heuristic dimension","66"
"c=b99c5bdeb83a","XuoqKYxDHVc","NEGATIVE_CONTROL","dim.storytelling","88","heuristic dimension","66"
"c=b99c5bdeb83a","XuoqKYxDHVc","NEGATIVE_CONTROL","dim.standalone","46","heuristic dimension","66"
"c=b99c5bdeb83a","XuoqKYxDHVc","NEGATIVE_CONTROL","dim.shareability","48","heuristic dimension","66"
"c=b99c5bdeb83a","XuoqKYxDHVc","NEGATIVE_CONTROL","dim.clarity","48","heuristic dimension","66"
"c=b99c5bdeb83a","XuoqKYxDHVc","NEGATIVE_CONTROL","dim.controversy","49","heuristic dimension","66"
"c=b99c5bdeb83a","XuoqKYxDHVc","NEGATIVE_CONTROL","dim.teachingValue","46","heuristic dimension","66"
"c=b99c5bdeb83a","XuoqKYxDHVc","NEGATIVE_CONTROL","dim.entertainment","78","heuristic dimension","66"
"c=b99c5bdeb83a","XuoqKYxDHVc","NEGATIVE_CONTROL","base_score","66","0.55*drivers + 0.45*gates","66"
"c=b99c5bdeb83a","XuoqKYxDHVc","NEGATIVE_CONTROL","duration_multiplier","1","piecewise duration curve","66"
"c=e2b23b1b7a03","XuoqKYxDHVc","NEGATIVE_CONTROL","dim.hook","0","heuristic dimension","60"
"c=e2b23b1b7a03","XuoqKYxDHVc","NEGATIVE_CONTROL","dim.curiosity","56","heuristic dimension","60"
"c=e2b23b1b7a03","XuoqKYxDHVc","NEGATIVE_CONTROL","dim.emotion","51","heuristic dimension","60"
"c=e2b23b1b7a03","XuoqKYxDHVc","NEGATIVE_CONTROL","dim.storytelling","92","heuristic dimension","60"
"c=e2b23b1b7a03","XuoqKYxDHVc","NEGATIVE_CONTROL","dim.standalone","62","heuristic dimension","60"
"c=e2b23b1b7a03","XuoqKYxDHVc","NEGATIVE_CONTROL","dim.shareability","48","heuristic dimension","60"
"c=e2b23b1b7a03","XuoqKYxDHVc","NEGATIVE_CONTROL","dim.clarity","47","heuristic dimension","60"
"c=e2b23b1b7a03","XuoqKYxDHVc","NEGATIVE_CONTROL","dim.controversy","30","heuristic dimension","60"
"c=e2b23b1b7a03","XuoqKYxDHVc","NEGATIVE_CONTROL","dim.teachingValue","61","heuristic dimension","60"
"c=e2b23b1b7a03","XuoqKYxDHVc","NEGATIVE_CONTROL","dim.entertainment","40","heuristic dimension","60"
"c=e2b23b1b7a03","XuoqKYxDHVc","NEGATIVE_CONTROL","base_score","59.6","0.55*drivers + 0.45*gates","60"
"c=e2b23b1b7a03","XuoqKYxDHVc","NEGATIVE_CONTROL","duration_multiplier","1","piecewise duration curve","60"
"c=da859c20ba8d","XuoqKYxDHVc","NEGATIVE_CONTROL","dim.hook","12","heuristic dimension","56"
"c=da859c20ba8d","XuoqKYxDHVc","NEGATIVE_CONTROL","dim.curiosity","60","heuristic dimension","56"
"c=da859c20ba8d","XuoqKYxDHVc","NEGATIVE_CONTROL","dim.emotion","48","heuristic dimension","56"
"c=da859c20ba8d","XuoqKYxDHVc","NEGATIVE_CONTROL","dim.storytelling","50","heuristic dimension","56"
"c=da859c20ba8d","XuoqKYxDHVc","NEGATIVE_CONTROL","dim.standalone","86","heuristic dimension","56"
"c=da859c20ba8d","XuoqKYxDHVc","NEGATIVE_CONTROL","dim.shareability","48","heuristic dimension","56"
"c=da859c20ba8d","XuoqKYxDHVc","NEGATIVE_CONTROL","dim.clarity","60","heuristic dimension","56"
"c=da859c20ba8d","XuoqKYxDHVc","NEGATIVE_CONTROL","dim.controversy","49","heuristic dimension","56"
"c=da859c20ba8d","XuoqKYxDHVc","NEGATIVE_CONTROL","dim.teachingValue","51","heuristic dimension","56"
"c=da859c20ba8d","XuoqKYxDHVc","NEGATIVE_CONTROL","dim.entertainment","40","heuristic dimension","56"
"c=da859c20ba8d","XuoqKYxDHVc","NEGATIVE_CONTROL","base_score","55.7","0.55*drivers + 0.45*gates","56"
"c=da859c20ba8d","XuoqKYxDHVc","NEGATIVE_CONTROL","duration_multiplier","0.996","piecewise duration curve","56"
"c=979e03b50ec1","XuoqKYxDHVc","NEGATIVE_CONTROL","dim.hook","70","heuristic dimension","71"
"c=979e03b50ec1","XuoqKYxDHVc","NEGATIVE_CONTROL","dim.curiosity","46","heuristic dimension","71"
"c=979e03b50ec1","XuoqKYxDHVc","NEGATIVE_CONTROL","dim.emotion","54","heuristic dimension","71"
"c=979e03b50ec1","XuoqKYxDHVc","NEGATIVE_CONTROL","dim.storytelling","54","heuristic dimension","71"
"c=979e03b50ec1","XuoqKYxDHVc","NEGATIVE_CONTROL","dim.standalone","86","heuristic dimension","71"
"c=979e03b50ec1","XuoqKYxDHVc","NEGATIVE_CONTROL","dim.shareability","48","heuristic dimension","71"
"c=979e03b50ec1","XuoqKYxDHVc","NEGATIVE_CONTROL","dim.clarity","63","heuristic dimension","71"
"c=979e03b50ec1","XuoqKYxDHVc","NEGATIVE_CONTROL","dim.controversy","68","heuristic dimension","71"
"c=979e03b50ec1","XuoqKYxDHVc","NEGATIVE_CONTROL","dim.teachingValue","51","heuristic dimension","71"
"c=979e03b50ec1","XuoqKYxDHVc","NEGATIVE_CONTROL","dim.entertainment","40","heuristic dimension","71"
"c=979e03b50ec1","XuoqKYxDHVc","NEGATIVE_CONTROL","base_score","71.4","0.55*drivers + 0.45*gates","71"
"c=979e03b50ec1","XuoqKYxDHVc","NEGATIVE_CONTROL","duration_multiplier","1","piecewise duration curve","71"
"c=a0591b5149a8","XuoqKYxDHVc","NEGATIVE_CONTROL","dim.hook","20","heuristic dimension","54"
"c=a0591b5149a8","XuoqKYxDHVc","NEGATIVE_CONTROL","dim.curiosity","54","heuristic dimension","54"
"c=a0591b5149a8","XuoqKYxDHVc","NEGATIVE_CONTROL","dim.emotion","54","heuristic dimension","54"
"c=a0591b5149a8","XuoqKYxDHVc","NEGATIVE_CONTROL","dim.storytelling","54","heuristic dimension","54"
"c=a0591b5149a8","XuoqKYxDHVc","NEGATIVE_CONTROL","dim.standalone","86","heuristic dimension","54"
"c=a0591b5149a8","XuoqKYxDHVc","NEGATIVE_CONTROL","dim.shareability","48","heuristic dimension","54"
"c=a0591b5149a8","XuoqKYxDHVc","NEGATIVE_CONTROL","dim.clarity","49","heuristic dimension","54"
"c=a0591b5149a8","XuoqKYxDHVc","NEGATIVE_CONTROL","dim.controversy","30","heuristic dimension","54"
"c=a0591b5149a8","XuoqKYxDHVc","NEGATIVE_CONTROL","dim.teachingValue","46","heuristic dimension","54"
"c=a0591b5149a8","XuoqKYxDHVc","NEGATIVE_CONTROL","dim.entertainment","40","heuristic dimension","54"
"c=a0591b5149a8","XuoqKYxDHVc","NEGATIVE_CONTROL","base_score","54.5","0.55*drivers + 0.45*gates","54"
"c=a0591b5149a8","XuoqKYxDHVc","NEGATIVE_CONTROL","duration_multiplier","0.987","piecewise duration curve","54"
"c=bf46b383409d","XuoqKYxDHVc","NEGATIVE_CONTROL","dim.hook","33","heuristic dimension","62"
"c=bf46b383409d","XuoqKYxDHVc","NEGATIVE_CONTROL","dim.curiosity","46","heuristic dimension","62"
"c=bf46b383409d","XuoqKYxDHVc","NEGATIVE_CONTROL","dim.emotion","70","heuristic dimension","62"
"c=bf46b383409d","XuoqKYxDHVc","NEGATIVE_CONTROL","dim.storytelling","54","heuristic dimension","62"
"c=bf46b383409d","XuoqKYxDHVc","NEGATIVE_CONTROL","dim.standalone","86","heuristic dimension","62"
"c=bf46b383409d","XuoqKYxDHVc","NEGATIVE_CONTROL","dim.shareability","48","heuristic dimension","62"
"c=bf46b383409d","XuoqKYxDHVc","NEGATIVE_CONTROL","dim.clarity","57","heuristic dimension","62"
"c=bf46b383409d","XuoqKYxDHVc","NEGATIVE_CONTROL","dim.controversy","30","heuristic dimension","62"
"c=bf46b383409d","XuoqKYxDHVc","NEGATIVE_CONTROL","dim.teachingValue","46","heuristic dimension","62"
"c=bf46b383409d","XuoqKYxDHVc","NEGATIVE_CONTROL","dim.entertainment","40","heuristic dimension","62"
"c=bf46b383409d","XuoqKYxDHVc","NEGATIVE_CONTROL","base_score","61.7","0.55*drivers + 0.45*gates","62"
"c=bf46b383409d","XuoqKYxDHVc","NEGATIVE_CONTROL","duration_multiplier","0.999","piecewise duration curve","62"
"c=f0dba52b54f9","XuoqKYxDHVc","NEGATIVE_CONTROL","dim.hook","55","heuristic dimension","75"
"c=f0dba52b54f9","XuoqKYxDHVc","NEGATIVE_CONTROL","dim.curiosity","67","heuristic dimension","75"
"c=f0dba52b54f9","XuoqKYxDHVc","NEGATIVE_CONTROL","dim.emotion","94","heuristic dimension","75"
"c=f0dba52b54f9","XuoqKYxDHVc","NEGATIVE_CONTROL","dim.storytelling","59","heuristic dimension","75"
"c=f0dba52b54f9","XuoqKYxDHVc","NEGATIVE_CONTROL","dim.standalone","86","heuristic dimension","75"
"c=f0dba52b54f9","XuoqKYxDHVc","NEGATIVE_CONTROL","dim.shareability","48","heuristic dimension","75"
"c=f0dba52b54f9","XuoqKYxDHVc","NEGATIVE_CONTROL","dim.clarity","60","heuristic dimension","75"
"c=f0dba52b54f9","XuoqKYxDHVc","NEGATIVE_CONTROL","dim.controversy","49","heuristic dimension","75"
"c=f0dba52b54f9","XuoqKYxDHVc","NEGATIVE_CONTROL","dim.teachingValue","46","heuristic dimension","75"
"c=f0dba52b54f9","XuoqKYxDHVc","NEGATIVE_CONTROL","dim.entertainment","40","heuristic dimension","75"
"c=f0dba52b54f9","XuoqKYxDHVc","NEGATIVE_CONTROL","base_score","75.3","0.55*drivers + 0.45*gates","75"
"c=f0dba52b54f9","XuoqKYxDHVc","NEGATIVE_CONTROL","duration_multiplier","0.99","piecewise duration curve","75"
"c=6b1e99b64f87","XuoqKYxDHVc","NEGATIVE_CONTROL","dim.hook","20","heuristic dimension","54"
"c=6b1e99b64f87","XuoqKYxDHVc","NEGATIVE_CONTROL","dim.curiosity","68","heuristic dimension","54"
"c=6b1e99b64f87","XuoqKYxDHVc","NEGATIVE_CONTROL","dim.emotion","54","heuristic dimension","54"
"c=6b1e99b64f87","XuoqKYxDHVc","NEGATIVE_CONTROL","dim.storytelling","50","heuristic dimension","54"
"c=6b1e99b64f87","XuoqKYxDHVc","NEGATIVE_CONTROL","dim.standalone","70","heuristic dimension","54"
"c=6b1e99b64f87","XuoqKYxDHVc","NEGATIVE_CONTROL","dim.shareability","48","heuristic dimension","54"
"c=6b1e99b64f87","XuoqKYxDHVc","NEGATIVE_CONTROL","dim.clarity","40","heuristic dimension","54"
"c=6b1e99b64f87","XuoqKYxDHVc","NEGATIVE_CONTROL","dim.controversy","49","heuristic dimension","54"
"c=6b1e99b64f87","XuoqKYxDHVc","NEGATIVE_CONTROL","dim.teachingValue","46","heuristic dimension","54"
"c=6b1e99b64f87","XuoqKYxDHVc","NEGATIVE_CONTROL","dim.entertainment","40","heuristic dimension","54"
"c=6b1e99b64f87","XuoqKYxDHVc","NEGATIVE_CONTROL","base_score","54.3","0.55*drivers + 0.45*gates","54"
"c=6b1e99b64f87","XuoqKYxDHVc","NEGATIVE_CONTROL","duration_multiplier","1","piecewise duration curve","54"
"c=41a6fb754065","XuoqKYxDHVc","NEGATIVE_CONTROL","dim.hook","33","heuristic dimension","54"
"c=41a6fb754065","XuoqKYxDHVc","NEGATIVE_CONTROL","dim.curiosity","56","heuristic dimension","54"
"c=41a6fb754065","XuoqKYxDHVc","NEGATIVE_CONTROL","dim.emotion","54","heuristic dimension","54"
"c=41a6fb754065","XuoqKYxDHVc","NEGATIVE_CONTROL","dim.storytelling","46","heuristic dimension","54"
"c=41a6fb754065","XuoqKYxDHVc","NEGATIVE_CONTROL","dim.standalone","86","heuristic dimension","54"
"c=41a6fb754065","XuoqKYxDHVc","NEGATIVE_CONTROL","dim.shareability","48","heuristic dimension","54"
"c=41a6fb754065","XuoqKYxDHVc","NEGATIVE_CONTROL","dim.clarity","41","heuristic dimension","54"
"c=41a6fb754065","XuoqKYxDHVc","NEGATIVE_CONTROL","dim.controversy","49","heuristic dimension","54"
"c=41a6fb754065","XuoqKYxDHVc","NEGATIVE_CONTROL","dim.teachingValue","46","heuristic dimension","54"
"c=41a6fb754065","XuoqKYxDHVc","NEGATIVE_CONTROL","dim.entertainment","40","heuristic dimension","54"
"c=41a6fb754065","XuoqKYxDHVc","NEGATIVE_CONTROL","base_score","55.7","0.55*drivers + 0.45*gates","54"
"c=41a6fb754065","XuoqKYxDHVc","NEGATIVE_CONTROL","duration_multiplier","0.977","piecewise duration curve","54"
"c=c8d4b9bd438e","XuoqKYxDHVc","NEGATIVE_CONTROL","dim.hook","20","heuristic dimension","55"
"c=c8d4b9bd438e","XuoqKYxDHVc","NEGATIVE_CONTROL","dim.curiosity","65","heuristic dimension","55"
"c=c8d4b9bd438e","XuoqKYxDHVc","NEGATIVE_CONTROL","dim.emotion","54","heuristic dimension","55"
"c=c8d4b9bd438e","XuoqKYxDHVc","NEGATIVE_CONTROL","dim.storytelling","50","heuristic dimension","55"
"c=c8d4b9bd438e","XuoqKYxDHVc","NEGATIVE_CONTROL","dim.standalone","70","heuristic dimension","55"
"c=c8d4b9bd438e","XuoqKYxDHVc","NEGATIVE_CONTROL","dim.shareability","48","heuristic dimension","55"
"c=c8d4b9bd438e","XuoqKYxDHVc","NEGATIVE_CONTROL","dim.clarity","55","heuristic dimension","55"
"c=c8d4b9bd438e","XuoqKYxDHVc","NEGATIVE_CONTROL","dim.controversy","30","heuristic dimension","55"
"c=c8d4b9bd438e","XuoqKYxDHVc","NEGATIVE_CONTROL","dim.teachingValue","46","heuristic dimension","55"
"c=c8d4b9bd438e","XuoqKYxDHVc","NEGATIVE_CONTROL","dim.entertainment","40","heuristic dimension","55"
"c=c8d4b9bd438e","XuoqKYxDHVc","NEGATIVE_CONTROL","base_score","55.5","0.55*drivers + 0.45*gates","55"
"c=c8d4b9bd438e","XuoqKYxDHVc","NEGATIVE_CONTROL","duration_multiplier","0.993","piecewise duration curve","55"
"c=507346fbf19c","XuoqKYxDHVc","NEGATIVE_CONTROL","dim.hook","20","heuristic dimension","51"
"c=507346fbf19c","XuoqKYxDHVc","NEGATIVE_CONTROL","dim.curiosity","46","heuristic dimension","51"
"c=507346fbf19c","XuoqKYxDHVc","NEGATIVE_CONTROL","dim.emotion","54","heuristic dimension","51"
"c=507346fbf19c","XuoqKYxDHVc","NEGATIVE_CONTROL","dim.storytelling","59","heuristic dimension","51"
"c=507346fbf19c","XuoqKYxDHVc","NEGATIVE_CONTROL","dim.standalone","66","heuristic dimension","51"
"c=507346fbf19c","XuoqKYxDHVc","NEGATIVE_CONTROL","dim.shareability","48","heuristic dimension","51"
"c=507346fbf19c","XuoqKYxDHVc","NEGATIVE_CONTROL","dim.clarity","36","heuristic dimension","51"
"c=507346fbf19c","XuoqKYxDHVc","NEGATIVE_CONTROL","dim.controversy","30","heuristic dimension","51"
"c=507346fbf19c","XuoqKYxDHVc","NEGATIVE_CONTROL","dim.teachingValue","46","heuristic dimension","51"
"c=507346fbf19c","XuoqKYxDHVc","NEGATIVE_CONTROL","dim.entertainment","40","heuristic dimension","51"
"c=507346fbf19c","XuoqKYxDHVc","NEGATIVE_CONTROL","base_score","50.5","0.55*drivers + 0.45*gates","51"
"c=507346fbf19c","XuoqKYxDHVc","NEGATIVE_CONTROL","duration_multiplier","1","piecewise duration curve","51"
"c=f716e4066232","XuoqKYxDHVc","NEGATIVE_CONTROL","dim.hook","33","heuristic dimension","58"
"c=f716e4066232","XuoqKYxDHVc","NEGATIVE_CONTROL","dim.curiosity","46","heuristic dimension","58"
"c=f716e4066232","XuoqKYxDHVc","NEGATIVE_CONTROL","dim.emotion","54","heuristic dimension","58"
"c=f716e4066232","XuoqKYxDHVc","NEGATIVE_CONTROL","dim.storytelling","59","heuristic dimension","58"
"c=f716e4066232","XuoqKYxDHVc","NEGATIVE_CONTROL","dim.standalone","86","heuristic dimension","58"
"c=f716e4066232","XuoqKYxDHVc","NEGATIVE_CONTROL","dim.shareability","48","heuristic dimension","58"
"c=f716e4066232","XuoqKYxDHVc","NEGATIVE_CONTROL","dim.clarity","64","heuristic dimension","58"
"c=f716e4066232","XuoqKYxDHVc","NEGATIVE_CONTROL","dim.controversy","49","heuristic dimension","58"
"c=f716e4066232","XuoqKYxDHVc","NEGATIVE_CONTROL","dim.teachingValue","46","heuristic dimension","58"
"c=f716e4066232","XuoqKYxDHVc","NEGATIVE_CONTROL","dim.entertainment","59","heuristic dimension","58"
"c=f716e4066232","XuoqKYxDHVc","NEGATIVE_CONTROL","base_score","61","0.55*drivers + 0.45*gates","58"
"c=f716e4066232","XuoqKYxDHVc","NEGATIVE_CONTROL","duration_multiplier","0.956","piecewise duration curve","58"
"c=1338bdd4b591","XuoqKYxDHVc","NEGATIVE_CONTROL","dim.hook","57","heuristic dimension","58"
"c=1338bdd4b591","XuoqKYxDHVc","NEGATIVE_CONTROL","dim.curiosity","64","heuristic dimension","58"
"c=1338bdd4b591","XuoqKYxDHVc","NEGATIVE_CONTROL","dim.emotion","54","heuristic dimension","58"
"c=1338bdd4b591","XuoqKYxDHVc","NEGATIVE_CONTROL","dim.storytelling","42","heuristic dimension","58"
"c=1338bdd4b591","XuoqKYxDHVc","NEGATIVE_CONTROL","dim.standalone","86","heuristic dimension","58"
"c=1338bdd4b591","XuoqKYxDHVc","NEGATIVE_CONTROL","dim.shareability","48","heuristic dimension","58"
"c=1338bdd4b591","XuoqKYxDHVc","NEGATIVE_CONTROL","dim.clarity","52","heuristic dimension","58"
"c=1338bdd4b591","XuoqKYxDHVc","NEGATIVE_CONTROL","dim.controversy","30","heuristic dimension","58"
"c=1338bdd4b591","XuoqKYxDHVc","NEGATIVE_CONTROL","dim.teachingValue","46","heuristic dimension","58"
"c=1338bdd4b591","XuoqKYxDHVc","NEGATIVE_CONTROL","dim.entertainment","40","heuristic dimension","58"
"c=1338bdd4b591","XuoqKYxDHVc","NEGATIVE_CONTROL","base_score","63.5","0.55*drivers + 0.45*gates","58"
"c=1338bdd4b591","XuoqKYxDHVc","NEGATIVE_CONTROL","duration_multiplier","0.91","piecewise duration curve","58"
"c=ddf22c69f046","XuoqKYxDHVc","NEGATIVE_CONTROL","dim.hook","20","heuristic dimension","50"
"c=ddf22c69f046","XuoqKYxDHVc","NEGATIVE_CONTROL","dim.curiosity","50","heuristic dimension","50"
"c=ddf22c69f046","XuoqKYxDHVc","NEGATIVE_CONTROL","dim.emotion","46","heuristic dimension","50"
"c=ddf22c69f046","XuoqKYxDHVc","NEGATIVE_CONTROL","dim.storytelling","46","heuristic dimension","50"
"c=ddf22c69f046","XuoqKYxDHVc","NEGATIVE_CONTROL","dim.standalone","86","heuristic dimension","50"
"c=ddf22c69f046","XuoqKYxDHVc","NEGATIVE_CONTROL","dim.shareability","48","heuristic dimension","50"
"c=ddf22c69f046","XuoqKYxDHVc","NEGATIVE_CONTROL","dim.clarity","32","heuristic dimension","50"
"c=ddf22c69f046","XuoqKYxDHVc","NEGATIVE_CONTROL","dim.controversy","30","heuristic dimension","50"
"c=ddf22c69f046","XuoqKYxDHVc","NEGATIVE_CONTROL","dim.teachingValue","51","heuristic dimension","50"
"c=ddf22c69f046","XuoqKYxDHVc","NEGATIVE_CONTROL","dim.entertainment","40","heuristic dimension","50"
"c=ddf22c69f046","XuoqKYxDHVc","NEGATIVE_CONTROL","base_score","50.3","0.55*drivers + 0.45*gates","50"
"c=ddf22c69f046","XuoqKYxDHVc","NEGATIVE_CONTROL","duration_multiplier","0.994","piecewise duration curve","50"
"c=9d692dad74ab","LAmGfokvgzA","NEGATIVE_CONTROL","dim.hook","12","heuristic dimension","57"
"c=9d692dad74ab","LAmGfokvgzA","NEGATIVE_CONTROL","dim.curiosity","46","heuristic dimension","57"
"c=9d692dad74ab","LAmGfokvgzA","NEGATIVE_CONTROL","dim.emotion","70","heuristic dimension","57"
"c=9d692dad74ab","LAmGfokvgzA","NEGATIVE_CONTROL","dim.storytelling","62","heuristic dimension","57"
"c=9d692dad74ab","LAmGfokvgzA","NEGATIVE_CONTROL","dim.standalone","66","heuristic dimension","57"
"c=9d692dad74ab","LAmGfokvgzA","NEGATIVE_CONTROL","dim.shareability","48","heuristic dimension","57"
"c=9d692dad74ab","LAmGfokvgzA","NEGATIVE_CONTROL","dim.clarity","72","heuristic dimension","57"
"c=9d692dad74ab","LAmGfokvgzA","NEGATIVE_CONTROL","dim.controversy","30","heuristic dimension","57"
"c=9d692dad74ab","LAmGfokvgzA","NEGATIVE_CONTROL","dim.teachingValue","51","heuristic dimension","57"
"c=9d692dad74ab","LAmGfokvgzA","NEGATIVE_CONTROL","dim.entertainment","59","heuristic dimension","57"
"c=9d692dad74ab","LAmGfokvgzA","NEGATIVE_CONTROL","base_score","59.5","0.55*drivers + 0.45*gates","57"
"c=9d692dad74ab","LAmGfokvgzA","NEGATIVE_CONTROL","duration_multiplier","0.957","piecewise duration curve","57"
"c=7e58f435b77b","LAmGfokvgzA","NEGATIVE_CONTROL","dim.hook","46","heuristic dimension","57"
"c=7e58f435b77b","LAmGfokvgzA","NEGATIVE_CONTROL","dim.curiosity","50","heuristic dimension","57"
"c=7e58f435b77b","LAmGfokvgzA","NEGATIVE_CONTROL","dim.emotion","68","heuristic dimension","57"
"c=7e58f435b77b","LAmGfokvgzA","NEGATIVE_CONTROL","dim.storytelling","62","heuristic dimension","57"
"c=7e58f435b77b","LAmGfokvgzA","NEGATIVE_CONTROL","dim.standalone","66","heuristic dimension","57"
"c=7e58f435b77b","LAmGfokvgzA","NEGATIVE_CONTROL","dim.shareability","48","heuristic dimension","57"
"c=7e58f435b77b","LAmGfokvgzA","NEGATIVE_CONTROL","dim.clarity","68","heuristic dimension","57"
"c=7e58f435b77b","LAmGfokvgzA","NEGATIVE_CONTROL","dim.controversy","30","heuristic dimension","57"
"c=7e58f435b77b","LAmGfokvgzA","NEGATIVE_CONTROL","dim.teachingValue","51","heuristic dimension","57"
"c=7e58f435b77b","LAmGfokvgzA","NEGATIVE_CONTROL","dim.entertainment","59","heuristic dimension","57"
"c=7e58f435b77b","LAmGfokvgzA","NEGATIVE_CONTROL","base_score","63","0.55*drivers + 0.45*gates","57"
"c=7e58f435b77b","LAmGfokvgzA","NEGATIVE_CONTROL","duration_multiplier","0.9","piecewise duration curve","57"
"c=824c082a3d90","LAmGfokvgzA","NEGATIVE_CONTROL","dim.hook","46","heuristic dimension","62"
"c=824c082a3d90","LAmGfokvgzA","NEGATIVE_CONTROL","dim.curiosity","50","heuristic dimension","62"
"c=824c082a3d90","LAmGfokvgzA","NEGATIVE_CONTROL","dim.emotion","70","heuristic dimension","62"
"c=824c082a3d90","LAmGfokvgzA","NEGATIVE_CONTROL","dim.storytelling","54","heuristic dimension","62"
"c=824c082a3d90","LAmGfokvgzA","NEGATIVE_CONTROL","dim.standalone","66","heuristic dimension","62"
"c=824c082a3d90","LAmGfokvgzA","NEGATIVE_CONTROL","dim.shareability","48","heuristic dimension","62"
"c=824c082a3d90","LAmGfokvgzA","NEGATIVE_CONTROL","dim.clarity","74","heuristic dimension","62"
"c=824c082a3d90","LAmGfokvgzA","NEGATIVE_CONTROL","dim.controversy","30","heuristic dimension","62"
"c=824c082a3d90","LAmGfokvgzA","NEGATIVE_CONTROL","dim.teachingValue","46","heuristic dimension","62"
"c=824c082a3d90","LAmGfokvgzA","NEGATIVE_CONTROL","dim.entertainment","40","heuristic dimension","62"
"c=824c082a3d90","LAmGfokvgzA","NEGATIVE_CONTROL","base_score","62.2","0.55*drivers + 0.45*gates","62"
"c=824c082a3d90","LAmGfokvgzA","NEGATIVE_CONTROL","duration_multiplier","0.993","piecewise duration curve","62"
"c=1e6db7684cf5","LAmGfokvgzA","NEGATIVE_CONTROL","dim.hook","22","heuristic dimension","60"
"c=1e6db7684cf5","LAmGfokvgzA","NEGATIVE_CONTROL","dim.curiosity","59","heuristic dimension","60"
"c=1e6db7684cf5","LAmGfokvgzA","NEGATIVE_CONTROL","dim.emotion","80","heuristic dimension","60"
"c=1e6db7684cf5","LAmGfokvgzA","NEGATIVE_CONTROL","dim.storytelling","71","heuristic dimension","60"
"c=1e6db7684cf5","LAmGfokvgzA","NEGATIVE_CONTROL","dim.standalone","42","heuristic dimension","60"
"c=1e6db7684cf5","LAmGfokvgzA","NEGATIVE_CONTROL","dim.shareability","72","heuristic dimension","60"
"c=1e6db7684cf5","LAmGfokvgzA","NEGATIVE_CONTROL","dim.clarity","64","heuristic dimension","60"
"c=1e6db7684cf5","LAmGfokvgzA","NEGATIVE_CONTROL","dim.controversy","49","heuristic dimension","60"
"c=1e6db7684cf5","LAmGfokvgzA","NEGATIVE_CONTROL","dim.teachingValue","51","heuristic dimension","60"
"c=1e6db7684cf5","LAmGfokvgzA","NEGATIVE_CONTROL","dim.entertainment","40","heuristic dimension","60"
"c=1e6db7684cf5","LAmGfokvgzA","NEGATIVE_CONTROL","base_score","61","0.55*drivers + 0.45*gates","60"
"c=1e6db7684cf5","LAmGfokvgzA","NEGATIVE_CONTROL","duration_multiplier","0.98","piecewise duration curve","60"
"c=c4e9f380fafc","LAmGfokvgzA","NEGATIVE_CONTROL","dim.hook","29","heuristic dimension","60"
"c=c4e9f380fafc","LAmGfokvgzA","NEGATIVE_CONTROL","dim.curiosity","50","heuristic dimension","60"
"c=c4e9f380fafc","LAmGfokvgzA","NEGATIVE_CONTROL","dim.emotion","54","heuristic dimension","60"
"c=c4e9f380fafc","LAmGfokvgzA","NEGATIVE_CONTROL","dim.storytelling","80","heuristic dimension","60"
"c=c4e9f380fafc","LAmGfokvgzA","NEGATIVE_CONTROL","dim.standalone","74","heuristic dimension","60"
"c=c4e9f380fafc","LAmGfokvgzA","NEGATIVE_CONTROL","dim.shareability","54","heuristic dimension","60"
"c=c4e9f380fafc","LAmGfokvgzA","NEGATIVE_CONTROL","dim.clarity","45","heuristic dimension","60"
"c=c4e9f380fafc","LAmGfokvgzA","NEGATIVE_CONTROL","dim.controversy","30","heuristic dimension","60"
"c=c4e9f380fafc","LAmGfokvgzA","NEGATIVE_CONTROL","dim.teachingValue","46","heuristic dimension","60"
"c=c4e9f380fafc","LAmGfokvgzA","NEGATIVE_CONTROL","dim.entertainment","40","heuristic dimension","60"
"c=c4e9f380fafc","LAmGfokvgzA","NEGATIVE_CONTROL","base_score","60.2","0.55*drivers + 0.45*gates","60"
"c=c4e9f380fafc","LAmGfokvgzA","NEGATIVE_CONTROL","duration_multiplier","0.997","piecewise duration curve","60"
"c=7b65adabb593","LAmGfokvgzA","NEGATIVE_CONTROL","dim.hook","46","heuristic dimension","71"
"c=7b65adabb593","LAmGfokvgzA","NEGATIVE_CONTROL","dim.curiosity","63","heuristic dimension","71"
"c=7b65adabb593","LAmGfokvgzA","NEGATIVE_CONTROL","dim.emotion","79","heuristic dimension","71"
"c=7b65adabb593","LAmGfokvgzA","NEGATIVE_CONTROL","dim.storytelling","54","heuristic dimension","71"
"c=7b65adabb593","LAmGfokvgzA","NEGATIVE_CONTROL","dim.standalone","86","heuristic dimension","71"
"c=7b65adabb593","LAmGfokvgzA","NEGATIVE_CONTROL","dim.shareability","48","heuristic dimension","71"
"c=7b65adabb593","LAmGfokvgzA","NEGATIVE_CONTROL","dim.clarity","76","heuristic dimension","71"
"c=7b65adabb593","LAmGfokvgzA","NEGATIVE_CONTROL","dim.controversy","49","heuristic dimension","71"
"c=7b65adabb593","LAmGfokvgzA","NEGATIVE_CONTROL","dim.teachingValue","46","heuristic dimension","71"
"c=7b65adabb593","LAmGfokvgzA","NEGATIVE_CONTROL","dim.entertainment","40","heuristic dimension","71"
"c=7b65adabb593","LAmGfokvgzA","NEGATIVE_CONTROL","base_score","71","0.55*drivers + 0.45*gates","71"
"c=7b65adabb593","LAmGfokvgzA","NEGATIVE_CONTROL","duration_multiplier","1","piecewise duration curve","71"
"c=f5ee0b594e06","LAmGfokvgzA","NEGATIVE_CONTROL","dim.hook","33","heuristic dimension","59"
"c=f5ee0b594e06","LAmGfokvgzA","NEGATIVE_CONTROL","dim.curiosity","54","heuristic dimension","59"
"c=f5ee0b594e06","LAmGfokvgzA","NEGATIVE_CONTROL","dim.emotion","54","heuristic dimension","59"
"c=f5ee0b594e06","LAmGfokvgzA","NEGATIVE_CONTROL","dim.storytelling","58","heuristic dimension","59"
"c=f5ee0b594e06","LAmGfokvgzA","NEGATIVE_CONTROL","dim.standalone","86","heuristic dimension","59"
"c=f5ee0b594e06","LAmGfokvgzA","NEGATIVE_CONTROL","dim.shareability","48","heuristic dimension","59"
"c=f5ee0b594e06","LAmGfokvgzA","NEGATIVE_CONTROL","dim.clarity","64","heuristic dimension","59"
"c=f5ee0b594e06","LAmGfokvgzA","NEGATIVE_CONTROL","dim.controversy","49","heuristic dimension","59"
"c=f5ee0b594e06","LAmGfokvgzA","NEGATIVE_CONTROL","dim.teachingValue","46","heuristic dimension","59"
"c=f5ee0b594e06","LAmGfokvgzA","NEGATIVE_CONTROL","dim.entertainment","40","heuristic dimension","59"
"c=f5ee0b594e06","LAmGfokvgzA","NEGATIVE_CONTROL","base_score","59.4","0.55*drivers + 0.45*gates","59"
"c=f5ee0b594e06","LAmGfokvgzA","NEGATIVE_CONTROL","duration_multiplier","1","piecewise duration curve","59"
"c=8a8c6c159418","LAmGfokvgzA","NEGATIVE_CONTROL","dim.hook","33","heuristic dimension","55"
"c=8a8c6c159418","LAmGfokvgzA","NEGATIVE_CONTROL","dim.curiosity","54","heuristic dimension","55"
"c=8a8c6c159418","LAmGfokvgzA","NEGATIVE_CONTROL","dim.emotion","52","heuristic dimension","55"
"c=8a8c6c159418","LAmGfokvgzA","NEGATIVE_CONTROL","dim.storytelling","71","heuristic dimension","55"
"c=8a8c6c159418","LAmGfokvgzA","NEGATIVE_CONTROL","dim.standalone","42","heuristic dimension","55"
"c=8a8c6c159418","LAmGfokvgzA","NEGATIVE_CONTROL","dim.shareability","48","heuristic dimension","55"
"c=8a8c6c159418","LAmGfokvgzA","NEGATIVE_CONTROL","dim.clarity","66","heuristic dimension","55"
"c=8a8c6c159418","LAmGfokvgzA","NEGATIVE_CONTROL","dim.controversy","30","heuristic dimension","55"
"c=8a8c6c159418","LAmGfokvgzA","NEGATIVE_CONTROL","dim.teachingValue","46","heuristic dimension","55"
"c=8a8c6c159418","LAmGfokvgzA","NEGATIVE_CONTROL","dim.entertainment","40","heuristic dimension","55"
"c=8a8c6c159418","LAmGfokvgzA","NEGATIVE_CONTROL","base_score","55.3","0.55*drivers + 0.45*gates","55"
"c=8a8c6c159418","LAmGfokvgzA","NEGATIVE_CONTROL","duration_multiplier","1","piecewise duration curve","55"
"c=77c85268ffbb","LAmGfokvgzA","NEGATIVE_CONTROL","dim.hook","9","heuristic dimension","57"
"c=77c85268ffbb","LAmGfokvgzA","NEGATIVE_CONTROL","dim.curiosity","46","heuristic dimension","57"
"c=77c85268ffbb","LAmGfokvgzA","NEGATIVE_CONTROL","dim.emotion","64","heuristic dimension","57"
"c=77c85268ffbb","LAmGfokvgzA","NEGATIVE_CONTROL","dim.storytelling","71","heuristic dimension","57"
"c=77c85268ffbb","LAmGfokvgzA","NEGATIVE_CONTROL","dim.standalone","62","heuristic dimension","57"
"c=77c85268ffbb","LAmGfokvgzA","NEGATIVE_CONTROL","dim.shareability","48","heuristic dimension","57"
"c=77c85268ffbb","LAmGfokvgzA","NEGATIVE_CONTROL","dim.clarity","52","heuristic dimension","57"
"c=77c85268ffbb","LAmGfokvgzA","NEGATIVE_CONTROL","dim.controversy","30","heuristic dimension","57"
"c=77c85268ffbb","LAmGfokvgzA","NEGATIVE_CONTROL","dim.teachingValue","46","heuristic dimension","57"
"c=77c85268ffbb","LAmGfokvgzA","NEGATIVE_CONTROL","dim.entertainment","40","heuristic dimension","57"
"c=77c85268ffbb","LAmGfokvgzA","NEGATIVE_CONTROL","base_score","56.5","0.55*drivers + 0.45*gates","57"
"c=77c85268ffbb","LAmGfokvgzA","NEGATIVE_CONTROL","duration_multiplier","1","piecewise duration curve","57"
"c=e5ff40b38939","LAmGfokvgzA","NEGATIVE_CONTROL","dim.hook","22","heuristic dimension","55"
"c=e5ff40b38939","LAmGfokvgzA","NEGATIVE_CONTROL","dim.curiosity","64","heuristic dimension","55"
"c=e5ff40b38939","LAmGfokvgzA","NEGATIVE_CONTROL","dim.emotion","54","heuristic dimension","55"
"c=e5ff40b38939","LAmGfokvgzA","NEGATIVE_CONTROL","dim.storytelling","46","heuristic dimension","55"
"c=e5ff40b38939","LAmGfokvgzA","NEGATIVE_CONTROL","dim.standalone","46","heuristic dimension","55"
"c=e5ff40b38939","LAmGfokvgzA","NEGATIVE_CONTROL","dim.shareability","48","heuristic dimension","55"
"c=e5ff40b38939","LAmGfokvgzA","NEGATIVE_CONTROL","dim.clarity","84","heuristic dimension","55"
"c=e5ff40b38939","LAmGfokvgzA","NEGATIVE_CONTROL","dim.controversy","30","heuristic dimension","55"
"c=e5ff40b38939","LAmGfokvgzA","NEGATIVE_CONTROL","dim.teachingValue","46","heuristic dimension","55"
"c=e5ff40b38939","LAmGfokvgzA","NEGATIVE_CONTROL","dim.entertainment","40","heuristic dimension","55"
"c=e5ff40b38939","LAmGfokvgzA","NEGATIVE_CONTROL","base_score","55","0.55*drivers + 0.45*gates","55"
"c=e5ff40b38939","LAmGfokvgzA","NEGATIVE_CONTROL","duration_multiplier","1","piecewise duration curve","55"
"c=ff96a912a96b","LAmGfokvgzA","NEGATIVE_CONTROL","dim.hook","33","heuristic dimension","69"
"c=ff96a912a96b","LAmGfokvgzA","NEGATIVE_CONTROL","dim.curiosity","50","heuristic dimension","69"
"c=ff96a912a96b","LAmGfokvgzA","NEGATIVE_CONTROL","dim.emotion","81","heuristic dimension","69"
"c=ff96a912a96b","LAmGfokvgzA","NEGATIVE_CONTROL","dim.storytelling","63","heuristic dimension","69"
"c=ff96a912a96b","LAmGfokvgzA","NEGATIVE_CONTROL","dim.standalone","86","heuristic dimension","69"
"c=ff96a912a96b","LAmGfokvgzA","NEGATIVE_CONTROL","dim.shareability","48","heuristic dimension","69"
"c=ff96a912a96b","LAmGfokvgzA","NEGATIVE_CONTROL","dim.clarity","73","heuristic dimension","69"
"c=ff96a912a96b","LAmGfokvgzA","NEGATIVE_CONTROL","dim.controversy","30","heuristic dimension","69"
"c=ff96a912a96b","LAmGfokvgzA","NEGATIVE_CONTROL","dim.teachingValue","46","heuristic dimension","69"
"c=ff96a912a96b","LAmGfokvgzA","NEGATIVE_CONTROL","dim.entertainment","40","heuristic dimension","69"
"c=ff96a912a96b","LAmGfokvgzA","NEGATIVE_CONTROL","base_score","69.4","0.55*drivers + 0.45*gates","69"
"c=ff96a912a96b","LAmGfokvgzA","NEGATIVE_CONTROL","duration_multiplier","0.998","piecewise duration curve","69"
"c=a7e7e1cca9e3","LAmGfokvgzA","NEGATIVE_CONTROL","dim.hook","33","heuristic dimension","64"
"c=a7e7e1cca9e3","LAmGfokvgzA","NEGATIVE_CONTROL","dim.curiosity","56","heuristic dimension","64"
"c=a7e7e1cca9e3","LAmGfokvgzA","NEGATIVE_CONTROL","dim.emotion","70","heuristic dimension","64"
"c=a7e7e1cca9e3","LAmGfokvgzA","NEGATIVE_CONTROL","dim.storytelling","63","heuristic dimension","64"
"c=a7e7e1cca9e3","LAmGfokvgzA","NEGATIVE_CONTROL","dim.standalone","86","heuristic dimension","64"
"c=a7e7e1cca9e3","LAmGfokvgzA","NEGATIVE_CONTROL","dim.shareability","48","heuristic dimension","64"
"c=a7e7e1cca9e3","LAmGfokvgzA","NEGATIVE_CONTROL","dim.clarity","73","heuristic dimension","64"
"c=a7e7e1cca9e3","LAmGfokvgzA","NEGATIVE_CONTROL","dim.controversy","30","heuristic dimension","64"
"c=a7e7e1cca9e3","LAmGfokvgzA","NEGATIVE_CONTROL","dim.teachingValue","46","heuristic dimension","64"
"c=a7e7e1cca9e3","LAmGfokvgzA","NEGATIVE_CONTROL","dim.entertainment","40","heuristic dimension","64"
"c=a7e7e1cca9e3","LAmGfokvgzA","NEGATIVE_CONTROL","base_score","66.4","0.55*drivers + 0.45*gates","64"
"c=a7e7e1cca9e3","LAmGfokvgzA","NEGATIVE_CONTROL","duration_multiplier","0.971","piecewise duration curve","64"
"c=08d9c6038256","LAmGfokvgzA","NEGATIVE_CONTROL","dim.hook","22","heuristic dimension","58"
"c=08d9c6038256","LAmGfokvgzA","NEGATIVE_CONTROL","dim.curiosity","63","heuristic dimension","58"
"c=08d9c6038256","LAmGfokvgzA","NEGATIVE_CONTROL","dim.emotion","65","heuristic dimension","58"
"c=08d9c6038256","LAmGfokvgzA","NEGATIVE_CONTROL","dim.storytelling","50","heuristic dimension","58"
"c=08d9c6038256","LAmGfokvgzA","NEGATIVE_CONTROL","dim.standalone","46","heuristic dimension","58"
"c=08d9c6038256","LAmGfokvgzA","NEGATIVE_CONTROL","dim.shareability","48","heuristic dimension","58"
"c=08d9c6038256","LAmGfokvgzA","NEGATIVE_CONTROL","dim.clarity","84","heuristic dimension","58"
"c=08d9c6038256","LAmGfokvgzA","NEGATIVE_CONTROL","dim.controversy","30","heuristic dimension","58"
"c=08d9c6038256","LAmGfokvgzA","NEGATIVE_CONTROL","dim.teachingValue","51","heuristic dimension","58"
"c=08d9c6038256","LAmGfokvgzA","NEGATIVE_CONTROL","dim.entertainment","40","heuristic dimension","58"
"c=08d9c6038256","LAmGfokvgzA","NEGATIVE_CONTROL","base_score","57.8","0.55*drivers + 0.45*gates","58"
"c=08d9c6038256","LAmGfokvgzA","NEGATIVE_CONTROL","duration_multiplier","1","piecewise duration curve","58"
"c=2db100c4d3fc","LAmGfokvgzA","NEGATIVE_CONTROL","dim.hook","46","heuristic dimension","64"
"c=2db100c4d3fc","LAmGfokvgzA","NEGATIVE_CONTROL","dim.curiosity","50","heuristic dimension","64"
"c=2db100c4d3fc","LAmGfokvgzA","NEGATIVE_CONTROL","dim.emotion","59","heuristic dimension","64"
"c=2db100c4d3fc","LAmGfokvgzA","NEGATIVE_CONTROL","dim.storytelling","54","heuristic dimension","64"
"c=2db100c4d3fc","LAmGfokvgzA","NEGATIVE_CONTROL","dim.standalone","86","heuristic dimension","64"
"c=2db100c4d3fc","LAmGfokvgzA","NEGATIVE_CONTROL","dim.shareability","48","heuristic dimension","64"
"c=2db100c4d3fc","LAmGfokvgzA","NEGATIVE_CONTROL","dim.clarity","84","heuristic dimension","64"
"c=2db100c4d3fc","LAmGfokvgzA","NEGATIVE_CONTROL","dim.controversy","30","heuristic dimension","64"
"c=2db100c4d3fc","LAmGfokvgzA","NEGATIVE_CONTROL","dim.teachingValue","51","heuristic dimension","64"
"c=2db100c4d3fc","LAmGfokvgzA","NEGATIVE_CONTROL","dim.entertainment","40","heuristic dimension","64"
"c=2db100c4d3fc","LAmGfokvgzA","NEGATIVE_CONTROL","base_score","64.1","0.55*drivers + 0.45*gates","64"
"c=2db100c4d3fc","LAmGfokvgzA","NEGATIVE_CONTROL","duration_multiplier","0.997","piecewise duration curve","64"
"c=e93ed61d0b77","LAmGfokvgzA","NEGATIVE_CONTROL","dim.hook","33","heuristic dimension","64"
"c=e93ed61d0b77","LAmGfokvgzA","NEGATIVE_CONTROL","dim.curiosity","56","heuristic dimension","64"
"c=e93ed61d0b77","LAmGfokvgzA","NEGATIVE_CONTROL","dim.emotion","79","heuristic dimension","64"
"c=e93ed61d0b77","LAmGfokvgzA","NEGATIVE_CONTROL","dim.storytelling","58","heuristic dimension","64"
"c=e93ed61d0b77","LAmGfokvgzA","NEGATIVE_CONTROL","dim.standalone","66","heuristic dimension","64"
"c=e93ed61d0b77","LAmGfokvgzA","NEGATIVE_CONTROL","dim.shareability","48","heuristic dimension","64"
"c=e93ed61d0b77","LAmGfokvgzA","NEGATIVE_CONTROL","dim.clarity","61","heuristic dimension","64"
"c=e93ed61d0b77","LAmGfokvgzA","NEGATIVE_CONTROL","dim.controversy","30","heuristic dimension","64"
"c=e93ed61d0b77","LAmGfokvgzA","NEGATIVE_CONTROL","dim.teachingValue","66","heuristic dimension","64"
"c=e93ed61d0b77","LAmGfokvgzA","NEGATIVE_CONTROL","dim.entertainment","40","heuristic dimension","64"
"c=e93ed61d0b77","LAmGfokvgzA","NEGATIVE_CONTROL","base_score","64.4","0.55*drivers + 0.45*gates","64"
"c=e93ed61d0b77","LAmGfokvgzA","NEGATIVE_CONTROL","duration_multiplier","1","piecewise duration curve","64"
"c=4c3bdbf3cc27","LAmGfokvgzA","NEGATIVE_CONTROL","dim.hook","46","heuristic dimension","65"
"c=4c3bdbf3cc27","LAmGfokvgzA","NEGATIVE_CONTROL","dim.curiosity","50","heuristic dimension","65"
"c=4c3bdbf3cc27","LAmGfokvgzA","NEGATIVE_CONTROL","dim.emotion","66","heuristic dimension","65"
"c=4c3bdbf3cc27","LAmGfokvgzA","NEGATIVE_CONTROL","dim.storytelling","46","heuristic dimension","65"
"c=4c3bdbf3cc27","LAmGfokvgzA","NEGATIVE_CONTROL","dim.standalone","86","heuristic dimension","65"
"c=4c3bdbf3cc27","LAmGfokvgzA","NEGATIVE_CONTROL","dim.shareability","48","heuristic dimension","65"
"c=4c3bdbf3cc27","LAmGfokvgzA","NEGATIVE_CONTROL","dim.clarity","84","heuristic dimension","65"
"c=4c3bdbf3cc27","LAmGfokvgzA","NEGATIVE_CONTROL","dim.controversy","30","heuristic dimension","65"
"c=4c3bdbf3cc27","LAmGfokvgzA","NEGATIVE_CONTROL","dim.teachingValue","46","heuristic dimension","65"
"c=4c3bdbf3cc27","LAmGfokvgzA","NEGATIVE_CONTROL","dim.entertainment","40","heuristic dimension","65"
"c=4c3bdbf3cc27","LAmGfokvgzA","NEGATIVE_CONTROL","base_score","64.9","0.55*drivers + 0.45*gates","65"
"c=4c3bdbf3cc27","LAmGfokvgzA","NEGATIVE_CONTROL","duration_multiplier","1","piecewise duration curve","65"
"c=eb368cc6e1d1","LAmGfokvgzA","NEGATIVE_CONTROL","dim.hook","22","heuristic dimension","63"
"c=eb368cc6e1d1","LAmGfokvgzA","NEGATIVE_CONTROL","dim.curiosity","54","heuristic dimension","63"
"c=eb368cc6e1d1","LAmGfokvgzA","NEGATIVE_CONTROL","dim.emotion","81","heuristic dimension","63"
"c=eb368cc6e1d1","LAmGfokvgzA","NEGATIVE_CONTROL","dim.storytelling","58","heuristic dimension","63"
"c=eb368cc6e1d1","LAmGfokvgzA","NEGATIVE_CONTROL","dim.standalone","62","heuristic dimension","63"
"c=eb368cc6e1d1","LAmGfokvgzA","NEGATIVE_CONTROL","dim.shareability","48","heuristic dimension","63"
"c=eb368cc6e1d1","LAmGfokvgzA","NEGATIVE_CONTROL","dim.clarity","76","heuristic dimension","63"
"c=eb368cc6e1d1","LAmGfokvgzA","NEGATIVE_CONTROL","dim.controversy","30","heuristic dimension","63"
"c=eb368cc6e1d1","LAmGfokvgzA","NEGATIVE_CONTROL","dim.teachingValue","46","heuristic dimension","63"
"c=eb368cc6e1d1","LAmGfokvgzA","NEGATIVE_CONTROL","dim.entertainment","40","heuristic dimension","63"
"c=eb368cc6e1d1","LAmGfokvgzA","NEGATIVE_CONTROL","base_score","62.6","0.55*drivers + 0.45*gates","63"
"c=eb368cc6e1d1","LAmGfokvgzA","NEGATIVE_CONTROL","duration_multiplier","1","piecewise duration curve","63"
"c=db9c366a36ba","LAmGfokvgzA","NEGATIVE_CONTROL","dim.hook","22","heuristic dimension","54"
"c=db9c366a36ba","LAmGfokvgzA","NEGATIVE_CONTROL","dim.curiosity","69","heuristic dimension","54"
"c=db9c366a36ba","LAmGfokvgzA","NEGATIVE_CONTROL","dim.emotion","58","heuristic dimension","54"
"c=db9c366a36ba","LAmGfokvgzA","NEGATIVE_CONTROL","dim.storytelling","46","heuristic dimension","54"
"c=db9c366a36ba","LAmGfokvgzA","NEGATIVE_CONTROL","dim.standalone","46","heuristic dimension","54"
"c=db9c366a36ba","LAmGfokvgzA","NEGATIVE_CONTROL","dim.shareability","54","heuristic dimension","54"
"c=db9c366a36ba","LAmGfokvgzA","NEGATIVE_CONTROL","dim.clarity","55","heuristic dimension","54"
"c=db9c366a36ba","LAmGfokvgzA","NEGATIVE_CONTROL","dim.controversy","30","heuristic dimension","54"
"c=db9c366a36ba","LAmGfokvgzA","NEGATIVE_CONTROL","dim.teachingValue","46","heuristic dimension","54"
"c=db9c366a36ba","LAmGfokvgzA","NEGATIVE_CONTROL","dim.entertainment","40","heuristic dimension","54"
"c=db9c366a36ba","LAmGfokvgzA","NEGATIVE_CONTROL","base_score","53.6","0.55*drivers + 0.45*gates","54"
"c=db9c366a36ba","LAmGfokvgzA","NEGATIVE_CONTROL","duration_multiplier","1","piecewise duration curve","54"
"c=b8377085968f","LAmGfokvgzA","NEGATIVE_CONTROL","dim.hook","22","heuristic dimension","57"
"c=b8377085968f","LAmGfokvgzA","NEGATIVE_CONTROL","dim.curiosity","68","heuristic dimension","57"
"c=b8377085968f","LAmGfokvgzA","NEGATIVE_CONTROL","dim.emotion","54","heuristic dimension","57"
"c=b8377085968f","LAmGfokvgzA","NEGATIVE_CONTROL","dim.storytelling","58","heuristic dimension","57"
"c=b8377085968f","LAmGfokvgzA","NEGATIVE_CONTROL","dim.standalone","46","heuristic dimension","57"
"c=b8377085968f","LAmGfokvgzA","NEGATIVE_CONTROL","dim.shareability","48","heuristic dimension","57"
"c=b8377085968f","LAmGfokvgzA","NEGATIVE_CONTROL","dim.clarity","84","heuristic dimension","57"
"c=b8377085968f","LAmGfokvgzA","NEGATIVE_CONTROL","dim.controversy","30","heuristic dimension","57"
"c=b8377085968f","LAmGfokvgzA","NEGATIVE_CONTROL","dim.teachingValue","46","heuristic dimension","57"
"c=b8377085968f","LAmGfokvgzA","NEGATIVE_CONTROL","dim.entertainment","40","heuristic dimension","57"
"c=b8377085968f","LAmGfokvgzA","NEGATIVE_CONTROL","base_score","57.2","0.55*drivers + 0.45*gates","57"
"c=b8377085968f","LAmGfokvgzA","NEGATIVE_CONTROL","duration_multiplier","1","piecewise duration curve","57"
"c=1e698710416e","LAmGfokvgzA","NEGATIVE_CONTROL","dim.hook","22","heuristic dimension","61"
"c=1e698710416e","LAmGfokvgzA","NEGATIVE_CONTROL","dim.curiosity","50","heuristic dimension","61"
"c=1e698710416e","LAmGfokvgzA","NEGATIVE_CONTROL","dim.emotion","69","heuristic dimension","61"
"c=1e698710416e","LAmGfokvgzA","NEGATIVE_CONTROL","dim.storytelling","58","heuristic dimension","61"
"c=1e698710416e","LAmGfokvgzA","NEGATIVE_CONTROL","dim.standalone","62","heuristic dimension","61"
"c=1e698710416e","LAmGfokvgzA","NEGATIVE_CONTROL","dim.shareability","48","heuristic dimension","61"
"c=1e698710416e","LAmGfokvgzA","NEGATIVE_CONTROL","dim.clarity","61","heuristic dimension","61"
"c=1e698710416e","LAmGfokvgzA","NEGATIVE_CONTROL","dim.controversy","30","heuristic dimension","61"
"c=1e698710416e","LAmGfokvgzA","NEGATIVE_CONTROL","dim.teachingValue","73","heuristic dimension","61"
"c=1e698710416e","LAmGfokvgzA","NEGATIVE_CONTROL","dim.entertainment","40","heuristic dimension","61"
"c=1e698710416e","LAmGfokvgzA","NEGATIVE_CONTROL","base_score","61.4","0.55*drivers + 0.45*gates","61"
"c=1e698710416e","LAmGfokvgzA","NEGATIVE_CONTROL","duration_multiplier","1","piecewise duration curve","61"
"c=f06f944ce9d1","LAmGfokvgzA","NEGATIVE_CONTROL","dim.hook","46","heuristic dimension","61"
"c=f06f944ce9d1","LAmGfokvgzA","NEGATIVE_CONTROL","dim.curiosity","59","heuristic dimension","61"
"c=f06f944ce9d1","LAmGfokvgzA","NEGATIVE_CONTROL","dim.emotion","56","heuristic dimension","61"
"c=f06f944ce9d1","LAmGfokvgzA","NEGATIVE_CONTROL","dim.storytelling","42","heuristic dimension","61"
"c=f06f944ce9d1","LAmGfokvgzA","NEGATIVE_CONTROL","dim.standalone","66","heuristic dimension","61"
"c=f06f944ce9d1","LAmGfokvgzA","NEGATIVE_CONTROL","dim.shareability","48","heuristic dimension","61"
"c=f06f944ce9d1","LAmGfokvgzA","NEGATIVE_CONTROL","dim.clarity","84","heuristic dimension","61"
"c=f06f944ce9d1","LAmGfokvgzA","NEGATIVE_CONTROL","dim.controversy","30","heuristic dimension","61"
"c=f06f944ce9d1","LAmGfokvgzA","NEGATIVE_CONTROL","dim.teachingValue","46","heuristic dimension","61"
"c=f06f944ce9d1","LAmGfokvgzA","NEGATIVE_CONTROL","dim.entertainment","40","heuristic dimension","61"
"c=f06f944ce9d1","LAmGfokvgzA","NEGATIVE_CONTROL","base_score","61.1","0.55*drivers + 0.45*gates","61"
"c=f06f944ce9d1","LAmGfokvgzA","NEGATIVE_CONTROL","duration_multiplier","1","piecewise duration curve","61"
"c=6b19130cbab5","LAmGfokvgzA","NEGATIVE_CONTROL","dim.hook","20","heuristic dimension","59"
"c=6b19130cbab5","LAmGfokvgzA","NEGATIVE_CONTROL","dim.curiosity","56","heuristic dimension","59"
"c=6b19130cbab5","LAmGfokvgzA","NEGATIVE_CONTROL","dim.emotion","75","heuristic dimension","59"
"c=6b19130cbab5","LAmGfokvgzA","NEGATIVE_CONTROL","dim.storytelling","59","heuristic dimension","59"
"c=6b19130cbab5","LAmGfokvgzA","NEGATIVE_CONTROL","dim.standalone","86","heuristic dimension","59"
"c=6b19130cbab5","LAmGfokvgzA","NEGATIVE_CONTROL","dim.shareability","48","heuristic dimension","59"
"c=6b19130cbab5","LAmGfokvgzA","NEGATIVE_CONTROL","dim.clarity","46","heuristic dimension","59"
"c=6b19130cbab5","LAmGfokvgzA","NEGATIVE_CONTROL","dim.controversy","49","heuristic dimension","59"
"c=6b19130cbab5","LAmGfokvgzA","NEGATIVE_CONTROL","dim.teachingValue","46","heuristic dimension","59"
"c=6b19130cbab5","LAmGfokvgzA","NEGATIVE_CONTROL","dim.entertainment","59","heuristic dimension","59"
"c=6b19130cbab5","LAmGfokvgzA","NEGATIVE_CONTROL","base_score","61.2","0.55*drivers + 0.45*gates","59"
"c=6b19130cbab5","LAmGfokvgzA","NEGATIVE_CONTROL","duration_multiplier","0.97","piecewise duration curve","59"
"c=37b93f6222b1","LAmGfokvgzA","NEGATIVE_CONTROL","dim.hook","22","heuristic dimension","55"
"c=37b93f6222b1","LAmGfokvgzA","NEGATIVE_CONTROL","dim.curiosity","69","heuristic dimension","55"
"c=37b93f6222b1","LAmGfokvgzA","NEGATIVE_CONTROL","dim.emotion","58","heuristic dimension","55"
"c=37b93f6222b1","LAmGfokvgzA","NEGATIVE_CONTROL","dim.storytelling","54","heuristic dimension","55"
"c=37b93f6222b1","LAmGfokvgzA","NEGATIVE_CONTROL","dim.standalone","34","heuristic dimension","55"
"c=37b93f6222b1","LAmGfokvgzA","NEGATIVE_CONTROL","dim.shareability","54","heuristic dimension","55"
"c=37b93f6222b1","LAmGfokvgzA","NEGATIVE_CONTROL","dim.clarity","84","heuristic dimension","55"
"c=37b93f6222b1","LAmGfokvgzA","NEGATIVE_CONTROL","dim.controversy","30","heuristic dimension","55"
"c=37b93f6222b1","LAmGfokvgzA","NEGATIVE_CONTROL","dim.teachingValue","51","heuristic dimension","55"
"c=37b93f6222b1","LAmGfokvgzA","NEGATIVE_CONTROL","dim.entertainment","40","heuristic dimension","55"
"c=37b93f6222b1","LAmGfokvgzA","NEGATIVE_CONTROL","base_score","55.4","0.55*drivers + 0.45*gates","55"
"c=37b93f6222b1","LAmGfokvgzA","NEGATIVE_CONTROL","duration_multiplier","0.995","piecewise duration curve","55"
"c=981bbdb2e679","LAmGfokvgzA","NEGATIVE_CONTROL","dim.hook","42","heuristic dimension","64"
"c=981bbdb2e679","LAmGfokvgzA","NEGATIVE_CONTROL","dim.curiosity","67","heuristic dimension","64"
"c=981bbdb2e679","LAmGfokvgzA","NEGATIVE_CONTROL","dim.emotion","73","heuristic dimension","64"
"c=981bbdb2e679","LAmGfokvgzA","NEGATIVE_CONTROL","dim.storytelling","46","heuristic dimension","64"
"c=981bbdb2e679","LAmGfokvgzA","NEGATIVE_CONTROL","dim.standalone","58","heuristic dimension","64"
"c=981bbdb2e679","LAmGfokvgzA","NEGATIVE_CONTROL","dim.shareability","54","heuristic dimension","64"
"c=981bbdb2e679","LAmGfokvgzA","NEGATIVE_CONTROL","dim.clarity","71","heuristic dimension","64"
"c=981bbdb2e679","LAmGfokvgzA","NEGATIVE_CONTROL","dim.controversy","68","heuristic dimension","64"
"c=981bbdb2e679","LAmGfokvgzA","NEGATIVE_CONTROL","dim.teachingValue","46","heuristic dimension","64"
"c=981bbdb2e679","LAmGfokvgzA","NEGATIVE_CONTROL","dim.entertainment","40","heuristic dimension","64"
"c=981bbdb2e679","LAmGfokvgzA","NEGATIVE_CONTROL","base_score","64.5","0.55*drivers + 0.45*gates","64"
"c=981bbdb2e679","LAmGfokvgzA","NEGATIVE_CONTROL","duration_multiplier","0.986","piecewise duration curve","64"
"c=3ce81ef16088","LAmGfokvgzA","NEGATIVE_CONTROL","dim.hook","0","heuristic dimension","58"
"c=3ce81ef16088","LAmGfokvgzA","NEGATIVE_CONTROL","dim.curiosity","56","heuristic dimension","58"
"c=3ce81ef16088","LAmGfokvgzA","NEGATIVE_CONTROL","dim.emotion","78","heuristic dimension","58"
"c=3ce81ef16088","LAmGfokvgzA","NEGATIVE_CONTROL","dim.storytelling","67","heuristic dimension","58"
"c=3ce81ef16088","LAmGfokvgzA","NEGATIVE_CONTROL","dim.standalone","62","heuristic dimension","58"
"c=3ce81ef16088","LAmGfokvgzA","NEGATIVE_CONTROL","dim.shareability","54","heuristic dimension","58"
"c=3ce81ef16088","LAmGfokvgzA","NEGATIVE_CONTROL","dim.clarity","55","heuristic dimension","58"
"c=3ce81ef16088","LAmGfokvgzA","NEGATIVE_CONTROL","dim.controversy","30","heuristic dimension","58"
"c=3ce81ef16088","LAmGfokvgzA","NEGATIVE_CONTROL","dim.teachingValue","46","heuristic dimension","58"
"c=3ce81ef16088","LAmGfokvgzA","NEGATIVE_CONTROL","dim.entertainment","40","heuristic dimension","58"
"c=3ce81ef16088","LAmGfokvgzA","NEGATIVE_CONTROL","base_score","58.5","0.55*drivers + 0.45*gates","58"
"c=3ce81ef16088","LAmGfokvgzA","NEGATIVE_CONTROL","duration_multiplier","0.991","piecewise duration curve","58"
"c=0e66be36eaed","LAmGfokvgzA","NEGATIVE_CONTROL","dim.hook","46","heuristic dimension","61"
"c=0e66be36eaed","LAmGfokvgzA","NEGATIVE_CONTROL","dim.curiosity","67","heuristic dimension","61"
"c=0e66be36eaed","LAmGfokvgzA","NEGATIVE_CONTROL","dim.emotion","52","heuristic dimension","61"
"c=0e66be36eaed","LAmGfokvgzA","NEGATIVE_CONTROL","dim.storytelling","42","heuristic dimension","61"
"c=0e66be36eaed","LAmGfokvgzA","NEGATIVE_CONTROL","dim.standalone","70","heuristic dimension","61"
"c=0e66be36eaed","LAmGfokvgzA","NEGATIVE_CONTROL","dim.shareability","48","heuristic dimension","61"
"c=0e66be36eaed","LAmGfokvgzA","NEGATIVE_CONTROL","dim.clarity","72","heuristic dimension","61"
"c=0e66be36eaed","LAmGfokvgzA","NEGATIVE_CONTROL","dim.controversy","49","heuristic dimension","61"
"c=0e66be36eaed","LAmGfokvgzA","NEGATIVE_CONTROL","dim.teachingValue","46","heuristic dimension","61"
"c=0e66be36eaed","LAmGfokvgzA","NEGATIVE_CONTROL","dim.entertainment","40","heuristic dimension","61"
"c=0e66be36eaed","LAmGfokvgzA","NEGATIVE_CONTROL","base_score","61.3","0.55*drivers + 0.45*gates","61"
"c=0e66be36eaed","LAmGfokvgzA","NEGATIVE_CONTROL","duration_multiplier","0.998","piecewise duration curve","61"
"c=fd43a360f9ca","LAmGfokvgzA","NEGATIVE_CONTROL","dim.hook","22","heuristic dimension","51"
"c=fd43a360f9ca","LAmGfokvgzA","NEGATIVE_CONTROL","dim.curiosity","46","heuristic dimension","51"
"c=fd43a360f9ca","LAmGfokvgzA","NEGATIVE_CONTROL","dim.emotion","49","heuristic dimension","51"
"c=fd43a360f9ca","LAmGfokvgzA","NEGATIVE_CONTROL","dim.storytelling","42","heuristic dimension","51"
"c=fd43a360f9ca","LAmGfokvgzA","NEGATIVE_CONTROL","dim.standalone","62","heuristic dimension","51"
"c=fd43a360f9ca","LAmGfokvgzA","NEGATIVE_CONTROL","dim.shareability","48","heuristic dimension","51"
"c=fd43a360f9ca","LAmGfokvgzA","NEGATIVE_CONTROL","dim.clarity","71","heuristic dimension","51"
"c=fd43a360f9ca","LAmGfokvgzA","NEGATIVE_CONTROL","dim.controversy","49","heuristic dimension","51"
"c=fd43a360f9ca","LAmGfokvgzA","NEGATIVE_CONTROL","dim.teachingValue","46","heuristic dimension","51"
"c=fd43a360f9ca","LAmGfokvgzA","NEGATIVE_CONTROL","dim.entertainment","40","heuristic dimension","51"
"c=fd43a360f9ca","LAmGfokvgzA","NEGATIVE_CONTROL","base_score","50.7","0.55*drivers + 0.45*gates","51"
"c=fd43a360f9ca","LAmGfokvgzA","NEGATIVE_CONTROL","duration_multiplier","1","piecewise duration curve","51"
"c=db382577df0a","LAmGfokvgzA","NEGATIVE_CONTROL","dim.hook","46","heuristic dimension","57"
"c=db382577df0a","LAmGfokvgzA","NEGATIVE_CONTROL","dim.curiosity","46","heuristic dimension","57"
"c=db382577df0a","LAmGfokvgzA","NEGATIVE_CONTROL","dim.emotion","62","heuristic dimension","57"
"c=db382577df0a","LAmGfokvgzA","NEGATIVE_CONTROL","dim.storytelling","46","heuristic dimension","57"
"c=db382577df0a","LAmGfokvgzA","NEGATIVE_CONTROL","dim.standalone","66","heuristic dimension","57"
"c=db382577df0a","LAmGfokvgzA","NEGATIVE_CONTROL","dim.shareability","48","heuristic dimension","57"
"c=db382577df0a","LAmGfokvgzA","NEGATIVE_CONTROL","dim.clarity","59","heuristic dimension","57"
"c=db382577df0a","LAmGfokvgzA","NEGATIVE_CONTROL","dim.controversy","49","heuristic dimension","57"
"c=db382577df0a","LAmGfokvgzA","NEGATIVE_CONTROL","dim.teachingValue","46","heuristic dimension","57"
"c=db382577df0a","LAmGfokvgzA","NEGATIVE_CONTROL","dim.entertainment","40","heuristic dimension","57"
"c=db382577df0a","LAmGfokvgzA","NEGATIVE_CONTROL","base_score","56.6","0.55*drivers + 0.45*gates","57"
"c=db382577df0a","LAmGfokvgzA","NEGATIVE_CONTROL","duration_multiplier","1","piecewise duration curve","57"
"c=71c9ad54af71","LAmGfokvgzA","NEGATIVE_CONTROL","dim.hook","46","heuristic dimension","69"
"c=71c9ad54af71","LAmGfokvgzA","NEGATIVE_CONTROL","dim.curiosity","50","heuristic dimension","69"
"c=71c9ad54af71","LAmGfokvgzA","NEGATIVE_CONTROL","dim.emotion","93","heuristic dimension","69"
"c=71c9ad54af71","LAmGfokvgzA","NEGATIVE_CONTROL","dim.storytelling","54","heuristic dimension","69"
"c=71c9ad54af71","LAmGfokvgzA","NEGATIVE_CONTROL","dim.standalone","66","heuristic dimension","69"
"c=71c9ad54af71","LAmGfokvgzA","NEGATIVE_CONTROL","dim.shareability","48","heuristic dimension","69"
"c=71c9ad54af71","LAmGfokvgzA","NEGATIVE_CONTROL","dim.clarity","79","heuristic dimension","69"
"c=71c9ad54af71","LAmGfokvgzA","NEGATIVE_CONTROL","dim.controversy","30","heuristic dimension","69"
"c=71c9ad54af71","LAmGfokvgzA","NEGATIVE_CONTROL","dim.teachingValue","46","heuristic dimension","69"
"c=71c9ad54af71","LAmGfokvgzA","NEGATIVE_CONTROL","dim.entertainment","40","heuristic dimension","69"
"c=71c9ad54af71","LAmGfokvgzA","NEGATIVE_CONTROL","base_score","69.2","0.55*drivers + 0.45*gates","69"
"c=71c9ad54af71","LAmGfokvgzA","NEGATIVE_CONTROL","duration_multiplier","0.997","piecewise duration curve","69"
"c=973630f05211","LAmGfokvgzA","NEGATIVE_CONTROL","dim.hook","9","heuristic dimension","59"
"c=973630f05211","LAmGfokvgzA","NEGATIVE_CONTROL","dim.curiosity","56","heuristic dimension","59"
"c=973630f05211","LAmGfokvgzA","NEGATIVE_CONTROL","dim.emotion","53","heuristic dimension","59"
"c=973630f05211","LAmGfokvgzA","NEGATIVE_CONTROL","dim.storytelling","76","heuristic dimension","59"
"c=973630f05211","LAmGfokvgzA","NEGATIVE_CONTROL","dim.standalone","62","heuristic dimension","59"
"c=973630f05211","LAmGfokvgzA","NEGATIVE_CONTROL","dim.shareability","48","heuristic dimension","59"
"c=973630f05211","LAmGfokvgzA","NEGATIVE_CONTROL","dim.clarity","57","heuristic dimension","59"
"c=973630f05211","LAmGfokvgzA","NEGATIVE_CONTROL","dim.controversy","30","heuristic dimension","59"
"c=973630f05211","LAmGfokvgzA","NEGATIVE_CONTROL","dim.teachingValue","66","heuristic dimension","59"
"c=973630f05211","LAmGfokvgzA","NEGATIVE_CONTROL","dim.entertainment","40","heuristic dimension","59"
"c=973630f05211","LAmGfokvgzA","NEGATIVE_CONTROL","base_score","59.1","0.55*drivers + 0.45*gates","59"
"c=973630f05211","LAmGfokvgzA","NEGATIVE_CONTROL","duration_multiplier","1","piecewise duration curve","59"
"c=f389b51fbb63","LAmGfokvgzA","NEGATIVE_CONTROL","dim.hook","46","heuristic dimension","65"
"c=f389b51fbb63","LAmGfokvgzA","NEGATIVE_CONTROL","dim.curiosity","50","heuristic dimension","65"
"c=f389b51fbb63","LAmGfokvgzA","NEGATIVE_CONTROL","dim.emotion","46","heuristic dimension","65"
"c=f389b51fbb63","LAmGfokvgzA","NEGATIVE_CONTROL","dim.storytelling","58","heuristic dimension","65"
"c=f389b51fbb63","LAmGfokvgzA","NEGATIVE_CONTROL","dim.standalone","86","heuristic dimension","65"
"c=f389b51fbb63","LAmGfokvgzA","NEGATIVE_CONTROL","dim.shareability","48","heuristic dimension","65"
"c=f389b51fbb63","LAmGfokvgzA","NEGATIVE_CONTROL","dim.clarity","84","heuristic dimension","65"
"c=f389b51fbb63","LAmGfokvgzA","NEGATIVE_CONTROL","dim.controversy","30","heuristic dimension","65"
"c=f389b51fbb63","LAmGfokvgzA","NEGATIVE_CONTROL","dim.teachingValue","46","heuristic dimension","65"
"c=f389b51fbb63","LAmGfokvgzA","NEGATIVE_CONTROL","dim.entertainment","59","heuristic dimension","65"
"c=f389b51fbb63","LAmGfokvgzA","NEGATIVE_CONTROL","base_score","65.2","0.55*drivers + 0.45*gates","65"
"c=f389b51fbb63","LAmGfokvgzA","NEGATIVE_CONTROL","duration_multiplier","1","piecewise duration curve","65"
"c=ea5a4f3ca781","LAmGfokvgzA","NEGATIVE_CONTROL","dim.hook","46","heuristic dimension","67"
"c=ea5a4f3ca781","LAmGfokvgzA","NEGATIVE_CONTROL","dim.curiosity","46","heuristic dimension","67"
"c=ea5a4f3ca781","LAmGfokvgzA","NEGATIVE_CONTROL","dim.emotion","64","heuristic dimension","67"
"c=ea5a4f3ca781","LAmGfokvgzA","NEGATIVE_CONTROL","dim.storytelling","50","heuristic dimension","67"
"c=ea5a4f3ca781","LAmGfokvgzA","NEGATIVE_CONTROL","dim.standalone","86","heuristic dimension","67"
"c=ea5a4f3ca781","LAmGfokvgzA","NEGATIVE_CONTROL","dim.shareability","48","heuristic dimension","67"
"c=ea5a4f3ca781","LAmGfokvgzA","NEGATIVE_CONTROL","dim.clarity","84","heuristic dimension","67"
"c=ea5a4f3ca781","LAmGfokvgzA","NEGATIVE_CONTROL","dim.controversy","30","heuristic dimension","67"
"c=ea5a4f3ca781","LAmGfokvgzA","NEGATIVE_CONTROL","dim.teachingValue","46","heuristic dimension","67"
"c=ea5a4f3ca781","LAmGfokvgzA","NEGATIVE_CONTROL","dim.entertainment","59","heuristic dimension","67"
"c=ea5a4f3ca781","LAmGfokvgzA","NEGATIVE_CONTROL","base_score","66.9","0.55*drivers + 0.45*gates","67"
"c=ea5a4f3ca781","LAmGfokvgzA","NEGATIVE_CONTROL","duration_multiplier","0.996","piecewise duration curve","67"
"c=2dbb6d71a5b8","LAmGfokvgzA","NEGATIVE_CONTROL","dim.hook","33","heuristic dimension","60"
"c=2dbb6d71a5b8","LAmGfokvgzA","NEGATIVE_CONTROL","dim.curiosity","70","heuristic dimension","60"
"c=2dbb6d71a5b8","LAmGfokvgzA","NEGATIVE_CONTROL","dim.emotion","54","heuristic dimension","60"
"c=2dbb6d71a5b8","LAmGfokvgzA","NEGATIVE_CONTROL","dim.storytelling","42","heuristic dimension","60"
"c=2dbb6d71a5b8","LAmGfokvgzA","NEGATIVE_CONTROL","dim.standalone","70","heuristic dimension","60"
"c=2dbb6d71a5b8","LAmGfokvgzA","NEGATIVE_CONTROL","dim.shareability","48","heuristic dimension","60"
"c=2dbb6d71a5b8","LAmGfokvgzA","NEGATIVE_CONTROL","dim.clarity","63","heuristic dimension","60"
"c=2dbb6d71a5b8","LAmGfokvgzA","NEGATIVE_CONTROL","dim.controversy","49","heuristic dimension","60"
"c=2dbb6d71a5b8","LAmGfokvgzA","NEGATIVE_CONTROL","dim.teachingValue","46","heuristic dimension","60"
"c=2dbb6d71a5b8","LAmGfokvgzA","NEGATIVE_CONTROL","dim.entertainment","40","heuristic dimension","60"
"c=2dbb6d71a5b8","LAmGfokvgzA","NEGATIVE_CONTROL","base_score","59.7","0.55*drivers + 0.45*gates","60"
"c=2dbb6d71a5b8","LAmGfokvgzA","NEGATIVE_CONTROL","duration_multiplier","1","piecewise duration curve","60"
"c=80d0ff2654a4","LAmGfokvgzA","NEGATIVE_CONTROL","dim.hook","55","heuristic dimension","65"
"c=80d0ff2654a4","LAmGfokvgzA","NEGATIVE_CONTROL","dim.curiosity","82","heuristic dimension","65"
"c=80d0ff2654a4","LAmGfokvgzA","NEGATIVE_CONTROL","dim.emotion","52","heuristic dimension","65"
"c=80d0ff2654a4","LAmGfokvgzA","NEGATIVE_CONTROL","dim.storytelling","46","heuristic dimension","65"
"c=80d0ff2654a4","LAmGfokvgzA","NEGATIVE_CONTROL","dim.standalone","58","heuristic dimension","65"
"c=80d0ff2654a4","LAmGfokvgzA","NEGATIVE_CONTROL","dim.shareability","48","heuristic dimension","65"
"c=80d0ff2654a4","LAmGfokvgzA","NEGATIVE_CONTROL","dim.clarity","73","heuristic dimension","65"
"c=80d0ff2654a4","LAmGfokvgzA","NEGATIVE_CONTROL","dim.controversy","49","heuristic dimension","65"
"c=80d0ff2654a4","LAmGfokvgzA","NEGATIVE_CONTROL","dim.teachingValue","46","heuristic dimension","65"
"c=80d0ff2654a4","LAmGfokvgzA","NEGATIVE_CONTROL","dim.entertainment","40","heuristic dimension","65"
"c=80d0ff2654a4","LAmGfokvgzA","NEGATIVE_CONTROL","base_score","65.4","0.55*drivers + 0.45*gates","65"
"c=80d0ff2654a4","LAmGfokvgzA","NEGATIVE_CONTROL","duration_multiplier","0.999","piecewise duration curve","65"
"c=0add66c94274","LAmGfokvgzA","NEGATIVE_CONTROL","dim.hook","33","heuristic dimension","63"
"c=0add66c94274","LAmGfokvgzA","NEGATIVE_CONTROL","dim.curiosity","69","heuristic dimension","63"
"c=0add66c94274","LAmGfokvgzA","NEGATIVE_CONTROL","dim.emotion","70","heuristic dimension","63"
"c=0add66c94274","LAmGfokvgzA","NEGATIVE_CONTROL","dim.storytelling","42","heuristic dimension","63"
"c=0add66c94274","LAmGfokvgzA","NEGATIVE_CONTROL","dim.standalone","70","heuristic dimension","63"
"c=0add66c94274","LAmGfokvgzA","NEGATIVE_CONTROL","dim.shareability","48","heuristic dimension","63"
"c=0add66c94274","LAmGfokvgzA","NEGATIVE_CONTROL","dim.clarity","74","heuristic dimension","63"
"c=0add66c94274","LAmGfokvgzA","NEGATIVE_CONTROL","dim.controversy","30","heuristic dimension","63"
"c=0add66c94274","LAmGfokvgzA","NEGATIVE_CONTROL","dim.teachingValue","46","heuristic dimension","63"
"c=0add66c94274","LAmGfokvgzA","NEGATIVE_CONTROL","dim.entertainment","40","heuristic dimension","63"
"c=0add66c94274","LAmGfokvgzA","NEGATIVE_CONTROL","base_score","65.3","0.55*drivers + 0.45*gates","63"
"c=0add66c94274","LAmGfokvgzA","NEGATIVE_CONTROL","duration_multiplier","0.967","piecewise duration curve","63"
"c=f22fba8fcc22","LAmGfokvgzA","NEGATIVE_CONTROL","dim.hook","55","heuristic dimension","69"
"c=f22fba8fcc22","LAmGfokvgzA","NEGATIVE_CONTROL","dim.curiosity","56","heuristic dimension","69"
"c=f22fba8fcc22","LAmGfokvgzA","NEGATIVE_CONTROL","dim.emotion","69","heuristic dimension","69"
"c=f22fba8fcc22","LAmGfokvgzA","NEGATIVE_CONTROL","dim.storytelling","46","heuristic dimension","69"
"c=f22fba8fcc22","LAmGfokvgzA","NEGATIVE_CONTROL","dim.standalone","86","heuristic dimension","69"
"c=f22fba8fcc22","LAmGfokvgzA","NEGATIVE_CONTROL","dim.shareability","48","heuristic dimension","69"
"c=f22fba8fcc22","LAmGfokvgzA","NEGATIVE_CONTROL","dim.clarity","84","heuristic dimension","69"
"c=f22fba8fcc22","LAmGfokvgzA","NEGATIVE_CONTROL","dim.controversy","30","heuristic dimension","69"
"c=f22fba8fcc22","LAmGfokvgzA","NEGATIVE_CONTROL","dim.teachingValue","46","heuristic dimension","69"
"c=f22fba8fcc22","LAmGfokvgzA","NEGATIVE_CONTROL","dim.entertainment","40","heuristic dimension","69"
"c=f22fba8fcc22","LAmGfokvgzA","NEGATIVE_CONTROL","base_score","68.6","0.55*drivers + 0.45*gates","69"
"c=f22fba8fcc22","LAmGfokvgzA","NEGATIVE_CONTROL","duration_multiplier","1","piecewise duration curve","69"
"c=7a99811e6633","LAmGfokvgzA","NEGATIVE_CONTROL","dim.hook","33","heuristic dimension","69"
"c=7a99811e6633","LAmGfokvgzA","NEGATIVE_CONTROL","dim.curiosity","67","heuristic dimension","69"
"c=7a99811e6633","LAmGfokvgzA","NEGATIVE_CONTROL","dim.emotion","97","heuristic dimension","69"
"c=7a99811e6633","LAmGfokvgzA","NEGATIVE_CONTROL","dim.storytelling","62","heuristic dimension","69"
"c=7a99811e6633","LAmGfokvgzA","NEGATIVE_CONTROL","dim.standalone","70","heuristic dimension","69"
"c=7a99811e6633","LAmGfokvgzA","NEGATIVE_CONTROL","dim.shareability","48","heuristic dimension","69"
"c=7a99811e6633","LAmGfokvgzA","NEGATIVE_CONTROL","dim.clarity","57","heuristic dimension","69"
"c=7a99811e6633","LAmGfokvgzA","NEGATIVE_CONTROL","dim.controversy","30","heuristic dimension","69"
"c=7a99811e6633","LAmGfokvgzA","NEGATIVE_CONTROL","dim.teachingValue","46","heuristic dimension","69"
"c=7a99811e6633","LAmGfokvgzA","NEGATIVE_CONTROL","dim.entertainment","40","heuristic dimension","69"
"c=7a99811e6633","LAmGfokvgzA","NEGATIVE_CONTROL","base_score","69.9","0.55*drivers + 0.45*gates","69"
"c=7a99811e6633","LAmGfokvgzA","NEGATIVE_CONTROL","duration_multiplier","0.991","piecewise duration curve","69"
"c=8541af1b8ff1","LAmGfokvgzA","NEGATIVE_CONTROL","dim.hook","33","heuristic dimension","67"
"c=8541af1b8ff1","LAmGfokvgzA","NEGATIVE_CONTROL","dim.curiosity","70","heuristic dimension","67"
"c=8541af1b8ff1","LAmGfokvgzA","NEGATIVE_CONTROL","dim.emotion","82","heuristic dimension","67"
"c=8541af1b8ff1","LAmGfokvgzA","NEGATIVE_CONTROL","dim.storytelling","50","heuristic dimension","67"
"c=8541af1b8ff1","LAmGfokvgzA","NEGATIVE_CONTROL","dim.standalone","70","heuristic dimension","67"
"c=8541af1b8ff1","LAmGfokvgzA","NEGATIVE_CONTROL","dim.shareability","48","heuristic dimension","67"
"c=8541af1b8ff1","LAmGfokvgzA","NEGATIVE_CONTROL","dim.clarity","58","heuristic dimension","67"
"c=8541af1b8ff1","LAmGfokvgzA","NEGATIVE_CONTROL","dim.controversy","30","heuristic dimension","67"
"c=8541af1b8ff1","LAmGfokvgzA","NEGATIVE_CONTROL","dim.teachingValue","46","heuristic dimension","67"
"c=8541af1b8ff1","LAmGfokvgzA","NEGATIVE_CONTROL","dim.entertainment","40","heuristic dimension","67"
"c=8541af1b8ff1","LAmGfokvgzA","NEGATIVE_CONTROL","base_score","66.7","0.55*drivers + 0.45*gates","67"
"c=8541af1b8ff1","LAmGfokvgzA","NEGATIVE_CONTROL","duration_multiplier","1","piecewise duration curve","67"
"c=76b32fe81087","LAmGfokvgzA","NEGATIVE_CONTROL","dim.hook","46","heuristic dimension","65"
"c=76b32fe81087","LAmGfokvgzA","NEGATIVE_CONTROL","dim.curiosity","56","heuristic dimension","65"
"c=76b32fe81087","LAmGfokvgzA","NEGATIVE_CONTROL","dim.emotion","84","heuristic dimension","65"
"c=76b32fe81087","LAmGfokvgzA","NEGATIVE_CONTROL","dim.storytelling","58","heuristic dimension","65"
"c=76b32fe81087","LAmGfokvgzA","NEGATIVE_CONTROL","dim.standalone","66","heuristic dimension","65"
"c=76b32fe81087","LAmGfokvgzA","NEGATIVE_CONTROL","dim.shareability","48","heuristic dimension","65"
"c=76b32fe81087","LAmGfokvgzA","NEGATIVE_CONTROL","dim.clarity","63","heuristic dimension","65"
"c=76b32fe81087","LAmGfokvgzA","NEGATIVE_CONTROL","dim.controversy","30","heuristic dimension","65"
"c=76b32fe81087","LAmGfokvgzA","NEGATIVE_CONTROL","dim.teachingValue","46","heuristic dimension","65"
"c=76b32fe81087","LAmGfokvgzA","NEGATIVE_CONTROL","dim.entertainment","40","heuristic dimension","65"
"c=76b32fe81087","LAmGfokvgzA","NEGATIVE_CONTROL","base_score","65.6","0.55*drivers + 0.45*gates","65"
"c=76b32fe81087","LAmGfokvgzA","NEGATIVE_CONTROL","duration_multiplier","0.988","piecewise duration curve","65"
"c=8a513a1e9c2e","LAmGfokvgzA","NEGATIVE_CONTROL","dim.hook","33","heuristic dimension","69"
"c=8a513a1e9c2e","LAmGfokvgzA","NEGATIVE_CONTROL","dim.curiosity","46","heuristic dimension","69"
"c=8a513a1e9c2e","LAmGfokvgzA","NEGATIVE_CONTROL","dim.emotion","91","heuristic dimension","69"
"c=8a513a1e9c2e","LAmGfokvgzA","NEGATIVE_CONTROL","dim.storytelling","54","heuristic dimension","69"
"c=8a513a1e9c2e","LAmGfokvgzA","NEGATIVE_CONTROL","dim.standalone","86","heuristic dimension","69"
"c=8a513a1e9c2e","LAmGfokvgzA","NEGATIVE_CONTROL","dim.shareability","48","heuristic dimension","69"
"c=8a513a1e9c2e","LAmGfokvgzA","NEGATIVE_CONTROL","dim.clarity","68","heuristic dimension","69"
"c=8a513a1e9c2e","LAmGfokvgzA","NEGATIVE_CONTROL","dim.controversy","30","heuristic dimension","69"
"c=8a513a1e9c2e","LAmGfokvgzA","NEGATIVE_CONTROL","dim.teachingValue","46","heuristic dimension","69"
"c=8a513a1e9c2e","LAmGfokvgzA","NEGATIVE_CONTROL","dim.entertainment","40","heuristic dimension","69"
"c=8a513a1e9c2e","LAmGfokvgzA","NEGATIVE_CONTROL","base_score","69","0.55*drivers + 0.45*gates","69"
"c=8a513a1e9c2e","LAmGfokvgzA","NEGATIVE_CONTROL","duration_multiplier","1","piecewise duration curve","69"
"c=c8cd731b1924","vs6x8VUGXCw","NEGATIVE_CONTROL","dim.hook","46","heuristic dimension","65"
"c=c8cd731b1924","vs6x8VUGXCw","NEGATIVE_CONTROL","dim.curiosity","63","heuristic dimension","65"
"c=c8cd731b1924","vs6x8VUGXCw","NEGATIVE_CONTROL","dim.emotion","54","heuristic dimension","65"
"c=c8cd731b1924","vs6x8VUGXCw","NEGATIVE_CONTROL","dim.storytelling","88","heuristic dimension","65"
"c=c8cd731b1924","vs6x8VUGXCw","NEGATIVE_CONTROL","dim.standalone","66","heuristic dimension","65"
"c=c8cd731b1924","vs6x8VUGXCw","NEGATIVE_CONTROL","dim.shareability","54","heuristic dimension","65"
"c=c8cd731b1924","vs6x8VUGXCw","NEGATIVE_CONTROL","dim.clarity","77","heuristic dimension","65"
"c=c8cd731b1924","vs6x8VUGXCw","NEGATIVE_CONTROL","dim.controversy","30","heuristic dimension","65"
"c=c8cd731b1924","vs6x8VUGXCw","NEGATIVE_CONTROL","dim.teachingValue","51","heuristic dimension","65"
"c=c8cd731b1924","vs6x8VUGXCw","NEGATIVE_CONTROL","dim.entertainment","40","heuristic dimension","65"
"c=c8cd731b1924","vs6x8VUGXCw","NEGATIVE_CONTROL","base_score","70","0.55*drivers + 0.45*gates","65"
"c=c8cd731b1924","vs6x8VUGXCw","NEGATIVE_CONTROL","duration_multiplier","0.925","piecewise duration curve","65"
"c=42d635384958","vs6x8VUGXCw","NEGATIVE_CONTROL","dim.hook","20","heuristic dimension","55"
"c=42d635384958","vs6x8VUGXCw","NEGATIVE_CONTROL","dim.curiosity","50","heuristic dimension","55"
"c=42d635384958","vs6x8VUGXCw","NEGATIVE_CONTROL","dim.emotion","54","heuristic dimension","55"
"c=42d635384958","vs6x8VUGXCw","NEGATIVE_CONTROL","dim.storytelling","42","heuristic dimension","55"
"c=42d635384958","vs6x8VUGXCw","NEGATIVE_CONTROL","dim.standalone","86","heuristic dimension","55"
"c=42d635384958","vs6x8VUGXCw","NEGATIVE_CONTROL","dim.shareability","48","heuristic dimension","55"
"c=42d635384958","vs6x8VUGXCw","NEGATIVE_CONTROL","dim.clarity","60","heuristic dimension","55"
"c=42d635384958","vs6x8VUGXCw","NEGATIVE_CONTROL","dim.controversy","30","heuristic dimension","55"
"c=42d635384958","vs6x8VUGXCw","NEGATIVE_CONTROL","dim.teachingValue","46","heuristic dimension","55"
"c=42d635384958","vs6x8VUGXCw","NEGATIVE_CONTROL","dim.entertainment","40","heuristic dimension","55"
"c=42d635384958","vs6x8VUGXCw","NEGATIVE_CONTROL","base_score","54.9","0.55*drivers + 0.45*gates","55"
"c=42d635384958","vs6x8VUGXCw","NEGATIVE_CONTROL","duration_multiplier","1","piecewise duration curve","55"
"c=dd50b24fdd19","vs6x8VUGXCw","NEGATIVE_CONTROL","dim.hook","33","heuristic dimension","67"
"c=dd50b24fdd19","vs6x8VUGXCw","NEGATIVE_CONTROL","dim.curiosity","54","heuristic dimension","67"
"c=dd50b24fdd19","vs6x8VUGXCw","NEGATIVE_CONTROL","dim.emotion","64","heuristic dimension","67"
"c=dd50b24fdd19","vs6x8VUGXCw","NEGATIVE_CONTROL","dim.storytelling","84","heuristic dimension","67"
"c=dd50b24fdd19","vs6x8VUGXCw","NEGATIVE_CONTROL","dim.standalone","66","heuristic dimension","67"
"c=dd50b24fdd19","vs6x8VUGXCw","NEGATIVE_CONTROL","dim.shareability","54","heuristic dimension","67"
"c=dd50b24fdd19","vs6x8VUGXCw","NEGATIVE_CONTROL","dim.clarity","72","heuristic dimension","67"
"c=dd50b24fdd19","vs6x8VUGXCw","NEGATIVE_CONTROL","dim.controversy","30","heuristic dimension","67"
"c=dd50b24fdd19","vs6x8VUGXCw","NEGATIVE_CONTROL","dim.teachingValue","46","heuristic dimension","67"
"c=dd50b24fdd19","vs6x8VUGXCw","NEGATIVE_CONTROL","dim.entertainment","59","heuristic dimension","67"
"c=dd50b24fdd19","vs6x8VUGXCw","NEGATIVE_CONTROL","base_score","66.8","0.55*drivers + 0.45*gates","67"
"c=dd50b24fdd19","vs6x8VUGXCw","NEGATIVE_CONTROL","duration_multiplier","0.997","piecewise duration curve","67"
"c=6d69e26a54d4","vs6x8VUGXCw","NEGATIVE_CONTROL","dim.hook","46","heuristic dimension","66"
"c=6d69e26a54d4","vs6x8VUGXCw","NEGATIVE_CONTROL","dim.curiosity","59","heuristic dimension","66"
"c=6d69e26a54d4","vs6x8VUGXCw","NEGATIVE_CONTROL","dim.emotion","50","heuristic dimension","66"
"c=6d69e26a54d4","vs6x8VUGXCw","NEGATIVE_CONTROL","dim.storytelling","84","heuristic dimension","66"
"c=6d69e26a54d4","vs6x8VUGXCw","NEGATIVE_CONTROL","dim.standalone","66","heuristic dimension","66"
"c=6d69e26a54d4","vs6x8VUGXCw","NEGATIVE_CONTROL","dim.shareability","48","heuristic dimension","66"
"c=6d69e26a54d4","vs6x8VUGXCw","NEGATIVE_CONTROL","dim.clarity","67","heuristic dimension","66"
"c=6d69e26a54d4","vs6x8VUGXCw","NEGATIVE_CONTROL","dim.controversy","30","heuristic dimension","66"
"c=6d69e26a54d4","vs6x8VUGXCw","NEGATIVE_CONTROL","dim.teachingValue","51","heuristic dimension","66"
"c=6d69e26a54d4","vs6x8VUGXCw","NEGATIVE_CONTROL","dim.entertainment","40","heuristic dimension","66"
"c=6d69e26a54d4","vs6x8VUGXCw","NEGATIVE_CONTROL","base_score","66.5","0.55*drivers + 0.45*gates","66"
"c=6d69e26a54d4","vs6x8VUGXCw","NEGATIVE_CONTROL","duration_multiplier","0.997","piecewise duration curve","66"
"c=8aced23b4e66","vs6x8VUGXCw","NEGATIVE_CONTROL","dim.hook","46","heuristic dimension","69"
"c=8aced23b4e66","vs6x8VUGXCw","NEGATIVE_CONTROL","dim.curiosity","56","heuristic dimension","69"
"c=8aced23b4e66","vs6x8VUGXCw","NEGATIVE_CONTROL","dim.emotion","58","heuristic dimension","69"
"c=8aced23b4e66","vs6x8VUGXCw","NEGATIVE_CONTROL","dim.storytelling","92","heuristic dimension","69"
"c=8aced23b4e66","vs6x8VUGXCw","NEGATIVE_CONTROL","dim.standalone","86","heuristic dimension","69"
"c=8aced23b4e66","vs6x8VUGXCw","NEGATIVE_CONTROL","dim.shareability","54","heuristic dimension","69"
"c=8aced23b4e66","vs6x8VUGXCw","NEGATIVE_CONTROL","dim.clarity","63","heuristic dimension","69"
"c=8aced23b4e66","vs6x8VUGXCw","NEGATIVE_CONTROL","dim.controversy","49","heuristic dimension","69"
"c=8aced23b4e66","vs6x8VUGXCw","NEGATIVE_CONTROL","dim.teachingValue","51","heuristic dimension","69"
"c=8aced23b4e66","vs6x8VUGXCw","NEGATIVE_CONTROL","dim.entertainment","40","heuristic dimension","69"
"c=8aced23b4e66","vs6x8VUGXCw","NEGATIVE_CONTROL","base_score","71.4","0.55*drivers + 0.45*gates","69"
"c=8aced23b4e66","vs6x8VUGXCw","NEGATIVE_CONTROL","duration_multiplier","0.967","piecewise duration curve","69"
"c=f932f2803187","vs6x8VUGXCw","NEGATIVE_CONTROL","dim.hook","9","heuristic dimension","62"
"c=f932f2803187","vs6x8VUGXCw","NEGATIVE_CONTROL","dim.curiosity","46","heuristic dimension","62"
"c=f932f2803187","vs6x8VUGXCw","NEGATIVE_CONTROL","dim.emotion","71","heuristic dimension","62"
"c=f932f2803187","vs6x8VUGXCw","NEGATIVE_CONTROL","dim.storytelling","88","heuristic dimension","62"
"c=f932f2803187","vs6x8VUGXCw","NEGATIVE_CONTROL","dim.standalone","62","heuristic dimension","62"
"c=f932f2803187","vs6x8VUGXCw","NEGATIVE_CONTROL","dim.shareability","54","heuristic dimension","62"
"c=f932f2803187","vs6x8VUGXCw","NEGATIVE_CONTROL","dim.clarity","67","heuristic dimension","62"
"c=f932f2803187","vs6x8VUGXCw","NEGATIVE_CONTROL","dim.controversy","30","heuristic dimension","62"
"c=f932f2803187","vs6x8VUGXCw","NEGATIVE_CONTROL","dim.teachingValue","66","heuristic dimension","62"
"c=f932f2803187","vs6x8VUGXCw","NEGATIVE_CONTROL","dim.entertainment","40","heuristic dimension","62"
"c=f932f2803187","vs6x8VUGXCw","NEGATIVE_CONTROL","base_score","65.1","0.55*drivers + 0.45*gates","62"
"c=f932f2803187","vs6x8VUGXCw","NEGATIVE_CONTROL","duration_multiplier","0.948","piecewise duration curve","62"
"c=581afd9b9b12","vs6x8VUGXCw","NEGATIVE_CONTROL","dim.hook","33","heuristic dimension","65"
"c=581afd9b9b12","vs6x8VUGXCw","NEGATIVE_CONTROL","dim.curiosity","46","heuristic dimension","65"
"c=581afd9b9b12","vs6x8VUGXCw","NEGATIVE_CONTROL","dim.emotion","68","heuristic dimension","65"
"c=581afd9b9b12","vs6x8VUGXCw","NEGATIVE_CONTROL","dim.storytelling","92","heuristic dimension","65"
"c=581afd9b9b12","vs6x8VUGXCw","NEGATIVE_CONTROL","dim.standalone","66","heuristic dimension","65"
"c=581afd9b9b12","vs6x8VUGXCw","NEGATIVE_CONTROL","dim.shareability","54","heuristic dimension","65"
"c=581afd9b9b12","vs6x8VUGXCw","NEGATIVE_CONTROL","dim.clarity","57","heuristic dimension","65"
"c=581afd9b9b12","vs6x8VUGXCw","NEGATIVE_CONTROL","dim.controversy","30","heuristic dimension","65"
"c=581afd9b9b12","vs6x8VUGXCw","NEGATIVE_CONTROL","dim.teachingValue","46","heuristic dimension","65"
"c=581afd9b9b12","vs6x8VUGXCw","NEGATIVE_CONTROL","dim.entertainment","40","heuristic dimension","65"
"c=581afd9b9b12","vs6x8VUGXCw","NEGATIVE_CONTROL","base_score","68","0.55*drivers + 0.45*gates","65"
"c=581afd9b9b12","vs6x8VUGXCw","NEGATIVE_CONTROL","duration_multiplier","0.954","piecewise duration curve","65"
"c=e932e163453e","vs6x8VUGXCw","NEGATIVE_CONTROL","dim.hook","22","heuristic dimension","60"
"c=e932e163453e","vs6x8VUGXCw","NEGATIVE_CONTROL","dim.curiosity","67","heuristic dimension","60"
"c=e932e163453e","vs6x8VUGXCw","NEGATIVE_CONTROL","dim.emotion","74","heuristic dimension","60"
"c=e932e163453e","vs6x8VUGXCw","NEGATIVE_CONTROL","dim.storytelling","80","heuristic dimension","60"
"c=e932e163453e","vs6x8VUGXCw","NEGATIVE_CONTROL","dim.standalone","46","heuristic dimension","60"
"c=e932e163453e","vs6x8VUGXCw","NEGATIVE_CONTROL","dim.shareability","54","heuristic dimension","60"
"c=e932e163453e","vs6x8VUGXCw","NEGATIVE_CONTROL","dim.clarity","60","heuristic dimension","60"
"c=e932e163453e","vs6x8VUGXCw","NEGATIVE_CONTROL","dim.controversy","30","heuristic dimension","60"
"c=e932e163453e","vs6x8VUGXCw","NEGATIVE_CONTROL","dim.teachingValue","46","heuristic dimension","60"
"c=e932e163453e","vs6x8VUGXCw","NEGATIVE_CONTROL","dim.entertainment","40","heuristic dimension","60"
"c=e932e163453e","vs6x8VUGXCw","NEGATIVE_CONTROL","base_score","61.7","0.55*drivers + 0.45*gates","60"
"c=e932e163453e","vs6x8VUGXCw","NEGATIVE_CONTROL","duration_multiplier","0.972","piecewise duration curve","60"
"c=349087ed8bfb","vs6x8VUGXCw","NEGATIVE_CONTROL","dim.hook","46","heuristic dimension","61"
"c=349087ed8bfb","vs6x8VUGXCw","NEGATIVE_CONTROL","dim.curiosity","59","heuristic dimension","61"
"c=349087ed8bfb","vs6x8VUGXCw","NEGATIVE_CONTROL","dim.emotion","78","heuristic dimension","61"
"c=349087ed8bfb","vs6x8VUGXCw","NEGATIVE_CONTROL","dim.storytelling","67","heuristic dimension","61"
"c=349087ed8bfb","vs6x8VUGXCw","NEGATIVE_CONTROL","dim.standalone","66","heuristic dimension","61"
"c=349087ed8bfb","vs6x8VUGXCw","NEGATIVE_CONTROL","dim.shareability","54","heuristic dimension","61"
"c=349087ed8bfb","vs6x8VUGXCw","NEGATIVE_CONTROL","dim.clarity","36","heuristic dimension","61"
"c=349087ed8bfb","vs6x8VUGXCw","NEGATIVE_CONTROL","dim.controversy","30","heuristic dimension","61"
"c=349087ed8bfb","vs6x8VUGXCw","NEGATIVE_CONTROL","dim.teachingValue","46","heuristic dimension","61"
"c=349087ed8bfb","vs6x8VUGXCw","NEGATIVE_CONTROL","dim.entertainment","40","heuristic dimension","61"
"c=349087ed8bfb","vs6x8VUGXCw","NEGATIVE_CONTROL","base_score","62.8","0.55*drivers + 0.45*gates","61"
"c=349087ed8bfb","vs6x8VUGXCw","NEGATIVE_CONTROL","duration_multiplier","0.977","piecewise duration curve","61"
"c=10fceb802d7e","vs6x8VUGXCw","NEGATIVE_CONTROL","dim.hook","20","heuristic dimension","54"
"c=10fceb802d7e","vs6x8VUGXCw","NEGATIVE_CONTROL","dim.curiosity","63","heuristic dimension","54"
"c=10fceb802d7e","vs6x8VUGXCw","NEGATIVE_CONTROL","dim.emotion","63","heuristic dimension","54"
"c=10fceb802d7e","vs6x8VUGXCw","NEGATIVE_CONTROL","dim.storytelling","67","heuristic dimension","54"
"c=10fceb802d7e","vs6x8VUGXCw","NEGATIVE_CONTROL","dim.standalone","58","heuristic dimension","54"
"c=10fceb802d7e","vs6x8VUGXCw","NEGATIVE_CONTROL","dim.shareability","54","heuristic dimension","54"
"c=10fceb802d7e","vs6x8VUGXCw","NEGATIVE_CONTROL","dim.clarity","47","heuristic dimension","54"
"c=10fceb802d7e","vs6x8VUGXCw","NEGATIVE_CONTROL","dim.controversy","30","heuristic dimension","54"
"c=10fceb802d7e","vs6x8VUGXCw","NEGATIVE_CONTROL","dim.teachingValue","46","heuristic dimension","54"
"c=10fceb802d7e","vs6x8VUGXCw","NEGATIVE_CONTROL","dim.entertainment","40","heuristic dimension","54"
"c=10fceb802d7e","vs6x8VUGXCw","NEGATIVE_CONTROL","base_score","55.2","0.55*drivers + 0.45*gates","54"
"c=10fceb802d7e","vs6x8VUGXCw","NEGATIVE_CONTROL","duration_multiplier","0.974","piecewise duration curve","54"
"c=bf3aa3783b18","vs6x8VUGXCw","NEGATIVE_CONTROL","dim.hook","22","heuristic dimension","59"
"c=bf3aa3783b18","vs6x8VUGXCw","NEGATIVE_CONTROL","dim.curiosity","76","heuristic dimension","59"
"c=bf3aa3783b18","vs6x8VUGXCw","NEGATIVE_CONTROL","dim.emotion","66","heuristic dimension","59"
"c=bf3aa3783b18","vs6x8VUGXCw","NEGATIVE_CONTROL","dim.storytelling","62","heuristic dimension","59"
"c=bf3aa3783b18","vs6x8VUGXCw","NEGATIVE_CONTROL","dim.standalone","42","heuristic dimension","59"
"c=bf3aa3783b18","vs6x8VUGXCw","NEGATIVE_CONTROL","dim.shareability","48","heuristic dimension","59"
"c=bf3aa3783b18","vs6x8VUGXCw","NEGATIVE_CONTROL","dim.clarity","75","heuristic dimension","59"
"c=bf3aa3783b18","vs6x8VUGXCw","NEGATIVE_CONTROL","dim.controversy","49","heuristic dimension","59"
"c=bf3aa3783b18","vs6x8VUGXCw","NEGATIVE_CONTROL","dim.teachingValue","46","heuristic dimension","59"
"c=bf3aa3783b18","vs6x8VUGXCw","NEGATIVE_CONTROL","dim.entertainment","40","heuristic dimension","59"
"c=bf3aa3783b18","vs6x8VUGXCw","NEGATIVE_CONTROL","base_score","59.7","0.55*drivers + 0.45*gates","59"
"c=bf3aa3783b18","vs6x8VUGXCw","NEGATIVE_CONTROL","duration_multiplier","0.99","piecewise duration curve","59"
"c=75fa40ae77e0","vs6x8VUGXCw","NEGATIVE_CONTROL","dim.hook","33","heuristic dimension","61"
"c=75fa40ae77e0","vs6x8VUGXCw","NEGATIVE_CONTROL","dim.curiosity","50","heuristic dimension","61"
"c=75fa40ae77e0","vs6x8VUGXCw","NEGATIVE_CONTROL","dim.emotion","64","heuristic dimension","61"
"c=75fa40ae77e0","vs6x8VUGXCw","NEGATIVE_CONTROL","dim.storytelling","59","heuristic dimension","61"
"c=75fa40ae77e0","vs6x8VUGXCw","NEGATIVE_CONTROL","dim.standalone","86","heuristic dimension","61"
"c=75fa40ae77e0","vs6x8VUGXCw","NEGATIVE_CONTROL","dim.shareability","48","heuristic dimension","61"
"c=75fa40ae77e0","vs6x8VUGXCw","NEGATIVE_CONTROL","dim.clarity","51","heuristic dimension","61"
"c=75fa40ae77e0","vs6x8VUGXCw","NEGATIVE_CONTROL","dim.controversy","49","heuristic dimension","61"
"c=75fa40ae77e0","vs6x8VUGXCw","NEGATIVE_CONTROL","dim.teachingValue","46","heuristic dimension","61"
"c=75fa40ae77e0","vs6x8VUGXCw","NEGATIVE_CONTROL","dim.entertainment","40","heuristic dimension","61"
"c=75fa40ae77e0","vs6x8VUGXCw","NEGATIVE_CONTROL","base_score","60.6","0.55*drivers + 0.45*gates","61"
"c=75fa40ae77e0","vs6x8VUGXCw","NEGATIVE_CONTROL","duration_multiplier","1","piecewise duration curve","61"
"c=27ad4c267974","vs6x8VUGXCw","NEGATIVE_CONTROL","dim.hook","25","heuristic dimension","61"
"c=27ad4c267974","vs6x8VUGXCw","NEGATIVE_CONTROL","dim.curiosity","59","heuristic dimension","61"
"c=27ad4c267974","vs6x8VUGXCw","NEGATIVE_CONTROL","dim.emotion","60","heuristic dimension","61"
"c=27ad4c267974","vs6x8VUGXCw","NEGATIVE_CONTROL","dim.storytelling","42","heuristic dimension","61"
"c=27ad4c267974","vs6x8VUGXCw","NEGATIVE_CONTROL","dim.standalone","86","heuristic dimension","61"
"c=27ad4c267974","vs6x8VUGXCw","NEGATIVE_CONTROL","dim.shareability","48","heuristic dimension","61"
"c=27ad4c267974","vs6x8VUGXCw","NEGATIVE_CONTROL","dim.clarity","67","heuristic dimension","61"
"c=27ad4c267974","vs6x8VUGXCw","NEGATIVE_CONTROL","dim.controversy","30","heuristic dimension","61"
"c=27ad4c267974","vs6x8VUGXCw","NEGATIVE_CONTROL","dim.teachingValue","46","heuristic dimension","61"
"c=27ad4c267974","vs6x8VUGXCw","NEGATIVE_CONTROL","dim.entertainment","40","heuristic dimension","61"
"c=27ad4c267974","vs6x8VUGXCw","NEGATIVE_CONTROL","base_score","60.6","0.55*drivers + 0.45*gates","61"
"c=27ad4c267974","vs6x8VUGXCw","NEGATIVE_CONTROL","duration_multiplier","1","piecewise duration curve","61"
"c=74db4bef1717","vs6x8VUGXCw","NEGATIVE_CONTROL","dim.hook","25","heuristic dimension","62"
"c=74db4bef1717","vs6x8VUGXCw","NEGATIVE_CONTROL","dim.curiosity","59","heuristic dimension","62"
"c=74db4bef1717","vs6x8VUGXCw","NEGATIVE_CONTROL","dim.emotion","72","heuristic dimension","62"
"c=74db4bef1717","vs6x8VUGXCw","NEGATIVE_CONTROL","dim.storytelling","67","heuristic dimension","62"
"c=74db4bef1717","vs6x8VUGXCw","NEGATIVE_CONTROL","dim.standalone","66","heuristic dimension","62"
"c=74db4bef1717","vs6x8VUGXCw","NEGATIVE_CONTROL","dim.shareability","54","heuristic dimension","62"
"c=74db4bef1717","vs6x8VUGXCw","NEGATIVE_CONTROL","dim.clarity","68","heuristic dimension","62"
"c=74db4bef1717","vs6x8VUGXCw","NEGATIVE_CONTROL","dim.controversy","30","heuristic dimension","62"
"c=74db4bef1717","vs6x8VUGXCw","NEGATIVE_CONTROL","dim.teachingValue","51","heuristic dimension","62"
"c=74db4bef1717","vs6x8VUGXCw","NEGATIVE_CONTROL","dim.entertainment","59","heuristic dimension","62"
"c=74db4bef1717","vs6x8VUGXCw","NEGATIVE_CONTROL","base_score","62.7","0.55*drivers + 0.45*gates","62"
"c=74db4bef1717","vs6x8VUGXCw","NEGATIVE_CONTROL","duration_multiplier","0.997","piecewise duration curve","62"
"c=9a007779a702","vs6x8VUGXCw","NEGATIVE_CONTROL","dim.hook","46","heuristic dimension","64"
"c=9a007779a702","vs6x8VUGXCw","NEGATIVE_CONTROL","dim.curiosity","63","heuristic dimension","64"
"c=9a007779a702","vs6x8VUGXCw","NEGATIVE_CONTROL","dim.emotion","54","heuristic dimension","64"
"c=9a007779a702","vs6x8VUGXCw","NEGATIVE_CONTROL","dim.storytelling","72","heuristic dimension","64"
"c=9a007779a702","vs6x8VUGXCw","NEGATIVE_CONTROL","dim.standalone","70","heuristic dimension","64"
"c=9a007779a702","vs6x8VUGXCw","NEGATIVE_CONTROL","dim.shareability","54","heuristic dimension","64"
"c=9a007779a702","vs6x8VUGXCw","NEGATIVE_CONTROL","dim.clarity","61","heuristic dimension","64"
"c=9a007779a702","vs6x8VUGXCw","NEGATIVE_CONTROL","dim.controversy","49","heuristic dimension","64"
"c=9a007779a702","vs6x8VUGXCw","NEGATIVE_CONTROL","dim.teachingValue","46","heuristic dimension","64"
"c=9a007779a702","vs6x8VUGXCw","NEGATIVE_CONTROL","dim.entertainment","40","heuristic dimension","64"
"c=9a007779a702","vs6x8VUGXCw","NEGATIVE_CONTROL","base_score","64.2","0.55*drivers + 0.45*gates","64"
"c=9a007779a702","vs6x8VUGXCw","NEGATIVE_CONTROL","duration_multiplier","0.995","piecewise duration curve","64"
"c=910cc4345aef","vs6x8VUGXCw","NEGATIVE_CONTROL","dim.hook","33","heuristic dimension","70"
"c=910cc4345aef","vs6x8VUGXCw","NEGATIVE_CONTROL","dim.curiosity","82","heuristic dimension","70"
"c=910cc4345aef","vs6x8VUGXCw","NEGATIVE_CONTROL","dim.emotion","73","heuristic dimension","70"
"c=910cc4345aef","vs6x8VUGXCw","NEGATIVE_CONTROL","dim.storytelling","88","heuristic dimension","70"
"c=910cc4345aef","vs6x8VUGXCw","NEGATIVE_CONTROL","dim.standalone","70","heuristic dimension","70"
"c=910cc4345aef","vs6x8VUGXCw","NEGATIVE_CONTROL","dim.shareability","48","heuristic dimension","70"
"c=910cc4345aef","vs6x8VUGXCw","NEGATIVE_CONTROL","dim.clarity","61","heuristic dimension","70"
"c=910cc4345aef","vs6x8VUGXCw","NEGATIVE_CONTROL","dim.controversy","49","heuristic dimension","70"
"c=910cc4345aef","vs6x8VUGXCw","NEGATIVE_CONTROL","dim.teachingValue","51","heuristic dimension","70"
"c=910cc4345aef","vs6x8VUGXCw","NEGATIVE_CONTROL","dim.entertainment","59","heuristic dimension","70"
"c=910cc4345aef","vs6x8VUGXCw","NEGATIVE_CONTROL","base_score","72","0.55*drivers + 0.45*gates","70"
"c=910cc4345aef","vs6x8VUGXCw","NEGATIVE_CONTROL","duration_multiplier","0.977","piecewise duration curve","70"
"c=295979ebdb26","vs6x8VUGXCw","NEGATIVE_CONTROL","dim.hook","33","heuristic dimension","72"
"c=295979ebdb26","vs6x8VUGXCw","NEGATIVE_CONTROL","dim.curiosity","67","heuristic dimension","72"
"c=295979ebdb26","vs6x8VUGXCw","NEGATIVE_CONTROL","dim.emotion","54","heuristic dimension","72"
"c=295979ebdb26","vs6x8VUGXCw","NEGATIVE_CONTROL","dim.storytelling","96","heuristic dimension","72"
"c=295979ebdb26","vs6x8VUGXCw","NEGATIVE_CONTROL","dim.standalone","86","heuristic dimension","72"
"c=295979ebdb26","vs6x8VUGXCw","NEGATIVE_CONTROL","dim.shareability","54","heuristic dimension","72"
"c=295979ebdb26","vs6x8VUGXCw","NEGATIVE_CONTROL","dim.clarity","66","heuristic dimension","72"
"c=295979ebdb26","vs6x8VUGXCw","NEGATIVE_CONTROL","dim.controversy","30","heuristic dimension","72"
"c=295979ebdb26","vs6x8VUGXCw","NEGATIVE_CONTROL","dim.teachingValue","46","heuristic dimension","72"
"c=295979ebdb26","vs6x8VUGXCw","NEGATIVE_CONTROL","dim.entertainment","59","heuristic dimension","72"
"c=295979ebdb26","vs6x8VUGXCw","NEGATIVE_CONTROL","base_score","73.7","0.55*drivers + 0.45*gates","72"
"c=295979ebdb26","vs6x8VUGXCw","NEGATIVE_CONTROL","duration_multiplier","0.976","piecewise duration curve","72"
"c=64361bf4b27e","vs6x8VUGXCw","NEGATIVE_CONTROL","dim.hook","33","heuristic dimension","69"
"c=64361bf4b27e","vs6x8VUGXCw","NEGATIVE_CONTROL","dim.curiosity","59","heuristic dimension","69"
"c=64361bf4b27e","vs6x8VUGXCw","NEGATIVE_CONTROL","dim.emotion","74","heuristic dimension","69"
"c=64361bf4b27e","vs6x8VUGXCw","NEGATIVE_CONTROL","dim.storytelling","71","heuristic dimension","69"
"c=64361bf4b27e","vs6x8VUGXCw","NEGATIVE_CONTROL","dim.standalone","86","heuristic dimension","69"
"c=64361bf4b27e","vs6x8VUGXCw","NEGATIVE_CONTROL","dim.shareability","48","heuristic dimension","69"
"c=64361bf4b27e","vs6x8VUGXCw","NEGATIVE_CONTROL","dim.clarity","72","heuristic dimension","69"
"c=64361bf4b27e","vs6x8VUGXCw","NEGATIVE_CONTROL","dim.controversy","30","heuristic dimension","69"
"c=64361bf4b27e","vs6x8VUGXCw","NEGATIVE_CONTROL","dim.teachingValue","66","heuristic dimension","69"
"c=64361bf4b27e","vs6x8VUGXCw","NEGATIVE_CONTROL","dim.entertainment","40","heuristic dimension","69"
"c=64361bf4b27e","vs6x8VUGXCw","NEGATIVE_CONTROL","base_score","69.5","0.55*drivers + 0.45*gates","69"
"c=64361bf4b27e","vs6x8VUGXCw","NEGATIVE_CONTROL","duration_multiplier","0.993","piecewise duration curve","69"
"c=3c4424551805","vs6x8VUGXCw","NEGATIVE_CONTROL","dim.hook","33","heuristic dimension","62"
"c=3c4424551805","vs6x8VUGXCw","NEGATIVE_CONTROL","dim.curiosity","46","heuristic dimension","62"
"c=3c4424551805","vs6x8VUGXCw","NEGATIVE_CONTROL","dim.emotion","78","heuristic dimension","62"
"c=3c4424551805","vs6x8VUGXCw","NEGATIVE_CONTROL","dim.storytelling","54","heuristic dimension","62"
"c=3c4424551805","vs6x8VUGXCw","NEGATIVE_CONTROL","dim.standalone","66","heuristic dimension","62"
"c=3c4424551805","vs6x8VUGXCw","NEGATIVE_CONTROL","dim.shareability","48","heuristic dimension","62"
"c=3c4424551805","vs6x8VUGXCw","NEGATIVE_CONTROL","dim.clarity","71","heuristic dimension","62"
"c=3c4424551805","vs6x8VUGXCw","NEGATIVE_CONTROL","dim.controversy","30","heuristic dimension","62"
"c=3c4424551805","vs6x8VUGXCw","NEGATIVE_CONTROL","dim.teachingValue","51","heuristic dimension","62"
"c=3c4424551805","vs6x8VUGXCw","NEGATIVE_CONTROL","dim.entertainment","40","heuristic dimension","62"
"c=3c4424551805","vs6x8VUGXCw","NEGATIVE_CONTROL","base_score","62.2","0.55*drivers + 0.45*gates","62"
"c=3c4424551805","vs6x8VUGXCw","NEGATIVE_CONTROL","duration_multiplier","1","piecewise duration curve","62"
"c=1eaba615b4a5","vs6x8VUGXCw","NEGATIVE_CONTROL","dim.hook","46","heuristic dimension","70"
"c=1eaba615b4a5","vs6x8VUGXCw","NEGATIVE_CONTROL","dim.curiosity","46","heuristic dimension","70"
"c=1eaba615b4a5","vs6x8VUGXCw","NEGATIVE_CONTROL","dim.emotion","89","heuristic dimension","70"
"c=1eaba615b4a5","vs6x8VUGXCw","NEGATIVE_CONTROL","dim.storytelling","84","heuristic dimension","70"
"c=1eaba615b4a5","vs6x8VUGXCw","NEGATIVE_CONTROL","dim.standalone","66","heuristic dimension","70"
"c=1eaba615b4a5","vs6x8VUGXCw","NEGATIVE_CONTROL","dim.shareability","48","heuristic dimension","70"
"c=1eaba615b4a5","vs6x8VUGXCw","NEGATIVE_CONTROL","dim.clarity","71","heuristic dimension","70"
"c=1eaba615b4a5","vs6x8VUGXCw","NEGATIVE_CONTROL","dim.controversy","30","heuristic dimension","70"
"c=1eaba615b4a5","vs6x8VUGXCw","NEGATIVE_CONTROL","dim.teachingValue","46","heuristic dimension","70"
"c=1eaba615b4a5","vs6x8VUGXCw","NEGATIVE_CONTROL","dim.entertainment","40","heuristic dimension","70"
"c=1eaba615b4a5","vs6x8VUGXCw","NEGATIVE_CONTROL","base_score","75.3","0.55*drivers + 0.45*gates","70"
"c=1eaba615b4a5","vs6x8VUGXCw","NEGATIVE_CONTROL","duration_multiplier","0.928","piecewise duration curve","70"
"c=424bf001b74d","vs6x8VUGXCw","NEGATIVE_CONTROL","dim.hook","0","heuristic dimension","66"
"c=424bf001b74d","vs6x8VUGXCw","NEGATIVE_CONTROL","dim.curiosity","46","heuristic dimension","66"
"c=424bf001b74d","vs6x8VUGXCw","NEGATIVE_CONTROL","dim.emotion","100","heuristic dimension","66"
"c=424bf001b74d","vs6x8VUGXCw","NEGATIVE_CONTROL","dim.storytelling","42","heuristic dimension","66"
"c=424bf001b74d","vs6x8VUGXCw","NEGATIVE_CONTROL","dim.standalone","62","heuristic dimension","66"
"c=424bf001b74d","vs6x8VUGXCw","NEGATIVE_CONTROL","dim.shareability","73","heuristic dimension","66"
"c=424bf001b74d","vs6x8VUGXCw","NEGATIVE_CONTROL","dim.clarity","52","heuristic dimension","66"
"c=424bf001b74d","vs6x8VUGXCw","NEGATIVE_CONTROL","dim.controversy","30","heuristic dimension","66"
"c=424bf001b74d","vs6x8VUGXCw","NEGATIVE_CONTROL","dim.teachingValue","46","heuristic dimension","66"
"c=424bf001b74d","vs6x8VUGXCw","NEGATIVE_CONTROL","dim.entertainment","40","heuristic dimension","66"
"c=424bf001b74d","vs6x8VUGXCw","NEGATIVE_CONTROL","base_score","65.8","0.55*drivers + 0.45*gates","66"
"c=424bf001b74d","vs6x8VUGXCw","NEGATIVE_CONTROL","duration_multiplier","1","piecewise duration curve","66"
"c=e5b10b9b261e","vs6x8VUGXCw","NEGATIVE_CONTROL","dim.hook","20","heuristic dimension","65"
"c=e5b10b9b261e","vs6x8VUGXCw","NEGATIVE_CONTROL","dim.curiosity","59","heuristic dimension","65"
"c=e5b10b9b261e","vs6x8VUGXCw","NEGATIVE_CONTROL","dim.emotion","62","heuristic dimension","65"
"c=e5b10b9b261e","vs6x8VUGXCw","NEGATIVE_CONTROL","dim.storytelling","92","heuristic dimension","65"
"c=e5b10b9b261e","vs6x8VUGXCw","NEGATIVE_CONTROL","dim.standalone","86","heuristic dimension","65"
"c=e5b10b9b261e","vs6x8VUGXCw","NEGATIVE_CONTROL","dim.shareability","54","heuristic dimension","65"
"c=e5b10b9b261e","vs6x8VUGXCw","NEGATIVE_CONTROL","dim.clarity","56","heuristic dimension","65"
"c=e5b10b9b261e","vs6x8VUGXCw","NEGATIVE_CONTROL","dim.controversy","30","heuristic dimension","65"
"c=e5b10b9b261e","vs6x8VUGXCw","NEGATIVE_CONTROL","dim.teachingValue","51","heuristic dimension","65"
"c=e5b10b9b261e","vs6x8VUGXCw","NEGATIVE_CONTROL","dim.entertainment","40","heuristic dimension","65"
"c=e5b10b9b261e","vs6x8VUGXCw","NEGATIVE_CONTROL","base_score","68.1","0.55*drivers + 0.45*gates","65"
"c=e5b10b9b261e","vs6x8VUGXCw","NEGATIVE_CONTROL","duration_multiplier","0.948","piecewise duration curve","65"
"c=64683ab0d92e","vs6x8VUGXCw","NEGATIVE_CONTROL","dim.hook","22","heuristic dimension","65"
"c=64683ab0d92e","vs6x8VUGXCw","NEGATIVE_CONTROL","dim.curiosity","63","heuristic dimension","65"
"c=64683ab0d92e","vs6x8VUGXCw","NEGATIVE_CONTROL","dim.emotion","97","heuristic dimension","65"
"c=64683ab0d92e","vs6x8VUGXCw","NEGATIVE_CONTROL","dim.storytelling","50","heuristic dimension","65"
"c=64683ab0d92e","vs6x8VUGXCw","NEGATIVE_CONTROL","dim.standalone","62","heuristic dimension","65"
"c=64683ab0d92e","vs6x8VUGXCw","NEGATIVE_CONTROL","dim.shareability","48","heuristic dimension","65"
"c=64683ab0d92e","vs6x8VUGXCw","NEGATIVE_CONTROL","dim.clarity","57","heuristic dimension","65"
"c=64683ab0d92e","vs6x8VUGXCw","NEGATIVE_CONTROL","dim.controversy","49","heuristic dimension","65"
"c=64683ab0d92e","vs6x8VUGXCw","NEGATIVE_CONTROL","dim.teachingValue","46","heuristic dimension","65"
"c=64683ab0d92e","vs6x8VUGXCw","NEGATIVE_CONTROL","dim.entertainment","40","heuristic dimension","65"
"c=64683ab0d92e","vs6x8VUGXCw","NEGATIVE_CONTROL","base_score","65.8","0.55*drivers + 0.45*gates","65"
"c=64683ab0d92e","vs6x8VUGXCw","NEGATIVE_CONTROL","duration_multiplier","0.993","piecewise duration curve","65"
"c=3b8a75600874","vs6x8VUGXCw","NEGATIVE_CONTROL","dim.hook","33","heuristic dimension","64"
"c=3b8a75600874","vs6x8VUGXCw","NEGATIVE_CONTROL","dim.curiosity","46","heuristic dimension","64"
"c=3b8a75600874","vs6x8VUGXCw","NEGATIVE_CONTROL","dim.emotion","87","heuristic dimension","64"
"c=3b8a75600874","vs6x8VUGXCw","NEGATIVE_CONTROL","dim.storytelling","68","heuristic dimension","64"
"c=3b8a75600874","vs6x8VUGXCw","NEGATIVE_CONTROL","dim.standalone","66","heuristic dimension","64"
"c=3b8a75600874","vs6x8VUGXCw","NEGATIVE_CONTROL","dim.shareability","48","heuristic dimension","64"
"c=3b8a75600874","vs6x8VUGXCw","NEGATIVE_CONTROL","dim.clarity","44","heuristic dimension","64"
"c=3b8a75600874","vs6x8VUGXCw","NEGATIVE_CONTROL","dim.controversy","30","heuristic dimension","64"
"c=3b8a75600874","vs6x8VUGXCw","NEGATIVE_CONTROL","dim.teachingValue","46","heuristic dimension","64"
"c=3b8a75600874","vs6x8VUGXCw","NEGATIVE_CONTROL","dim.entertainment","40","heuristic dimension","64"
"c=3b8a75600874","vs6x8VUGXCw","NEGATIVE_CONTROL","base_score","64.9","0.55*drivers + 0.45*gates","64"
"c=3b8a75600874","vs6x8VUGXCw","NEGATIVE_CONTROL","duration_multiplier","0.99","piecewise duration curve","64"
"c=e55fa678dc8b","vs6x8VUGXCw","NEGATIVE_CONTROL","dim.hook","25","heuristic dimension","68"
"c=e55fa678dc8b","vs6x8VUGXCw","NEGATIVE_CONTROL","dim.curiosity","46","heuristic dimension","68"
"c=e55fa678dc8b","vs6x8VUGXCw","NEGATIVE_CONTROL","dim.emotion","100","heuristic dimension","68"
"c=e55fa678dc8b","vs6x8VUGXCw","NEGATIVE_CONTROL","dim.storytelling","63","heuristic dimension","68"
"c=e55fa678dc8b","vs6x8VUGXCw","NEGATIVE_CONTROL","dim.standalone","66","heuristic dimension","68"
"c=e55fa678dc8b","vs6x8VUGXCw","NEGATIVE_CONTROL","dim.shareability","48","heuristic dimension","68"
"c=e55fa678dc8b","vs6x8VUGXCw","NEGATIVE_CONTROL","dim.clarity","65","heuristic dimension","68"
"c=e55fa678dc8b","vs6x8VUGXCw","NEGATIVE_CONTROL","dim.controversy","30","heuristic dimension","68"
"c=e55fa678dc8b","vs6x8VUGXCw","NEGATIVE_CONTROL","dim.teachingValue","46","heuristic dimension","68"
"c=e55fa678dc8b","vs6x8VUGXCw","NEGATIVE_CONTROL","dim.entertainment","40","heuristic dimension","68"
"c=e55fa678dc8b","vs6x8VUGXCw","NEGATIVE_CONTROL","base_score","68.9","0.55*drivers + 0.45*gates","68"
"c=e55fa678dc8b","vs6x8VUGXCw","NEGATIVE_CONTROL","duration_multiplier","0.994","piecewise duration curve","68"
"c=5a3dd2e0129b","vs6x8VUGXCw","NEGATIVE_CONTROL","dim.hook","22","heuristic dimension","63"
"c=5a3dd2e0129b","vs6x8VUGXCw","NEGATIVE_CONTROL","dim.curiosity","50","heuristic dimension","63"
"c=5a3dd2e0129b","vs6x8VUGXCw","NEGATIVE_CONTROL","dim.emotion","100","heuristic dimension","63"
"c=5a3dd2e0129b","vs6x8VUGXCw","NEGATIVE_CONTROL","dim.storytelling","59","heuristic dimension","63"
"c=5a3dd2e0129b","vs6x8VUGXCw","NEGATIVE_CONTROL","dim.standalone","42","heuristic dimension","63"
"c=5a3dd2e0129b","vs6x8VUGXCw","NEGATIVE_CONTROL","dim.shareability","48","heuristic dimension","63"
"c=5a3dd2e0129b","vs6x8VUGXCw","NEGATIVE_CONTROL","dim.clarity","68","heuristic dimension","63"
"c=5a3dd2e0129b","vs6x8VUGXCw","NEGATIVE_CONTROL","dim.controversy","30","heuristic dimension","63"
"c=5a3dd2e0129b","vs6x8VUGXCw","NEGATIVE_CONTROL","dim.teachingValue","46","heuristic dimension","63"
"c=5a3dd2e0129b","vs6x8VUGXCw","NEGATIVE_CONTROL","dim.entertainment","40","heuristic dimension","63"
"c=5a3dd2e0129b","vs6x8VUGXCw","NEGATIVE_CONTROL","base_score","63.4","0.55*drivers + 0.45*gates","63"
"c=5a3dd2e0129b","vs6x8VUGXCw","NEGATIVE_CONTROL","duration_multiplier","0.992","piecewise duration curve","63"
"c=cd9e9e1d6552","vs6x8VUGXCw","NEGATIVE_CONTROL","dim.hook","20","heuristic dimension","65"
"c=cd9e9e1d6552","vs6x8VUGXCw","NEGATIVE_CONTROL","dim.curiosity","46","heuristic dimension","65"
"c=cd9e9e1d6552","vs6x8VUGXCw","NEGATIVE_CONTROL","dim.emotion","90","heuristic dimension","65"
"c=cd9e9e1d6552","vs6x8VUGXCw","NEGATIVE_CONTROL","dim.storytelling","54","heuristic dimension","65"
"c=cd9e9e1d6552","vs6x8VUGXCw","NEGATIVE_CONTROL","dim.standalone","66","heuristic dimension","65"
"c=cd9e9e1d6552","vs6x8VUGXCw","NEGATIVE_CONTROL","dim.shareability","78","heuristic dimension","65"
"c=cd9e9e1d6552","vs6x8VUGXCw","NEGATIVE_CONTROL","dim.clarity","38","heuristic dimension","65"
"c=cd9e9e1d6552","vs6x8VUGXCw","NEGATIVE_CONTROL","dim.controversy","30","heuristic dimension","65"
"c=cd9e9e1d6552","vs6x8VUGXCw","NEGATIVE_CONTROL","dim.teachingValue","46","heuristic dimension","65"
"c=cd9e9e1d6552","vs6x8VUGXCw","NEGATIVE_CONTROL","dim.entertainment","40","heuristic dimension","65"
"c=cd9e9e1d6552","vs6x8VUGXCw","NEGATIVE_CONTROL","base_score","65.9","0.55*drivers + 0.45*gates","65"
"c=cd9e9e1d6552","vs6x8VUGXCw","NEGATIVE_CONTROL","duration_multiplier","0.992","piecewise duration curve","65"
"c=67d812a788aa","vs6x8VUGXCw","NEGATIVE_CONTROL","dim.hook","46","heuristic dimension","68"
"c=67d812a788aa","vs6x8VUGXCw","NEGATIVE_CONTROL","dim.curiosity","46","heuristic dimension","68"
"c=67d812a788aa","vs6x8VUGXCw","NEGATIVE_CONTROL","dim.emotion","63","heuristic dimension","68"
"c=67d812a788aa","vs6x8VUGXCw","NEGATIVE_CONTROL","dim.storytelling","71","heuristic dimension","68"
"c=67d812a788aa","vs6x8VUGXCw","NEGATIVE_CONTROL","dim.standalone","86","heuristic dimension","68"
"c=67d812a788aa","vs6x8VUGXCw","NEGATIVE_CONTROL","dim.shareability","48","heuristic dimension","68"
"c=67d812a788aa","vs6x8VUGXCw","NEGATIVE_CONTROL","dim.clarity","74","heuristic dimension","68"
"c=67d812a788aa","vs6x8VUGXCw","NEGATIVE_CONTROL","dim.controversy","30","heuristic dimension","68"
"c=67d812a788aa","vs6x8VUGXCw","NEGATIVE_CONTROL","dim.teachingValue","46","heuristic dimension","68"
"c=67d812a788aa","vs6x8VUGXCw","NEGATIVE_CONTROL","dim.entertainment","59","heuristic dimension","68"
"c=67d812a788aa","vs6x8VUGXCw","NEGATIVE_CONTROL","base_score","68.5","0.55*drivers + 0.45*gates","68"
"c=67d812a788aa","vs6x8VUGXCw","NEGATIVE_CONTROL","duration_multiplier","0.989","piecewise duration curve","68"
"c=462a889a5137","vs6x8VUGXCw","NEGATIVE_CONTROL","dim.hook","46","heuristic dimension","74"
"c=462a889a5137","vs6x8VUGXCw","NEGATIVE_CONTROL","dim.curiosity","46","heuristic dimension","74"
"c=462a889a5137","vs6x8VUGXCw","NEGATIVE_CONTROL","dim.emotion","91","heuristic dimension","74"
"c=462a889a5137","vs6x8VUGXCw","NEGATIVE_CONTROL","dim.storytelling","71","heuristic dimension","74"
"c=462a889a5137","vs6x8VUGXCw","NEGATIVE_CONTROL","dim.standalone","66","heuristic dimension","74"
"c=462a889a5137","vs6x8VUGXCw","NEGATIVE_CONTROL","dim.shareability","48","heuristic dimension","74"
"c=462a889a5137","vs6x8VUGXCw","NEGATIVE_CONTROL","dim.clarity","84","heuristic dimension","74"
"c=462a889a5137","vs6x8VUGXCw","NEGATIVE_CONTROL","dim.controversy","49","heuristic dimension","74"
"c=462a889a5137","vs6x8VUGXCw","NEGATIVE_CONTROL","dim.teachingValue","46","heuristic dimension","74"
"c=462a889a5137","vs6x8VUGXCw","NEGATIVE_CONTROL","dim.entertainment","40","heuristic dimension","74"
"c=462a889a5137","vs6x8VUGXCw","NEGATIVE_CONTROL","base_score","74","0.55*drivers + 0.45*gates","74"
"c=462a889a5137","vs6x8VUGXCw","NEGATIVE_CONTROL","duration_multiplier","0.998","piecewise duration curve","74"
"c=eec2dcd2190e","vs6x8VUGXCw","NEGATIVE_CONTROL","dim.hook","33","heuristic dimension","66"
"c=eec2dcd2190e","vs6x8VUGXCw","NEGATIVE_CONTROL","dim.curiosity","46","heuristic dimension","66"
"c=eec2dcd2190e","vs6x8VUGXCw","NEGATIVE_CONTROL","dim.emotion","76","heuristic dimension","66"
"c=eec2dcd2190e","vs6x8VUGXCw","NEGATIVE_CONTROL","dim.storytelling","46","heuristic dimension","66"
"c=eec2dcd2190e","vs6x8VUGXCw","NEGATIVE_CONTROL","dim.standalone","86","heuristic dimension","66"
"c=eec2dcd2190e","vs6x8VUGXCw","NEGATIVE_CONTROL","dim.shareability","54","heuristic dimension","66"
"c=eec2dcd2190e","vs6x8VUGXCw","NEGATIVE_CONTROL","dim.clarity","77","heuristic dimension","66"
"c=eec2dcd2190e","vs6x8VUGXCw","NEGATIVE_CONTROL","dim.controversy","30","heuristic dimension","66"
"c=eec2dcd2190e","vs6x8VUGXCw","NEGATIVE_CONTROL","dim.teachingValue","46","heuristic dimension","66"
"c=eec2dcd2190e","vs6x8VUGXCw","NEGATIVE_CONTROL","dim.entertainment","40","heuristic dimension","66"
"c=eec2dcd2190e","vs6x8VUGXCw","NEGATIVE_CONTROL","base_score","66.1","0.55*drivers + 0.45*gates","66"
"c=eec2dcd2190e","vs6x8VUGXCw","NEGATIVE_CONTROL","duration_multiplier","0.995","piecewise duration curve","66"
"c=e8b3fe5ed20d","vs6x8VUGXCw","NEGATIVE_CONTROL","dim.hook","46","heuristic dimension","64"
"c=e8b3fe5ed20d","vs6x8VUGXCw","NEGATIVE_CONTROL","dim.curiosity","68","heuristic dimension","64"
"c=e8b3fe5ed20d","vs6x8VUGXCw","NEGATIVE_CONTROL","dim.emotion","54","heuristic dimension","64"
"c=e8b3fe5ed20d","vs6x8VUGXCw","NEGATIVE_CONTROL","dim.storytelling","46","heuristic dimension","64"
"c=e8b3fe5ed20d","vs6x8VUGXCw","NEGATIVE_CONTROL","dim.standalone","70","heuristic dimension","64"
"c=e8b3fe5ed20d","vs6x8VUGXCw","NEGATIVE_CONTROL","dim.shareability","48","heuristic dimension","64"
"c=e8b3fe5ed20d","vs6x8VUGXCw","NEGATIVE_CONTROL","dim.clarity","84","heuristic dimension","64"
"c=e8b3fe5ed20d","vs6x8VUGXCw","NEGATIVE_CONTROL","dim.controversy","49","heuristic dimension","64"
"c=e8b3fe5ed20d","vs6x8VUGXCw","NEGATIVE_CONTROL","dim.teachingValue","46","heuristic dimension","64"
"c=e8b3fe5ed20d","vs6x8VUGXCw","NEGATIVE_CONTROL","dim.entertainment","40","heuristic dimension","64"
"c=e8b3fe5ed20d","vs6x8VUGXCw","NEGATIVE_CONTROL","base_score","63.7","0.55*drivers + 0.45*gates","64"
"c=e8b3fe5ed20d","vs6x8VUGXCw","NEGATIVE_CONTROL","duration_multiplier","1","piecewise duration curve","64"
"c=53cad791d9b6","vs6x8VUGXCw","NEGATIVE_CONTROL","dim.hook","33","heuristic dimension","73"
"c=53cad791d9b6","vs6x8VUGXCw","NEGATIVE_CONTROL","dim.curiosity","68","heuristic dimension","73"
"c=53cad791d9b6","vs6x8VUGXCw","NEGATIVE_CONTROL","dim.emotion","100","heuristic dimension","73"
"c=53cad791d9b6","vs6x8VUGXCw","NEGATIVE_CONTROL","dim.storytelling","71","heuristic dimension","73"
"c=53cad791d9b6","vs6x8VUGXCw","NEGATIVE_CONTROL","dim.standalone","70","heuristic dimension","73"
"c=53cad791d9b6","vs6x8VUGXCw","NEGATIVE_CONTROL","dim.shareability","48","heuristic dimension","73"
"c=53cad791d9b6","vs6x8VUGXCw","NEGATIVE_CONTROL","dim.clarity","66","heuristic dimension","73"
"c=53cad791d9b6","vs6x8VUGXCw","NEGATIVE_CONTROL","dim.controversy","30","heuristic dimension","73"
"c=53cad791d9b6","vs6x8VUGXCw","NEGATIVE_CONTROL","dim.teachingValue","46","heuristic dimension","73"
"c=53cad791d9b6","vs6x8VUGXCw","NEGATIVE_CONTROL","dim.entertainment","40","heuristic dimension","73"
"c=53cad791d9b6","vs6x8VUGXCw","NEGATIVE_CONTROL","base_score","73","0.55*drivers + 0.45*gates","73"
"c=53cad791d9b6","vs6x8VUGXCw","NEGATIVE_CONTROL","duration_multiplier","1","piecewise duration curve","73"
"c=38b3ff060d19","vs6x8VUGXCw","NEGATIVE_CONTROL","dim.hook","46","heuristic dimension","66"
"c=38b3ff060d19","vs6x8VUGXCw","NEGATIVE_CONTROL","dim.curiosity","46","heuristic dimension","66"
"c=38b3ff060d19","vs6x8VUGXCw","NEGATIVE_CONTROL","dim.emotion","62","heuristic dimension","66"
"c=38b3ff060d19","vs6x8VUGXCw","NEGATIVE_CONTROL","dim.storytelling","84","heuristic dimension","66"
"c=38b3ff060d19","vs6x8VUGXCw","NEGATIVE_CONTROL","dim.standalone","74","heuristic dimension","66"
"c=38b3ff060d19","vs6x8VUGXCw","NEGATIVE_CONTROL","dim.shareability","54","heuristic dimension","66"
"c=38b3ff060d19","vs6x8VUGXCw","NEGATIVE_CONTROL","dim.clarity","70","heuristic dimension","66"
"c=38b3ff060d19","vs6x8VUGXCw","NEGATIVE_CONTROL","dim.controversy","30","heuristic dimension","66"
"c=38b3ff060d19","vs6x8VUGXCw","NEGATIVE_CONTROL","dim.teachingValue","46","heuristic dimension","66"
"c=38b3ff060d19","vs6x8VUGXCw","NEGATIVE_CONTROL","dim.entertainment","59","heuristic dimension","66"
"c=38b3ff060d19","vs6x8VUGXCw","NEGATIVE_CONTROL","base_score","69.1","0.55*drivers + 0.45*gates","66"
"c=38b3ff060d19","vs6x8VUGXCw","NEGATIVE_CONTROL","duration_multiplier","0.955","piecewise duration curve","66"
"c=0ef2270deef0","vs6x8VUGXCw","NEGATIVE_CONTROL","dim.hook","9","heuristic dimension","61"
"c=0ef2270deef0","vs6x8VUGXCw","NEGATIVE_CONTROL","dim.curiosity","59","heuristic dimension","61"
"c=0ef2270deef0","vs6x8VUGXCw","NEGATIVE_CONTROL","dim.emotion","75","heuristic dimension","61"
"c=0ef2270deef0","vs6x8VUGXCw","NEGATIVE_CONTROL","dim.storytelling","84","heuristic dimension","61"
"c=0ef2270deef0","vs6x8VUGXCw","NEGATIVE_CONTROL","dim.standalone","42","heuristic dimension","61"
"c=0ef2270deef0","vs6x8VUGXCw","NEGATIVE_CONTROL","dim.shareability","54","heuristic dimension","61"
"c=0ef2270deef0","vs6x8VUGXCw","NEGATIVE_CONTROL","dim.clarity","70","heuristic dimension","61"
"c=0ef2270deef0","vs6x8VUGXCw","NEGATIVE_CONTROL","dim.controversy","30","heuristic dimension","61"
"c=0ef2270deef0","vs6x8VUGXCw","NEGATIVE_CONTROL","dim.teachingValue","46","heuristic dimension","61"
"c=0ef2270deef0","vs6x8VUGXCw","NEGATIVE_CONTROL","dim.entertainment","40","heuristic dimension","61"
"c=0ef2270deef0","vs6x8VUGXCw","NEGATIVE_CONTROL","base_score","62","0.55*drivers + 0.45*gates","61"
"c=0ef2270deef0","vs6x8VUGXCw","NEGATIVE_CONTROL","duration_multiplier","0.983","piecewise duration curve","61"
"c=09b4cdf9d432","vs6x8VUGXCw","NEGATIVE_CONTROL","dim.hook","33","heuristic dimension","57"
"c=09b4cdf9d432","vs6x8VUGXCw","NEGATIVE_CONTROL","dim.curiosity","46","heuristic dimension","57"
"c=09b4cdf9d432","vs6x8VUGXCw","NEGATIVE_CONTROL","dim.emotion","54","heuristic dimension","57"
"c=09b4cdf9d432","vs6x8VUGXCw","NEGATIVE_CONTROL","dim.storytelling","63","heuristic dimension","57"
"c=09b4cdf9d432","vs6x8VUGXCw","NEGATIVE_CONTROL","dim.standalone","66","heuristic dimension","57"
"c=09b4cdf9d432","vs6x8VUGXCw","NEGATIVE_CONTROL","dim.shareability","48","heuristic dimension","57"
"c=09b4cdf9d432","vs6x8VUGXCw","NEGATIVE_CONTROL","dim.clarity","63","heuristic dimension","57"
"c=09b4cdf9d432","vs6x8VUGXCw","NEGATIVE_CONTROL","dim.controversy","30","heuristic dimension","57"
"c=09b4cdf9d432","vs6x8VUGXCw","NEGATIVE_CONTROL","dim.teachingValue","46","heuristic dimension","57"
"c=09b4cdf9d432","vs6x8VUGXCw","NEGATIVE_CONTROL","dim.entertainment","40","heuristic dimension","57"
"c=09b4cdf9d432","vs6x8VUGXCw","NEGATIVE_CONTROL","base_score","57","0.55*drivers + 0.45*gates","57"
"c=09b4cdf9d432","vs6x8VUGXCw","NEGATIVE_CONTROL","duration_multiplier","0.992","piecewise duration curve","57"
"c=3a5bb006e3f4","vs6x8VUGXCw","NEGATIVE_CONTROL","dim.hook","22","heuristic dimension","60"
"c=3a5bb006e3f4","vs6x8VUGXCw","NEGATIVE_CONTROL","dim.curiosity","50","heuristic dimension","60"
"c=3a5bb006e3f4","vs6x8VUGXCw","NEGATIVE_CONTROL","dim.emotion","85","heuristic dimension","60"
"c=3a5bb006e3f4","vs6x8VUGXCw","NEGATIVE_CONTROL","dim.storytelling","50","heuristic dimension","60"
"c=3a5bb006e3f4","vs6x8VUGXCw","NEGATIVE_CONTROL","dim.standalone","62","heuristic dimension","60"
"c=3a5bb006e3f4","vs6x8VUGXCw","NEGATIVE_CONTROL","dim.shareability","48","heuristic dimension","60"
"c=3a5bb006e3f4","vs6x8VUGXCw","NEGATIVE_CONTROL","dim.clarity","84","heuristic dimension","60"
"c=3a5bb006e3f4","vs6x8VUGXCw","NEGATIVE_CONTROL","dim.controversy","49","heuristic dimension","60"
"c=3a5bb006e3f4","vs6x8VUGXCw","NEGATIVE_CONTROL","dim.teachingValue","46","heuristic dimension","60"
"c=3a5bb006e3f4","vs6x8VUGXCw","NEGATIVE_CONTROL","dim.entertainment","40","heuristic dimension","60"
"c=3a5bb006e3f4","vs6x8VUGXCw","NEGATIVE_CONTROL","base_score","62.6","0.55*drivers + 0.45*gates","60"
"c=3a5bb006e3f4","vs6x8VUGXCw","NEGATIVE_CONTROL","duration_multiplier","0.963","piecewise duration curve","60"
"c=da12fead9624","vs6x8VUGXCw","NEGATIVE_CONTROL","dim.hook","20","heuristic dimension","60"
"c=da12fead9624","vs6x8VUGXCw","NEGATIVE_CONTROL","dim.curiosity","50","heuristic dimension","60"
"c=da12fead9624","vs6x8VUGXCw","NEGATIVE_CONTROL","dim.emotion","72","heuristic dimension","60"
"c=da12fead9624","vs6x8VUGXCw","NEGATIVE_CONTROL","dim.storytelling","75","heuristic dimension","60"
"c=da12fead9624","vs6x8VUGXCw","NEGATIVE_CONTROL","dim.standalone","66","heuristic dimension","60"
"c=da12fead9624","vs6x8VUGXCw","NEGATIVE_CONTROL","dim.shareability","54","heuristic dimension","60"
"c=da12fead9624","vs6x8VUGXCw","NEGATIVE_CONTROL","dim.clarity","51","heuristic dimension","60"
"c=da12fead9624","vs6x8VUGXCw","NEGATIVE_CONTROL","dim.controversy","30","heuristic dimension","60"
"c=da12fead9624","vs6x8VUGXCw","NEGATIVE_CONTROL","dim.teachingValue","51","heuristic dimension","60"
"c=da12fead9624","vs6x8VUGXCw","NEGATIVE_CONTROL","dim.entertainment","40","heuristic dimension","60"
"c=da12fead9624","vs6x8VUGXCw","NEGATIVE_CONTROL","base_score","61.9","0.55*drivers + 0.45*gates","60"
"c=da12fead9624","vs6x8VUGXCw","NEGATIVE_CONTROL","duration_multiplier","0.971","piecewise duration curve","60"
"c=ab244e1f7fb9","vs6x8VUGXCw","NEGATIVE_CONTROL","dim.hook","20","heuristic dimension","56"
"c=ab244e1f7fb9","vs6x8VUGXCw","NEGATIVE_CONTROL","dim.curiosity","50","heuristic dimension","56"
"c=ab244e1f7fb9","vs6x8VUGXCw","NEGATIVE_CONTROL","dim.emotion","57","heuristic dimension","56"
"c=ab244e1f7fb9","vs6x8VUGXCw","NEGATIVE_CONTROL","dim.storytelling","46","heuristic dimension","56"
"c=ab244e1f7fb9","vs6x8VUGXCw","NEGATIVE_CONTROL","dim.standalone","66","heuristic dimension","56"
"c=ab244e1f7fb9","vs6x8VUGXCw","NEGATIVE_CONTROL","dim.shareability","48","heuristic dimension","56"
"c=ab244e1f7fb9","vs6x8VUGXCw","NEGATIVE_CONTROL","dim.clarity","64","heuristic dimension","56"
"c=ab244e1f7fb9","vs6x8VUGXCw","NEGATIVE_CONTROL","dim.controversy","30","heuristic dimension","56"
"c=ab244e1f7fb9","vs6x8VUGXCw","NEGATIVE_CONTROL","dim.teachingValue","61","heuristic dimension","56"
"c=ab244e1f7fb9","vs6x8VUGXCw","NEGATIVE_CONTROL","dim.entertainment","40","heuristic dimension","56"
"c=ab244e1f7fb9","vs6x8VUGXCw","NEGATIVE_CONTROL","base_score","55.7","0.55*drivers + 0.45*gates","56"
"c=ab244e1f7fb9","vs6x8VUGXCw","NEGATIVE_CONTROL","duration_multiplier","0.998","piecewise duration curve","56"
"c=8fb5d1aacb96","vs6x8VUGXCw","NEGATIVE_CONTROL","dim.hook","46","heuristic dimension","65"
"c=8fb5d1aacb96","vs6x8VUGXCw","NEGATIVE_CONTROL","dim.curiosity","63","heuristic dimension","65"
"c=8fb5d1aacb96","vs6x8VUGXCw","NEGATIVE_CONTROL","dim.emotion","76","heuristic dimension","65"
"c=8fb5d1aacb96","vs6x8VUGXCw","NEGATIVE_CONTROL","dim.storytelling","58","heuristic dimension","65"
"c=8fb5d1aacb96","vs6x8VUGXCw","NEGATIVE_CONTROL","dim.standalone","70","heuristic dimension","65"
"c=8fb5d1aacb96","vs6x8VUGXCw","NEGATIVE_CONTROL","dim.shareability","48","heuristic dimension","65"
"c=8fb5d1aacb96","vs6x8VUGXCw","NEGATIVE_CONTROL","dim.clarity","70","heuristic dimension","65"
"c=8fb5d1aacb96","vs6x8VUGXCw","NEGATIVE_CONTROL","dim.controversy","30","heuristic dimension","65"
"c=8fb5d1aacb96","vs6x8VUGXCw","NEGATIVE_CONTROL","dim.teachingValue","46","heuristic dimension","65"
"c=8fb5d1aacb96","vs6x8VUGXCw","NEGATIVE_CONTROL","dim.entertainment","40","heuristic dimension","65"
"c=8fb5d1aacb96","vs6x8VUGXCw","NEGATIVE_CONTROL","base_score","66.5","0.55*drivers + 0.45*gates","65"
"c=8fb5d1aacb96","vs6x8VUGXCw","NEGATIVE_CONTROL","duration_multiplier","0.977","piecewise duration curve","65"
"c=c800e4d5a1ea","vs6x8VUGXCw","NEGATIVE_CONTROL","dim.hook","33","heuristic dimension","63"
"c=c800e4d5a1ea","vs6x8VUGXCw","NEGATIVE_CONTROL","dim.curiosity","63","heuristic dimension","63"
"c=c800e4d5a1ea","vs6x8VUGXCw","NEGATIVE_CONTROL","dim.emotion","74","heuristic dimension","63"
"c=c800e4d5a1ea","vs6x8VUGXCw","NEGATIVE_CONTROL","dim.storytelling","54","heuristic dimension","63"
"c=c800e4d5a1ea","vs6x8VUGXCw","NEGATIVE_CONTROL","dim.standalone","70","heuristic dimension","63"
"c=c800e4d5a1ea","vs6x8VUGXCw","NEGATIVE_CONTROL","dim.shareability","48","heuristic dimension","63"
"c=c800e4d5a1ea","vs6x8VUGXCw","NEGATIVE_CONTROL","dim.clarity","66","heuristic dimension","63"
"c=c800e4d5a1ea","vs6x8VUGXCw","NEGATIVE_CONTROL","dim.controversy","30","heuristic dimension","63"
"c=c800e4d5a1ea","vs6x8VUGXCw","NEGATIVE_CONTROL","dim.teachingValue","46","heuristic dimension","63"
"c=c800e4d5a1ea","vs6x8VUGXCw","NEGATIVE_CONTROL","dim.entertainment","40","heuristic dimension","63"
"c=c800e4d5a1ea","vs6x8VUGXCw","NEGATIVE_CONTROL","base_score","63.6","0.55*drivers + 0.45*gates","63"
"c=c800e4d5a1ea","vs6x8VUGXCw","NEGATIVE_CONTROL","duration_multiplier","0.995","piecewise duration curve","63"
